ISO-10303-21;
HEADER;
FILE_DESCRIPTION((''),'2;1');
FILE_NAME('CDNS08-T_SERIES','2012-07-19T',('ryans'),('Bourns, Inc.'),
'PRO/ENGINEER BY PARAMETRIC TECHNOLOGY CORPORATION, 2010100',
'PRO/ENGINEER BY PARAMETRIC TECHNOLOGY CORPORATION, 2010100','');
FILE_SCHEMA(('CONFIG_CONTROL_DESIGN'));
ENDSEC;
DATA;
#1=DIRECTION('',(-7.071067811865E-1,-7.071067811865E-1,0.E0));
#2=VECTOR('',#1,5.303300858899E-1);
#3=CARTESIAN_POINT('',(-1.575E0,7.75E-1,-2.45E0));
#4=LINE('',#3,#2);
#5=DIRECTION('',(0.E0,-1.E0,0.E0));
#6=VECTOR('',#5,6.513131176524E-1);
#7=CARTESIAN_POINT('',(-1.95E0,4.E-1,-2.45E0));
#8=LINE('',#7,#6);
#9=DIRECTION('',(1.881667371891E-1,-9.821370978716E-1,0.E0));
#10=VECTOR('',#9,5.332115887716E-1);
#11=CARTESIAN_POINT('',(-1.95E0,-2.513131176524E-1,-2.45E0));
#12=LINE('',#11,#10);
#13=DIRECTION('',(1.E0,0.E0,0.E0));
#14=VECTOR('',#13,3.799667315109E0);
#15=CARTESIAN_POINT('',(-1.849667315109E0,-7.75E-1,-2.45E0));
#16=LINE('',#15,#14);
#17=DIRECTION('',(0.E0,1.E0,0.E0));
#18=VECTOR('',#17,1.55E0);
#19=CARTESIAN_POINT('',(1.95E0,-7.75E-1,-2.45E0));
#20=LINE('',#19,#18);
#21=DIRECTION('',(-1.E0,0.E0,0.E0));
#22=VECTOR('',#21,3.525E0);
#23=CARTESIAN_POINT('',(1.95E0,7.75E-1,-2.45E0));
#24=LINE('',#23,#22);
#25=DIRECTION('',(0.E0,0.E0,1.E0));
#26=VECTOR('',#25,4.9E0);
#27=CARTESIAN_POINT('',(-1.575E0,7.75E-1,-2.45E0));
#28=LINE('',#27,#26);
#29=DIRECTION('',(0.E0,0.E0,1.E0));
#30=VECTOR('',#29,4.9E0);
#31=CARTESIAN_POINT('',(1.95E0,7.75E-1,-2.45E0));
#32=LINE('',#31,#30);
#33=DIRECTION('',(0.E0,0.E0,1.E0));
#34=VECTOR('',#33,4.9E0);
#35=CARTESIAN_POINT('',(1.95E0,-7.75E-1,-2.45E0));
#36=LINE('',#35,#34);
#37=DIRECTION('',(0.E0,1.E0,0.E0));
#38=VECTOR('',#37,1.600325406784E-1);
#39=CARTESIAN_POINT('',(1.95E0,5.496745932157E-2,4.3E-1));
#40=LINE('',#39,#38);
#41=DIRECTION('',(0.E0,0.E0,1.E0));
#42=VECTOR('',#41,4.1E-1);
#43=CARTESIAN_POINT('',(1.95E0,2.15E-1,4.3E-1));
#44=LINE('',#43,#42);
#45=DIRECTION('',(0.E0,1.E0,0.E0));
#46=VECTOR('',#45,1.600325406784E-1);
#47=CARTESIAN_POINT('',(1.95E0,5.496745932157E-2,8.4E-1));
#48=LINE('',#47,#46);
#49=DIRECTION('',(0.E0,0.E0,1.E0));
#50=VECTOR('',#49,4.1E-1);
#51=CARTESIAN_POINT('',(1.95E0,5.496745932157E-2,4.3E-1));
#52=LINE('',#51,#50);
#53=DIRECTION('',(0.E0,1.E0,0.E0));
#54=VECTOR('',#53,1.600325406784E-1);
#55=CARTESIAN_POINT('',(1.95E0,5.496745932157E-2,-8.4E-1));
#56=LINE('',#55,#54);
#57=DIRECTION('',(0.E0,0.E0,1.E0));
#58=VECTOR('',#57,4.1E-1);
#59=CARTESIAN_POINT('',(1.95E0,2.15E-1,-8.4E-1));
#60=LINE('',#59,#58);
#61=DIRECTION('',(0.E0,1.E0,0.E0));
#62=VECTOR('',#61,1.600325406784E-1);
#63=CARTESIAN_POINT('',(1.95E0,5.496745932157E-2,-4.3E-1));
#64=LINE('',#63,#62);
#65=DIRECTION('',(0.E0,0.E0,1.E0));
#66=VECTOR('',#65,4.1E-1);
#67=CARTESIAN_POINT('',(1.95E0,5.496745932157E-2,-8.4E-1));
#68=LINE('',#67,#66);
#69=DIRECTION('',(0.E0,1.E0,0.E0));
#70=VECTOR('',#69,1.600325406784E-1);
#71=CARTESIAN_POINT('',(1.95E0,5.496745932157E-2,1.7E0));
#72=LINE('',#71,#70);
#73=DIRECTION('',(0.E0,0.E0,1.E0));
#74=VECTOR('',#73,4.1E-1);
#75=CARTESIAN_POINT('',(1.95E0,2.15E-1,1.7E0));
#76=LINE('',#75,#74);
#77=DIRECTION('',(0.E0,1.E0,0.E0));
#78=VECTOR('',#77,1.600325406784E-1);
#79=CARTESIAN_POINT('',(1.95E0,5.496745932157E-2,2.11E0));
#80=LINE('',#79,#78);
#81=DIRECTION('',(0.E0,0.E0,1.E0));
#82=VECTOR('',#81,4.1E-1);
#83=CARTESIAN_POINT('',(1.95E0,5.496745932157E-2,1.7E0));
#84=LINE('',#83,#82);
#85=DIRECTION('',(0.E0,1.E0,0.E0));
#86=VECTOR('',#85,1.600325406784E-1);
#87=CARTESIAN_POINT('',(1.95E0,5.496745932157E-2,-2.11E0));
#88=LINE('',#87,#86);
#89=DIRECTION('',(0.E0,0.E0,1.E0));
#90=VECTOR('',#89,4.1E-1);
#91=CARTESIAN_POINT('',(1.95E0,2.15E-1,-2.11E0));
#92=LINE('',#91,#90);
#93=DIRECTION('',(0.E0,1.E0,0.E0));
#94=VECTOR('',#93,1.600325406784E-1);
#95=CARTESIAN_POINT('',(1.95E0,5.496745932157E-2,-1.7E0));
#96=LINE('',#95,#94);
#97=DIRECTION('',(0.E0,0.E0,1.E0));
#98=VECTOR('',#97,4.1E-1);
#99=CARTESIAN_POINT('',(1.95E0,5.496745932157E-2,-2.11E0));
#100=LINE('',#99,#98);
#101=DIRECTION('',(0.E0,0.E0,1.E0));
#102=VECTOR('',#101,4.9E0);
#103=CARTESIAN_POINT('',(-1.849667315109E0,-7.75E-1,-2.45E0));
#104=LINE('',#103,#102);
#105=DIRECTION('',(0.E0,0.E0,1.E0));
#106=VECTOR('',#105,4.9E0);
#107=CARTESIAN_POINT('',(-1.95E0,-2.513131176524E-1,-2.45E0));
#108=LINE('',#107,#106);
#109=DIRECTION('',(0.E0,0.E0,1.E0));
#110=VECTOR('',#109,4.9E0);
#111=CARTESIAN_POINT('',(-1.95E0,4.E-1,-2.45E0));
#112=LINE('',#111,#110);
#113=DIRECTION('',(0.E0,1.E0,0.E0));
#114=VECTOR('',#113,1.600325406784E-1);
#115=CARTESIAN_POINT('',(-1.95E0,5.496745932157E-2,4.3E-1));
#116=LINE('',#115,#114);
#117=DIRECTION('',(0.E0,0.E0,1.E0));
#118=VECTOR('',#117,4.1E-1);
#119=CARTESIAN_POINT('',(-1.95E0,5.496745932157E-2,4.3E-1));
#120=LINE('',#119,#118);
#121=DIRECTION('',(0.E0,1.E0,0.E0));
#122=VECTOR('',#121,1.600325406784E-1);
#123=CARTESIAN_POINT('',(-1.95E0,5.496745932157E-2,8.4E-1));
#124=LINE('',#123,#122);
#125=DIRECTION('',(0.E0,0.E0,1.E0));
#126=VECTOR('',#125,4.1E-1);
#127=CARTESIAN_POINT('',(-1.95E0,2.15E-1,4.3E-1));
#128=LINE('',#127,#126);
#129=DIRECTION('',(0.E0,1.E0,0.E0));
#130=VECTOR('',#129,1.600325406784E-1);
#131=CARTESIAN_POINT('',(-1.95E0,5.496745932157E-2,-8.4E-1));
#132=LINE('',#131,#130);
#133=DIRECTION('',(0.E0,0.E0,1.E0));
#134=VECTOR('',#133,4.1E-1);
#135=CARTESIAN_POINT('',(-1.95E0,5.496745932157E-2,-8.4E-1));
#136=LINE('',#135,#134);
#137=DIRECTION('',(0.E0,1.E0,0.E0));
#138=VECTOR('',#137,1.600325406784E-1);
#139=CARTESIAN_POINT('',(-1.95E0,5.496745932157E-2,-4.3E-1));
#140=LINE('',#139,#138);
#141=DIRECTION('',(0.E0,0.E0,1.E0));
#142=VECTOR('',#141,4.1E-1);
#143=CARTESIAN_POINT('',(-1.95E0,2.15E-1,-8.4E-1));
#144=LINE('',#143,#142);
#145=DIRECTION('',(0.E0,1.E0,0.E0));
#146=VECTOR('',#145,1.600325406784E-1);
#147=CARTESIAN_POINT('',(-1.95E0,5.496745932157E-2,1.7E0));
#148=LINE('',#147,#146);
#149=DIRECTION('',(0.E0,0.E0,1.E0));
#150=VECTOR('',#149,4.1E-1);
#151=CARTESIAN_POINT('',(-1.95E0,5.496745932157E-2,1.7E0));
#152=LINE('',#151,#150);
#153=DIRECTION('',(0.E0,1.E0,0.E0));
#154=VECTOR('',#153,1.600325406784E-1);
#155=CARTESIAN_POINT('',(-1.95E0,5.496745932157E-2,2.11E0));
#156=LINE('',#155,#154);
#157=DIRECTION('',(0.E0,0.E0,1.E0));
#158=VECTOR('',#157,4.1E-1);
#159=CARTESIAN_POINT('',(-1.95E0,2.15E-1,1.7E0));
#160=LINE('',#159,#158);
#161=DIRECTION('',(0.E0,1.E0,0.E0));
#162=VECTOR('',#161,1.600325406784E-1);
#163=CARTESIAN_POINT('',(-1.95E0,5.496745932157E-2,-2.11E0));
#164=LINE('',#163,#162);
#165=DIRECTION('',(0.E0,0.E0,1.E0));
#166=VECTOR('',#165,4.1E-1);
#167=CARTESIAN_POINT('',(-1.95E0,5.496745932157E-2,-2.11E0));
#168=LINE('',#167,#166);
#169=DIRECTION('',(0.E0,1.E0,0.E0));
#170=VECTOR('',#169,1.600325406784E-1);
#171=CARTESIAN_POINT('',(-1.95E0,5.496745932157E-2,-1.7E0));
#172=LINE('',#171,#170);
#173=DIRECTION('',(0.E0,0.E0,1.E0));
#174=VECTOR('',#173,4.1E-1);
#175=CARTESIAN_POINT('',(-1.95E0,2.15E-1,-2.11E0));
#176=LINE('',#175,#174);
#177=DIRECTION('',(-7.071067811865E-1,-7.071067811865E-1,0.E0));
#178=VECTOR('',#177,5.303300858899E-1);
#179=CARTESIAN_POINT('',(-1.575E0,7.75E-1,2.45E0));
#180=LINE('',#179,#178);
#181=DIRECTION('',(-1.E0,0.E0,0.E0));
#182=VECTOR('',#181,3.525E0);
#183=CARTESIAN_POINT('',(1.95E0,7.75E-1,2.45E0));
#184=LINE('',#183,#182);
#185=DIRECTION('',(0.E0,1.E0,0.E0));
#186=VECTOR('',#185,1.55E0);
#187=CARTESIAN_POINT('',(1.95E0,-7.75E-1,2.45E0));
#188=LINE('',#187,#186);
#189=DIRECTION('',(1.E0,0.E0,0.E0));
#190=VECTOR('',#189,3.799667315109E0);
#191=CARTESIAN_POINT('',(-1.849667315109E0,-7.75E-1,2.45E0));
#192=LINE('',#191,#190);
#193=DIRECTION('',(1.881667371891E-1,-9.821370978716E-1,0.E0));
#194=VECTOR('',#193,5.332115887716E-1);
#195=CARTESIAN_POINT('',(-1.95E0,-2.513131176524E-1,2.45E0));
#196=LINE('',#195,#194);
#197=DIRECTION('',(0.E0,-1.E0,0.E0));
#198=VECTOR('',#197,6.513131176524E-1);
#199=CARTESIAN_POINT('',(-1.95E0,4.E-1,2.45E0));
#200=LINE('',#199,#198);
#201=DIRECTION('',(0.E0,1.E0,0.E0));
#202=VECTOR('',#201,6.049674593216E-1);
#203=CARTESIAN_POINT('',(-2.175E0,-6.5E-1,4.3E-1));
#204=LINE('',#203,#202);
#205=DIRECTION('',(1.E0,0.E0,0.E0));
#206=VECTOR('',#205,1.25E-1);
#207=CARTESIAN_POINT('',(-2.075E0,5.496745932157E-2,4.3E-1));
#208=LINE('',#207,#206);
#209=DIRECTION('',(-1.E0,0.E0,0.E0));
#210=VECTOR('',#209,1.4E-1);
#211=CARTESIAN_POINT('',(-1.95E0,2.15E-1,4.3E-1));
#212=LINE('',#211,#210);
#213=CARTESIAN_POINT('',(-2.09E0,-8.5E-2,4.3E-1));
#214=DIRECTION('',(0.E0,0.E0,-1.E0));
#215=DIRECTION('',(-1.E0,0.E0,0.E0));
#216=AXIS2_PLACEMENT_3D('',#213,#214,#215);
#218=DIRECTION('',(0.E0,-1.E0,0.E0));
#219=VECTOR('',#218,5.5E-1);
#220=CARTESIAN_POINT('',(-2.39E0,-8.5E-2,4.3E-1));
#221=LINE('',#220,#219);
#222=DIRECTION('',(-1.E0,0.E0,0.E0));
#223=VECTOR('',#222,5.1E-1);
#224=CARTESIAN_POINT('',(-2.49E0,-7.35E-1,4.3E-1));
#225=LINE('',#224,#223);
#226=DIRECTION('',(0.E0,-1.E0,0.E0));
#227=VECTOR('',#226,2.15E-1);
#228=CARTESIAN_POINT('',(-3.E0,-7.35E-1,4.3E-1));
#229=LINE('',#228,#227);
#230=DIRECTION('',(1.E0,0.E0,0.E0));
#231=VECTOR('',#230,5.25E-1);
#232=CARTESIAN_POINT('',(-3.E0,-9.5E-1,4.3E-1));
#233=LINE('',#232,#231);
#234=CARTESIAN_POINT('',(-2.475E0,-6.5E-1,4.3E-1));
#235=DIRECTION('',(0.E0,0.E0,-1.E0));
#236=DIRECTION('',(1.E0,0.E0,0.E0));
#237=AXIS2_PLACEMENT_3D('',#234,#235,#236);
#239=DIRECTION('',(1.E0,0.E0,0.E0));
#240=VECTOR('',#239,1.25E-1);
#241=CARTESIAN_POINT('',(1.95E0,5.496745932157E-2,4.3E-1));
#242=LINE('',#241,#240);
#243=CARTESIAN_POINT('',(2.475E0,-6.5E-1,4.3E-1));
#244=DIRECTION('',(0.E0,0.E0,-1.E0));
#245=DIRECTION('',(0.E0,-1.E0,0.E0));
#246=AXIS2_PLACEMENT_3D('',#243,#244,#245);
#248=DIRECTION('',(1.E0,0.E0,0.E0));
#249=VECTOR('',#248,5.25E-1);
#250=CARTESIAN_POINT('',(2.475E0,-9.5E-1,4.3E-1));
#251=LINE('',#250,#249);
#252=DIRECTION('',(0.E0,1.E0,0.E0));
#253=VECTOR('',#252,2.15E-1);
#254=CARTESIAN_POINT('',(3.E0,-9.5E-1,4.3E-1));
#255=LINE('',#254,#253);
#256=DIRECTION('',(-1.E0,0.E0,0.E0));
#257=VECTOR('',#256,5.1E-1);
#258=CARTESIAN_POINT('',(3.E0,-7.35E-1,4.3E-1));
#259=LINE('',#258,#257);
#260=CARTESIAN_POINT('',(2.09E0,-8.5E-2,4.3E-1));
#261=DIRECTION('',(0.E0,0.E0,-1.E0));
#262=DIRECTION('',(0.E0,1.E0,0.E0));
#263=AXIS2_PLACEMENT_3D('',#260,#261,#262);
#265=DIRECTION('',(-1.E0,0.E0,0.E0));
#266=VECTOR('',#265,1.4E-1);
#267=CARTESIAN_POINT('',(2.09E0,2.15E-1,4.3E-1));
#268=LINE('',#267,#266);
#269=DIRECTION('',(0.E0,0.E0,1.E0));
#270=VECTOR('',#269,4.1E-1);
#271=CARTESIAN_POINT('',(-2.175E0,-4.503254067843E-2,4.3E-1));
#272=LINE('',#271,#270);
#273=DIRECTION('',(0.E0,0.E0,-1.E0));
#274=VECTOR('',#273,4.1E-1);
#275=CARTESIAN_POINT('',(-2.175E0,-6.5E-1,8.4E-1));
#276=LINE('',#275,#274);
#277=CARTESIAN_POINT('',(-2.075E0,-4.503254067843E-2,4.3E-1));
#278=DIRECTION('',(0.E0,0.E0,1.E0));
#279=DIRECTION('',(0.E0,1.E0,0.E0));
#280=AXIS2_PLACEMENT_3D('',#277,#278,#279);
#282=CARTESIAN_POINT('',(-2.075E0,-4.503254067843E-2,8.4E-1));
#283=DIRECTION('',(0.E0,0.E0,-1.E0));
#284=DIRECTION('',(-1.E0,0.E0,0.E0));
#285=AXIS2_PLACEMENT_3D('',#282,#283,#284);
#287=DIRECTION('',(0.E0,0.E0,1.E0));
#288=VECTOR('',#287,4.1E-1);
#289=CARTESIAN_POINT('',(-2.075E0,5.496745932157E-2,4.3E-1));
#290=LINE('',#289,#288);
#291=DIRECTION('',(0.E0,0.E0,1.E0));
#292=VECTOR('',#291,4.1E-1);
#293=CARTESIAN_POINT('',(2.075E0,5.496745932157E-2,4.3E-1));
#294=LINE('',#293,#292);
#295=DIRECTION('',(1.E0,0.E0,0.E0));
#296=VECTOR('',#295,1.25E-1);
#297=CARTESIAN_POINT('',(-2.075E0,5.496745932157E-2,8.4E-1));
#298=LINE('',#297,#296);
#299=DIRECTION('',(0.E0,1.E0,0.E0));
#300=VECTOR('',#299,6.049674593216E-1);
#301=CARTESIAN_POINT('',(-2.175E0,-6.5E-1,8.4E-1));
#302=LINE('',#301,#300);
#303=CARTESIAN_POINT('',(-2.475E0,-6.5E-1,8.4E-1));
#304=DIRECTION('',(0.E0,0.E0,1.E0));
#305=DIRECTION('',(0.E0,-1.E0,0.E0));
#306=AXIS2_PLACEMENT_3D('',#303,#304,#305);
#308=DIRECTION('',(1.E0,0.E0,0.E0));
#309=VECTOR('',#308,5.25E-1);
#310=CARTESIAN_POINT('',(-3.E0,-9.5E-1,8.4E-1));
#311=LINE('',#310,#309);
#312=DIRECTION('',(0.E0,-1.E0,0.E0));
#313=VECTOR('',#312,2.15E-1);
#314=CARTESIAN_POINT('',(-3.E0,-7.35E-1,8.4E-1));
#315=LINE('',#314,#313);
#316=DIRECTION('',(-1.E0,0.E0,0.E0));
#317=VECTOR('',#316,5.1E-1);
#318=CARTESIAN_POINT('',(-2.49E0,-7.35E-1,8.4E-1));
#319=LINE('',#318,#317);
#320=DIRECTION('',(0.E0,-1.E0,0.E0));
#321=VECTOR('',#320,5.5E-1);
#322=CARTESIAN_POINT('',(-2.39E0,-8.5E-2,8.4E-1));
#323=LINE('',#322,#321);
#324=CARTESIAN_POINT('',(-2.09E0,-8.5E-2,8.4E-1));
#325=DIRECTION('',(0.E0,0.E0,1.E0));
#326=DIRECTION('',(0.E0,1.E0,0.E0));
#327=AXIS2_PLACEMENT_3D('',#324,#325,#326);
#329=DIRECTION('',(-1.E0,0.E0,0.E0));
#330=VECTOR('',#329,1.4E-1);
#331=CARTESIAN_POINT('',(-1.95E0,2.15E-1,8.4E-1));
#332=LINE('',#331,#330);
#333=DIRECTION('',(1.E0,0.E0,0.E0));
#334=VECTOR('',#333,1.25E-1);
#335=CARTESIAN_POINT('',(1.95E0,5.496745932157E-2,8.4E-1));
#336=LINE('',#335,#334);
#337=DIRECTION('',(-1.E0,0.E0,0.E0));
#338=VECTOR('',#337,1.4E-1);
#339=CARTESIAN_POINT('',(2.09E0,2.15E-1,8.4E-1));
#340=LINE('',#339,#338);
#341=CARTESIAN_POINT('',(2.09E0,-8.5E-2,8.4E-1));
#342=DIRECTION('',(0.E0,0.E0,1.E0));
#343=DIRECTION('',(1.E0,0.E0,0.E0));
#344=AXIS2_PLACEMENT_3D('',#341,#342,#343);
#346=DIRECTION('',(-1.E0,0.E0,0.E0));
#347=VECTOR('',#346,5.1E-1);
#348=CARTESIAN_POINT('',(3.E0,-7.35E-1,8.4E-1));
#349=LINE('',#348,#347);
#350=DIRECTION('',(0.E0,1.E0,0.E0));
#351=VECTOR('',#350,2.15E-1);
#352=CARTESIAN_POINT('',(3.E0,-9.5E-1,8.4E-1));
#353=LINE('',#352,#351);
#354=DIRECTION('',(1.E0,0.E0,0.E0));
#355=VECTOR('',#354,5.25E-1);
#356=CARTESIAN_POINT('',(2.475E0,-9.5E-1,8.4E-1));
#357=LINE('',#356,#355);
#358=CARTESIAN_POINT('',(2.475E0,-6.5E-1,8.4E-1));
#359=DIRECTION('',(0.E0,0.E0,1.E0));
#360=DIRECTION('',(-1.E0,0.E0,0.E0));
#361=AXIS2_PLACEMENT_3D('',#358,#359,#360);
#363=DIRECTION('',(0.E0,0.E0,-1.E0));
#364=VECTOR('',#363,4.1E-1);
#365=CARTESIAN_POINT('',(-2.475E0,-9.5E-1,8.4E-1));
#366=LINE('',#365,#364);
#367=DIRECTION('',(0.E0,0.E0,1.E0));
#368=VECTOR('',#367,4.1E-1);
#369=CARTESIAN_POINT('',(-3.E0,-9.5E-1,4.3E-1));
#370=LINE('',#369,#368);
#371=DIRECTION('',(0.E0,0.E0,1.E0));
#372=VECTOR('',#371,4.1E-1);
#373=CARTESIAN_POINT('',(-3.E0,-7.35E-1,4.3E-1));
#374=LINE('',#373,#372);
#375=DIRECTION('',(0.E0,0.E0,1.E0));
#376=VECTOR('',#375,4.1E-1);
#377=CARTESIAN_POINT('',(-2.49E0,-7.35E-1,4.3E-1));
#378=LINE('',#377,#376);
#379=CARTESIAN_POINT('',(-2.49E0,-6.35E-1,4.3E-1));
#380=DIRECTION('',(0.E0,0.E0,1.E0));
#381=DIRECTION('',(0.E0,-1.E0,0.E0));
#382=AXIS2_PLACEMENT_3D('',#379,#380,#381);
#384=CARTESIAN_POINT('',(-2.49E0,-6.35E-1,8.4E-1));
#385=DIRECTION('',(0.E0,0.E0,-1.E0));
#386=DIRECTION('',(1.E0,0.E0,0.E0));
#387=AXIS2_PLACEMENT_3D('',#384,#385,#386);
#389=DIRECTION('',(0.E0,0.E0,1.E0));
#390=VECTOR('',#389,4.1E-1);
#391=CARTESIAN_POINT('',(-2.39E0,-6.35E-1,4.3E-1));
#392=LINE('',#391,#390);
#393=DIRECTION('',(0.E0,0.E0,-1.E0));
#394=VECTOR('',#393,4.1E-1);
#395=CARTESIAN_POINT('',(-2.39E0,-8.5E-2,8.4E-1));
#396=LINE('',#395,#394);
#397=DIRECTION('',(0.E0,0.E0,-1.E0));
#398=VECTOR('',#397,4.1E-1);
#399=CARTESIAN_POINT('',(2.09E0,2.15E-1,8.4E-1));
#400=LINE('',#399,#398);
#401=DIRECTION('',(0.E0,0.E0,-1.E0));
#402=VECTOR('',#401,4.1E-1);
#403=CARTESIAN_POINT('',(-2.09E0,2.15E-1,8.4E-1));
#404=LINE('',#403,#402);
#405=DIRECTION('',(0.E0,0.E0,1.E0));
#406=VECTOR('',#405,4.1E-1);
#407=CARTESIAN_POINT('',(2.39E0,-6.35E-1,4.3E-1));
#408=LINE('',#407,#406);
#409=DIRECTION('',(0.E0,1.E0,0.E0));
#410=VECTOR('',#409,5.5E-1);
#411=CARTESIAN_POINT('',(2.39E0,-6.35E-1,8.4E-1));
#412=LINE('',#411,#410);
#413=DIRECTION('',(0.E0,0.E0,-1.E0));
#414=VECTOR('',#413,4.1E-1);
#415=CARTESIAN_POINT('',(2.39E0,-8.5E-2,8.4E-1));
#416=LINE('',#415,#414);
#417=DIRECTION('',(0.E0,-1.E0,0.E0));
#418=VECTOR('',#417,5.5E-1);
#419=CARTESIAN_POINT('',(2.39E0,-8.5E-2,4.3E-1));
#420=LINE('',#419,#418);
#421=CARTESIAN_POINT('',(2.49E0,-6.35E-1,4.3E-1));
#422=DIRECTION('',(0.E0,0.E0,1.E0));
#423=DIRECTION('',(-1.E0,0.E0,0.E0));
#424=AXIS2_PLACEMENT_3D('',#421,#422,#423);
#426=CARTESIAN_POINT('',(2.49E0,-6.35E-1,8.4E-1));
#427=DIRECTION('',(0.E0,0.E0,-1.E0));
#428=DIRECTION('',(0.E0,-1.E0,0.E0));
#429=AXIS2_PLACEMENT_3D('',#426,#427,#428);
#431=DIRECTION('',(0.E0,0.E0,1.E0));
#432=VECTOR('',#431,4.1E-1);
#433=CARTESIAN_POINT('',(2.49E0,-7.35E-1,4.3E-1));
#434=LINE('',#433,#432);
#435=DIRECTION('',(0.E0,0.E0,1.E0));
#436=VECTOR('',#435,4.1E-1);
#437=CARTESIAN_POINT('',(3.E0,-7.35E-1,4.3E-1));
#438=LINE('',#437,#436);
#439=DIRECTION('',(0.E0,0.E0,1.E0));
#440=VECTOR('',#439,4.1E-1);
#441=CARTESIAN_POINT('',(3.E0,-9.5E-1,4.3E-1));
#442=LINE('',#441,#440);
#443=DIRECTION('',(0.E0,0.E0,-1.E0));
#444=VECTOR('',#443,4.1E-1);
#445=CARTESIAN_POINT('',(2.475E0,-9.5E-1,8.4E-1));
#446=LINE('',#445,#444);
#447=DIRECTION('',(0.E0,0.E0,1.E0));
#448=VECTOR('',#447,4.1E-1);
#449=CARTESIAN_POINT('',(2.175E0,-4.503254067843E-2,4.3E-1));
#450=LINE('',#449,#448);
#451=DIRECTION('',(0.E0,-1.E0,0.E0));
#452=VECTOR('',#451,6.049674593216E-1);
#453=CARTESIAN_POINT('',(2.175E0,-4.503254067843E-2,8.4E-1));
#454=LINE('',#453,#452);
#455=DIRECTION('',(0.E0,0.E0,-1.E0));
#456=VECTOR('',#455,4.1E-1);
#457=CARTESIAN_POINT('',(2.175E0,-6.5E-1,8.4E-1));
#458=LINE('',#457,#456);
#459=DIRECTION('',(0.E0,1.E0,0.E0));
#460=VECTOR('',#459,6.049674593216E-1);
#461=CARTESIAN_POINT('',(2.175E0,-6.5E-1,4.3E-1));
#462=LINE('',#461,#460);
#463=CARTESIAN_POINT('',(2.075E0,-4.503254067843E-2,4.3E-1));
#464=DIRECTION('',(0.E0,0.E0,1.E0));
#465=DIRECTION('',(1.E0,0.E0,0.E0));
#466=AXIS2_PLACEMENT_3D('',#463,#464,#465);
#468=CARTESIAN_POINT('',(2.075E0,-4.503254067843E-2,8.4E-1));
#469=DIRECTION('',(0.E0,0.E0,-1.E0));
#470=DIRECTION('',(0.E0,1.E0,0.E0));
#471=AXIS2_PLACEMENT_3D('',#468,#469,#470);
#473=DIRECTION('',(0.E0,1.E0,0.E0));
#474=VECTOR('',#473,6.049674593216E-1);
#475=CARTESIAN_POINT('',(-2.175E0,-6.5E-1,-8.4E-1));
#476=LINE('',#475,#474);
#477=DIRECTION('',(1.E0,0.E0,0.E0));
#478=VECTOR('',#477,1.25E-1);
#479=CARTESIAN_POINT('',(-2.075E0,5.496745932157E-2,-8.4E-1));
#480=LINE('',#479,#478);
#481=DIRECTION('',(-1.E0,0.E0,0.E0));
#482=VECTOR('',#481,1.4E-1);
#483=CARTESIAN_POINT('',(-1.95E0,2.15E-1,-8.4E-1));
#484=LINE('',#483,#482);
#485=CARTESIAN_POINT('',(-2.09E0,-8.5E-2,-8.4E-1));
#486=DIRECTION('',(0.E0,0.E0,-1.E0));
#487=DIRECTION('',(-1.E0,0.E0,0.E0));
#488=AXIS2_PLACEMENT_3D('',#485,#486,#487);
#490=DIRECTION('',(0.E0,-1.E0,0.E0));
#491=VECTOR('',#490,5.5E-1);
#492=CARTESIAN_POINT('',(-2.39E0,-8.5E-2,-8.4E-1));
#493=LINE('',#492,#491);
#494=DIRECTION('',(-1.E0,0.E0,0.E0));
#495=VECTOR('',#494,5.1E-1);
#496=CARTESIAN_POINT('',(-2.49E0,-7.35E-1,-8.4E-1));
#497=LINE('',#496,#495);
#498=DIRECTION('',(0.E0,-1.E0,0.E0));
#499=VECTOR('',#498,2.15E-1);
#500=CARTESIAN_POINT('',(-3.E0,-7.35E-1,-8.4E-1));
#501=LINE('',#500,#499);
#502=DIRECTION('',(1.E0,0.E0,0.E0));
#503=VECTOR('',#502,5.25E-1);
#504=CARTESIAN_POINT('',(-3.E0,-9.5E-1,-8.4E-1));
#505=LINE('',#504,#503);
#506=CARTESIAN_POINT('',(-2.475E0,-6.5E-1,-8.4E-1));
#507=DIRECTION('',(0.E0,0.E0,-1.E0));
#508=DIRECTION('',(1.E0,0.E0,0.E0));
#509=AXIS2_PLACEMENT_3D('',#506,#507,#508);
#511=DIRECTION('',(1.E0,0.E0,0.E0));
#512=VECTOR('',#511,1.25E-1);
#513=CARTESIAN_POINT('',(1.95E0,5.496745932157E-2,-8.4E-1));
#514=LINE('',#513,#512);
#515=CARTESIAN_POINT('',(2.475E0,-6.5E-1,-8.4E-1));
#516=DIRECTION('',(0.E0,0.E0,-1.E0));
#517=DIRECTION('',(0.E0,-1.E0,0.E0));
#518=AXIS2_PLACEMENT_3D('',#515,#516,#517);
#520=DIRECTION('',(1.E0,0.E0,0.E0));
#521=VECTOR('',#520,5.25E-1);
#522=CARTESIAN_POINT('',(2.475E0,-9.5E-1,-8.4E-1));
#523=LINE('',#522,#521);
#524=DIRECTION('',(0.E0,1.E0,0.E0));
#525=VECTOR('',#524,2.15E-1);
#526=CARTESIAN_POINT('',(3.E0,-9.5E-1,-8.4E-1));
#527=LINE('',#526,#525);
#528=DIRECTION('',(-1.E0,0.E0,0.E0));
#529=VECTOR('',#528,5.1E-1);
#530=CARTESIAN_POINT('',(3.E0,-7.35E-1,-8.4E-1));
#531=LINE('',#530,#529);
#532=CARTESIAN_POINT('',(2.09E0,-8.5E-2,-8.4E-1));
#533=DIRECTION('',(0.E0,0.E0,-1.E0));
#534=DIRECTION('',(0.E0,1.E0,0.E0));
#535=AXIS2_PLACEMENT_3D('',#532,#533,#534);
#537=DIRECTION('',(-1.E0,0.E0,0.E0));
#538=VECTOR('',#537,1.4E-1);
#539=CARTESIAN_POINT('',(2.09E0,2.15E-1,-8.4E-1));
#540=LINE('',#539,#538);
#541=DIRECTION('',(0.E0,0.E0,1.E0));
#542=VECTOR('',#541,4.1E-1);
#543=CARTESIAN_POINT('',(-2.175E0,-4.503254067843E-2,-8.4E-1));
#544=LINE('',#543,#542);
#545=DIRECTION('',(0.E0,0.E0,-1.E0));
#546=VECTOR('',#545,4.1E-1);
#547=CARTESIAN_POINT('',(-2.175E0,-6.5E-1,-4.3E-1));
#548=LINE('',#547,#546);
#549=CARTESIAN_POINT('',(-2.075E0,-4.503254067843E-2,-8.4E-1));
#550=DIRECTION('',(0.E0,0.E0,1.E0));
#551=DIRECTION('',(0.E0,1.E0,0.E0));
#552=AXIS2_PLACEMENT_3D('',#549,#550,#551);
#554=CARTESIAN_POINT('',(-2.075E0,-4.503254067843E-2,-4.3E-1));
#555=DIRECTION('',(0.E0,0.E0,-1.E0));
#556=DIRECTION('',(-1.E0,0.E0,0.E0));
#557=AXIS2_PLACEMENT_3D('',#554,#555,#556);
#559=DIRECTION('',(0.E0,0.E0,1.E0));
#560=VECTOR('',#559,4.1E-1);
#561=CARTESIAN_POINT('',(-2.075E0,5.496745932157E-2,-8.4E-1));
#562=LINE('',#561,#560);
#563=DIRECTION('',(0.E0,0.E0,1.E0));
#564=VECTOR('',#563,4.1E-1);
#565=CARTESIAN_POINT('',(2.075E0,5.496745932157E-2,-8.4E-1));
#566=LINE('',#565,#564);
#567=DIRECTION('',(1.E0,0.E0,0.E0));
#568=VECTOR('',#567,1.25E-1);
#569=CARTESIAN_POINT('',(-2.075E0,5.496745932157E-2,-4.3E-1));
#570=LINE('',#569,#568);
#571=DIRECTION('',(0.E0,1.E0,0.E0));
#572=VECTOR('',#571,6.049674593216E-1);
#573=CARTESIAN_POINT('',(-2.175E0,-6.5E-1,-4.3E-1));
#574=LINE('',#573,#572);
#575=CARTESIAN_POINT('',(-2.475E0,-6.5E-1,-4.3E-1));
#576=DIRECTION('',(0.E0,0.E0,1.E0));
#577=DIRECTION('',(0.E0,-1.E0,0.E0));
#578=AXIS2_PLACEMENT_3D('',#575,#576,#577);
#580=DIRECTION('',(1.E0,0.E0,0.E0));
#581=VECTOR('',#580,5.25E-1);
#582=CARTESIAN_POINT('',(-3.E0,-9.5E-1,-4.3E-1));
#583=LINE('',#582,#581);
#584=DIRECTION('',(0.E0,-1.E0,0.E0));
#585=VECTOR('',#584,2.15E-1);
#586=CARTESIAN_POINT('',(-3.E0,-7.35E-1,-4.3E-1));
#587=LINE('',#586,#585);
#588=DIRECTION('',(-1.E0,0.E0,0.E0));
#589=VECTOR('',#588,5.1E-1);
#590=CARTESIAN_POINT('',(-2.49E0,-7.35E-1,-4.3E-1));
#591=LINE('',#590,#589);
#592=DIRECTION('',(0.E0,-1.E0,0.E0));
#593=VECTOR('',#592,5.5E-1);
#594=CARTESIAN_POINT('',(-2.39E0,-8.5E-2,-4.3E-1));
#595=LINE('',#594,#593);
#596=CARTESIAN_POINT('',(-2.09E0,-8.5E-2,-4.3E-1));
#597=DIRECTION('',(0.E0,0.E0,1.E0));
#598=DIRECTION('',(0.E0,1.E0,0.E0));
#599=AXIS2_PLACEMENT_3D('',#596,#597,#598);
#601=DIRECTION('',(-1.E0,0.E0,0.E0));
#602=VECTOR('',#601,1.4E-1);
#603=CARTESIAN_POINT('',(-1.95E0,2.15E-1,-4.3E-1));
#604=LINE('',#603,#602);
#605=DIRECTION('',(1.E0,0.E0,0.E0));
#606=VECTOR('',#605,1.25E-1);
#607=CARTESIAN_POINT('',(1.95E0,5.496745932157E-2,-4.3E-1));
#608=LINE('',#607,#606);
#609=DIRECTION('',(-1.E0,0.E0,0.E0));
#610=VECTOR('',#609,1.4E-1);
#611=CARTESIAN_POINT('',(2.09E0,2.15E-1,-4.3E-1));
#612=LINE('',#611,#610);
#613=CARTESIAN_POINT('',(2.09E0,-8.5E-2,-4.3E-1));
#614=DIRECTION('',(0.E0,0.E0,1.E0));
#615=DIRECTION('',(1.E0,0.E0,0.E0));
#616=AXIS2_PLACEMENT_3D('',#613,#614,#615);
#618=DIRECTION('',(-1.E0,0.E0,0.E0));
#619=VECTOR('',#618,5.1E-1);
#620=CARTESIAN_POINT('',(3.E0,-7.35E-1,-4.3E-1));
#621=LINE('',#620,#619);
#622=DIRECTION('',(0.E0,1.E0,0.E0));
#623=VECTOR('',#622,2.15E-1);
#624=CARTESIAN_POINT('',(3.E0,-9.5E-1,-4.3E-1));
#625=LINE('',#624,#623);
#626=DIRECTION('',(1.E0,0.E0,0.E0));
#627=VECTOR('',#626,5.25E-1);
#628=CARTESIAN_POINT('',(2.475E0,-9.5E-1,-4.3E-1));
#629=LINE('',#628,#627);
#630=CARTESIAN_POINT('',(2.475E0,-6.5E-1,-4.3E-1));
#631=DIRECTION('',(0.E0,0.E0,1.E0));
#632=DIRECTION('',(-1.E0,0.E0,0.E0));
#633=AXIS2_PLACEMENT_3D('',#630,#631,#632);
#635=DIRECTION('',(0.E0,0.E0,-1.E0));
#636=VECTOR('',#635,4.1E-1);
#637=CARTESIAN_POINT('',(-2.475E0,-9.5E-1,-4.3E-1));
#638=LINE('',#637,#636);
#639=DIRECTION('',(0.E0,0.E0,1.E0));
#640=VECTOR('',#639,4.1E-1);
#641=CARTESIAN_POINT('',(-3.E0,-9.5E-1,-8.4E-1));
#642=LINE('',#641,#640);
#643=DIRECTION('',(0.E0,0.E0,1.E0));
#644=VECTOR('',#643,4.1E-1);
#645=CARTESIAN_POINT('',(-3.E0,-7.35E-1,-8.4E-1));
#646=LINE('',#645,#644);
#647=DIRECTION('',(0.E0,0.E0,1.E0));
#648=VECTOR('',#647,4.1E-1);
#649=CARTESIAN_POINT('',(-2.49E0,-7.35E-1,-8.4E-1));
#650=LINE('',#649,#648);
#651=CARTESIAN_POINT('',(-2.49E0,-6.35E-1,-8.4E-1));
#652=DIRECTION('',(0.E0,0.E0,1.E0));
#653=DIRECTION('',(0.E0,-1.E0,0.E0));
#654=AXIS2_PLACEMENT_3D('',#651,#652,#653);
#656=CARTESIAN_POINT('',(-2.49E0,-6.35E-1,-4.3E-1));
#657=DIRECTION('',(0.E0,0.E0,-1.E0));
#658=DIRECTION('',(1.E0,0.E0,0.E0));
#659=AXIS2_PLACEMENT_3D('',#656,#657,#658);
#661=DIRECTION('',(0.E0,0.E0,1.E0));
#662=VECTOR('',#661,4.1E-1);
#663=CARTESIAN_POINT('',(-2.39E0,-6.35E-1,-8.4E-1));
#664=LINE('',#663,#662);
#665=DIRECTION('',(0.E0,0.E0,-1.E0));
#666=VECTOR('',#665,4.1E-1);
#667=CARTESIAN_POINT('',(-2.39E0,-8.5E-2,-4.3E-1));
#668=LINE('',#667,#666);
#669=DIRECTION('',(0.E0,0.E0,-1.E0));
#670=VECTOR('',#669,4.1E-1);
#671=CARTESIAN_POINT('',(2.09E0,2.15E-1,-4.3E-1));
#672=LINE('',#671,#670);
#673=DIRECTION('',(0.E0,0.E0,-1.E0));
#674=VECTOR('',#673,4.1E-1);
#675=CARTESIAN_POINT('',(-2.09E0,2.15E-1,-4.3E-1));
#676=LINE('',#675,#674);
#677=DIRECTION('',(0.E0,0.E0,1.E0));
#678=VECTOR('',#677,4.1E-1);
#679=CARTESIAN_POINT('',(2.39E0,-6.35E-1,-8.4E-1));
#680=LINE('',#679,#678);
#681=DIRECTION('',(0.E0,1.E0,0.E0));
#682=VECTOR('',#681,5.5E-1);
#683=CARTESIAN_POINT('',(2.39E0,-6.35E-1,-4.3E-1));
#684=LINE('',#683,#682);
#685=DIRECTION('',(0.E0,0.E0,-1.E0));
#686=VECTOR('',#685,4.1E-1);
#687=CARTESIAN_POINT('',(2.39E0,-8.5E-2,-4.3E-1));
#688=LINE('',#687,#686);
#689=DIRECTION('',(0.E0,-1.E0,0.E0));
#690=VECTOR('',#689,5.5E-1);
#691=CARTESIAN_POINT('',(2.39E0,-8.5E-2,-8.4E-1));
#692=LINE('',#691,#690);
#693=CARTESIAN_POINT('',(2.49E0,-6.35E-1,-8.4E-1));
#694=DIRECTION('',(0.E0,0.E0,1.E0));
#695=DIRECTION('',(-1.E0,0.E0,0.E0));
#696=AXIS2_PLACEMENT_3D('',#693,#694,#695);
#698=CARTESIAN_POINT('',(2.49E0,-6.35E-1,-4.3E-1));
#699=DIRECTION('',(0.E0,0.E0,-1.E0));
#700=DIRECTION('',(0.E0,-1.E0,0.E0));
#701=AXIS2_PLACEMENT_3D('',#698,#699,#700);
#703=DIRECTION('',(0.E0,0.E0,1.E0));
#704=VECTOR('',#703,4.1E-1);
#705=CARTESIAN_POINT('',(2.49E0,-7.35E-1,-8.4E-1));
#706=LINE('',#705,#704);
#707=DIRECTION('',(0.E0,0.E0,1.E0));
#708=VECTOR('',#707,4.1E-1);
#709=CARTESIAN_POINT('',(3.E0,-7.35E-1,-8.4E-1));
#710=LINE('',#709,#708);
#711=DIRECTION('',(0.E0,0.E0,1.E0));
#712=VECTOR('',#711,4.1E-1);
#713=CARTESIAN_POINT('',(3.E0,-9.5E-1,-8.4E-1));
#714=LINE('',#713,#712);
#715=DIRECTION('',(0.E0,0.E0,-1.E0));
#716=VECTOR('',#715,4.1E-1);
#717=CARTESIAN_POINT('',(2.475E0,-9.5E-1,-4.3E-1));
#718=LINE('',#717,#716);
#719=DIRECTION('',(0.E0,0.E0,1.E0));
#720=VECTOR('',#719,4.1E-1);
#721=CARTESIAN_POINT('',(2.175E0,-4.503254067843E-2,-8.4E-1));
#722=LINE('',#721,#720);
#723=DIRECTION('',(0.E0,-1.E0,0.E0));
#724=VECTOR('',#723,6.049674593216E-1);
#725=CARTESIAN_POINT('',(2.175E0,-4.503254067843E-2,-4.3E-1));
#726=LINE('',#725,#724);
#727=DIRECTION('',(0.E0,0.E0,-1.E0));
#728=VECTOR('',#727,4.1E-1);
#729=CARTESIAN_POINT('',(2.175E0,-6.5E-1,-4.3E-1));
#730=LINE('',#729,#728);
#731=DIRECTION('',(0.E0,1.E0,0.E0));
#732=VECTOR('',#731,6.049674593216E-1);
#733=CARTESIAN_POINT('',(2.175E0,-6.5E-1,-8.4E-1));
#734=LINE('',#733,#732);
#735=CARTESIAN_POINT('',(2.075E0,-4.503254067843E-2,-8.4E-1));
#736=DIRECTION('',(0.E0,0.E0,1.E0));
#737=DIRECTION('',(1.E0,0.E0,0.E0));
#738=AXIS2_PLACEMENT_3D('',#735,#736,#737);
#740=CARTESIAN_POINT('',(2.075E0,-4.503254067843E-2,-4.3E-1));
#741=DIRECTION('',(0.E0,0.E0,-1.E0));
#742=DIRECTION('',(0.E0,1.E0,0.E0));
#743=AXIS2_PLACEMENT_3D('',#740,#741,#742);
#745=DIRECTION('',(0.E0,1.E0,0.E0));
#746=VECTOR('',#745,6.049674593216E-1);
#747=CARTESIAN_POINT('',(-2.175E0,-6.5E-1,1.7E0));
#748=LINE('',#747,#746);
#749=DIRECTION('',(1.E0,0.E0,0.E0));
#750=VECTOR('',#749,1.25E-1);
#751=CARTESIAN_POINT('',(-2.075E0,5.496745932157E-2,1.7E0));
#752=LINE('',#751,#750);
#753=DIRECTION('',(-1.E0,0.E0,0.E0));
#754=VECTOR('',#753,1.4E-1);
#755=CARTESIAN_POINT('',(-1.95E0,2.15E-1,1.7E0));
#756=LINE('',#755,#754);
#757=CARTESIAN_POINT('',(-2.09E0,-8.5E-2,1.7E0));
#758=DIRECTION('',(0.E0,0.E0,-1.E0));
#759=DIRECTION('',(-1.E0,0.E0,0.E0));
#760=AXIS2_PLACEMENT_3D('',#757,#758,#759);
#762=DIRECTION('',(0.E0,-1.E0,0.E0));
#763=VECTOR('',#762,5.5E-1);
#764=CARTESIAN_POINT('',(-2.39E0,-8.5E-2,1.7E0));
#765=LINE('',#764,#763);
#766=DIRECTION('',(-1.E0,0.E0,0.E0));
#767=VECTOR('',#766,5.1E-1);
#768=CARTESIAN_POINT('',(-2.49E0,-7.35E-1,1.7E0));
#769=LINE('',#768,#767);
#770=DIRECTION('',(0.E0,-1.E0,0.E0));
#771=VECTOR('',#770,2.15E-1);
#772=CARTESIAN_POINT('',(-3.E0,-7.35E-1,1.7E0));
#773=LINE('',#772,#771);
#774=DIRECTION('',(1.E0,0.E0,0.E0));
#775=VECTOR('',#774,5.25E-1);
#776=CARTESIAN_POINT('',(-3.E0,-9.5E-1,1.7E0));
#777=LINE('',#776,#775);
#778=CARTESIAN_POINT('',(-2.475E0,-6.5E-1,1.7E0));
#779=DIRECTION('',(0.E0,0.E0,-1.E0));
#780=DIRECTION('',(1.E0,0.E0,0.E0));
#781=AXIS2_PLACEMENT_3D('',#778,#779,#780);
#783=DIRECTION('',(-1.E0,0.E0,0.E0));
#784=VECTOR('',#783,5.1E-1);
#785=CARTESIAN_POINT('',(3.E0,-7.35E-1,1.7E0));
#786=LINE('',#785,#784);
#787=CARTESIAN_POINT('',(2.09E0,-8.5E-2,1.7E0));
#788=DIRECTION('',(0.E0,0.E0,-1.E0));
#789=DIRECTION('',(0.E0,1.E0,0.E0));
#790=AXIS2_PLACEMENT_3D('',#787,#788,#789);
#792=DIRECTION('',(-1.E0,0.E0,0.E0));
#793=VECTOR('',#792,1.4E-1);
#794=CARTESIAN_POINT('',(2.09E0,2.15E-1,1.7E0));
#795=LINE('',#794,#793);
#796=DIRECTION('',(1.E0,0.E0,0.E0));
#797=VECTOR('',#796,1.25E-1);
#798=CARTESIAN_POINT('',(1.95E0,5.496745932157E-2,1.7E0));
#799=LINE('',#798,#797);
#800=CARTESIAN_POINT('',(2.475E0,-6.5E-1,1.7E0));
#801=DIRECTION('',(0.E0,0.E0,-1.E0));
#802=DIRECTION('',(0.E0,-1.E0,0.E0));
#803=AXIS2_PLACEMENT_3D('',#800,#801,#802);
#805=DIRECTION('',(1.E0,0.E0,0.E0));
#806=VECTOR('',#805,5.25E-1);
#807=CARTESIAN_POINT('',(2.475E0,-9.5E-1,1.7E0));
#808=LINE('',#807,#806);
#809=DIRECTION('',(0.E0,1.E0,0.E0));
#810=VECTOR('',#809,2.15E-1);
#811=CARTESIAN_POINT('',(3.E0,-9.5E-1,1.7E0));
#812=LINE('',#811,#810);
#813=DIRECTION('',(0.E0,0.E0,1.E0));
#814=VECTOR('',#813,4.1E-1);
#815=CARTESIAN_POINT('',(-2.175E0,-4.503254067843E-2,1.7E0));
#816=LINE('',#815,#814);
#817=DIRECTION('',(0.E0,0.E0,-1.E0));
#818=VECTOR('',#817,4.1E-1);
#819=CARTESIAN_POINT('',(-2.175E0,-6.5E-1,2.11E0));
#820=LINE('',#819,#818);
#821=CARTESIAN_POINT('',(-2.075E0,-4.503254067843E-2,1.7E0));
#822=DIRECTION('',(0.E0,0.E0,1.E0));
#823=DIRECTION('',(0.E0,1.E0,0.E0));
#824=AXIS2_PLACEMENT_3D('',#821,#822,#823);
#826=CARTESIAN_POINT('',(-2.075E0,-4.503254067843E-2,2.11E0));
#827=DIRECTION('',(0.E0,0.E0,-1.E0));
#828=DIRECTION('',(-1.E0,0.E0,0.E0));
#829=AXIS2_PLACEMENT_3D('',#826,#827,#828);
#831=DIRECTION('',(0.E0,0.E0,1.E0));
#832=VECTOR('',#831,4.1E-1);
#833=CARTESIAN_POINT('',(-2.075E0,5.496745932157E-2,1.7E0));
#834=LINE('',#833,#832);
#835=DIRECTION('',(0.E0,0.E0,1.E0));
#836=VECTOR('',#835,4.1E-1);
#837=CARTESIAN_POINT('',(2.075E0,5.496745932157E-2,1.7E0));
#838=LINE('',#837,#836);
#839=DIRECTION('',(1.E0,0.E0,0.E0));
#840=VECTOR('',#839,1.25E-1);
#841=CARTESIAN_POINT('',(-2.075E0,5.496745932157E-2,2.11E0));
#842=LINE('',#841,#840);
#843=DIRECTION('',(0.E0,1.E0,0.E0));
#844=VECTOR('',#843,6.049674593216E-1);
#845=CARTESIAN_POINT('',(-2.175E0,-6.5E-1,2.11E0));
#846=LINE('',#845,#844);
#847=CARTESIAN_POINT('',(-2.475E0,-6.5E-1,2.11E0));
#848=DIRECTION('',(0.E0,0.E0,1.E0));
#849=DIRECTION('',(0.E0,-1.E0,0.E0));
#850=AXIS2_PLACEMENT_3D('',#847,#848,#849);
#852=DIRECTION('',(1.E0,0.E0,0.E0));
#853=VECTOR('',#852,5.25E-1);
#854=CARTESIAN_POINT('',(-3.E0,-9.5E-1,2.11E0));
#855=LINE('',#854,#853);
#856=DIRECTION('',(0.E0,-1.E0,0.E0));
#857=VECTOR('',#856,2.15E-1);
#858=CARTESIAN_POINT('',(-3.E0,-7.35E-1,2.11E0));
#859=LINE('',#858,#857);
#860=DIRECTION('',(-1.E0,0.E0,0.E0));
#861=VECTOR('',#860,5.1E-1);
#862=CARTESIAN_POINT('',(-2.49E0,-7.35E-1,2.11E0));
#863=LINE('',#862,#861);
#864=DIRECTION('',(0.E0,-1.E0,0.E0));
#865=VECTOR('',#864,5.5E-1);
#866=CARTESIAN_POINT('',(-2.39E0,-8.5E-2,2.11E0));
#867=LINE('',#866,#865);
#868=CARTESIAN_POINT('',(-2.09E0,-8.5E-2,2.11E0));
#869=DIRECTION('',(0.E0,0.E0,1.E0));
#870=DIRECTION('',(0.E0,1.E0,0.E0));
#871=AXIS2_PLACEMENT_3D('',#868,#869,#870);
#873=DIRECTION('',(-1.E0,0.E0,0.E0));
#874=VECTOR('',#873,1.4E-1);
#875=CARTESIAN_POINT('',(-1.95E0,2.15E-1,2.11E0));
#876=LINE('',#875,#874);
#877=DIRECTION('',(-1.E0,0.E0,0.E0));
#878=VECTOR('',#877,5.1E-1);
#879=CARTESIAN_POINT('',(3.E0,-7.35E-1,2.11E0));
#880=LINE('',#879,#878);
#881=DIRECTION('',(0.E0,1.E0,0.E0));
#882=VECTOR('',#881,2.15E-1);
#883=CARTESIAN_POINT('',(3.E0,-9.5E-1,2.11E0));
#884=LINE('',#883,#882);
#885=DIRECTION('',(1.E0,0.E0,0.E0));
#886=VECTOR('',#885,5.25E-1);
#887=CARTESIAN_POINT('',(2.475E0,-9.5E-1,2.11E0));
#888=LINE('',#887,#886);
#889=CARTESIAN_POINT('',(2.475E0,-6.5E-1,2.11E0));
#890=DIRECTION('',(0.E0,0.E0,1.E0));
#891=DIRECTION('',(-1.E0,0.E0,0.E0));
#892=AXIS2_PLACEMENT_3D('',#889,#890,#891);
#894=DIRECTION('',(1.E0,0.E0,0.E0));
#895=VECTOR('',#894,1.25E-1);
#896=CARTESIAN_POINT('',(1.95E0,5.496745932157E-2,2.11E0));
#897=LINE('',#896,#895);
#898=DIRECTION('',(-1.E0,0.E0,0.E0));
#899=VECTOR('',#898,1.4E-1);
#900=CARTESIAN_POINT('',(2.09E0,2.15E-1,2.11E0));
#901=LINE('',#900,#899);
#902=CARTESIAN_POINT('',(2.09E0,-8.5E-2,2.11E0));
#903=DIRECTION('',(0.E0,0.E0,1.E0));
#904=DIRECTION('',(1.E0,0.E0,0.E0));
#905=AXIS2_PLACEMENT_3D('',#902,#903,#904);
#907=DIRECTION('',(0.E0,0.E0,-1.E0));
#908=VECTOR('',#907,4.1E-1);
#909=CARTESIAN_POINT('',(-2.475E0,-9.5E-1,2.11E0));
#910=LINE('',#909,#908);
#911=DIRECTION('',(0.E0,0.E0,1.E0));
#912=VECTOR('',#911,4.1E-1);
#913=CARTESIAN_POINT('',(-3.E0,-9.5E-1,1.7E0));
#914=LINE('',#913,#912);
#915=DIRECTION('',(0.E0,0.E0,1.E0));
#916=VECTOR('',#915,4.1E-1);
#917=CARTESIAN_POINT('',(-3.E0,-7.35E-1,1.7E0));
#918=LINE('',#917,#916);
#919=DIRECTION('',(0.E0,0.E0,1.E0));
#920=VECTOR('',#919,4.1E-1);
#921=CARTESIAN_POINT('',(-2.49E0,-7.35E-1,1.7E0));
#922=LINE('',#921,#920);
#923=CARTESIAN_POINT('',(-2.49E0,-6.35E-1,1.7E0));
#924=DIRECTION('',(0.E0,0.E0,1.E0));
#925=DIRECTION('',(0.E0,-1.E0,0.E0));
#926=AXIS2_PLACEMENT_3D('',#923,#924,#925);
#928=CARTESIAN_POINT('',(-2.49E0,-6.35E-1,2.11E0));
#929=DIRECTION('',(0.E0,0.E0,-1.E0));
#930=DIRECTION('',(1.E0,0.E0,0.E0));
#931=AXIS2_PLACEMENT_3D('',#928,#929,#930);
#933=DIRECTION('',(0.E0,0.E0,1.E0));
#934=VECTOR('',#933,4.1E-1);
#935=CARTESIAN_POINT('',(-2.39E0,-6.35E-1,1.7E0));
#936=LINE('',#935,#934);
#937=DIRECTION('',(0.E0,0.E0,-1.E0));
#938=VECTOR('',#937,4.1E-1);
#939=CARTESIAN_POINT('',(-2.39E0,-8.5E-2,2.11E0));
#940=LINE('',#939,#938);
#941=DIRECTION('',(0.E0,0.E0,-1.E0));
#942=VECTOR('',#941,4.1E-1);
#943=CARTESIAN_POINT('',(2.09E0,2.15E-1,2.11E0));
#944=LINE('',#943,#942);
#945=DIRECTION('',(0.E0,0.E0,-1.E0));
#946=VECTOR('',#945,4.1E-1);
#947=CARTESIAN_POINT('',(-2.09E0,2.15E-1,2.11E0));
#948=LINE('',#947,#946);
#949=DIRECTION('',(0.E0,0.E0,1.E0));
#950=VECTOR('',#949,4.1E-1);
#951=CARTESIAN_POINT('',(2.39E0,-6.35E-1,1.7E0));
#952=LINE('',#951,#950);
#953=DIRECTION('',(0.E0,1.E0,0.E0));
#954=VECTOR('',#953,5.5E-1);
#955=CARTESIAN_POINT('',(2.39E0,-6.35E-1,2.11E0));
#956=LINE('',#955,#954);
#957=DIRECTION('',(0.E0,0.E0,-1.E0));
#958=VECTOR('',#957,4.1E-1);
#959=CARTESIAN_POINT('',(2.39E0,-8.5E-2,2.11E0));
#960=LINE('',#959,#958);
#961=DIRECTION('',(0.E0,-1.E0,0.E0));
#962=VECTOR('',#961,5.5E-1);
#963=CARTESIAN_POINT('',(2.39E0,-8.5E-2,1.7E0));
#964=LINE('',#963,#962);
#965=CARTESIAN_POINT('',(2.49E0,-6.35E-1,1.7E0));
#966=DIRECTION('',(0.E0,0.E0,1.E0));
#967=DIRECTION('',(-1.E0,0.E0,0.E0));
#968=AXIS2_PLACEMENT_3D('',#965,#966,#967);
#970=CARTESIAN_POINT('',(2.49E0,-6.35E-1,2.11E0));
#971=DIRECTION('',(0.E0,0.E0,-1.E0));
#972=DIRECTION('',(0.E0,-1.E0,0.E0));
#973=AXIS2_PLACEMENT_3D('',#970,#971,#972);
#975=DIRECTION('',(0.E0,0.E0,1.E0));
#976=VECTOR('',#975,4.1E-1);
#977=CARTESIAN_POINT('',(2.49E0,-7.35E-1,1.7E0));
#978=LINE('',#977,#976);
#979=DIRECTION('',(0.E0,0.E0,1.E0));
#980=VECTOR('',#979,4.1E-1);
#981=CARTESIAN_POINT('',(3.E0,-7.35E-1,1.7E0));
#982=LINE('',#981,#980);
#983=DIRECTION('',(0.E0,0.E0,1.E0));
#984=VECTOR('',#983,4.1E-1);
#985=CARTESIAN_POINT('',(3.E0,-9.5E-1,1.7E0));
#986=LINE('',#985,#984);
#987=DIRECTION('',(0.E0,0.E0,-1.E0));
#988=VECTOR('',#987,4.1E-1);
#989=CARTESIAN_POINT('',(2.475E0,-9.5E-1,2.11E0));
#990=LINE('',#989,#988);
#991=DIRECTION('',(0.E0,0.E0,1.E0));
#992=VECTOR('',#991,4.1E-1);
#993=CARTESIAN_POINT('',(2.175E0,-4.503254067843E-2,1.7E0));
#994=LINE('',#993,#992);
#995=DIRECTION('',(0.E0,-1.E0,0.E0));
#996=VECTOR('',#995,6.049674593216E-1);
#997=CARTESIAN_POINT('',(2.175E0,-4.503254067843E-2,2.11E0));
#998=LINE('',#997,#996);
#999=DIRECTION('',(0.E0,0.E0,-1.E0));
#1000=VECTOR('',#999,4.1E-1);
#1001=CARTESIAN_POINT('',(2.175E0,-6.5E-1,2.11E0));
#1002=LINE('',#1001,#1000);
#1003=DIRECTION('',(0.E0,1.E0,0.E0));
#1004=VECTOR('',#1003,6.049674593216E-1);
#1005=CARTESIAN_POINT('',(2.175E0,-6.5E-1,1.7E0));
#1006=LINE('',#1005,#1004);
#1007=CARTESIAN_POINT('',(2.075E0,-4.503254067843E-2,1.7E0));
#1008=DIRECTION('',(0.E0,0.E0,1.E0));
#1009=DIRECTION('',(1.E0,0.E0,0.E0));
#1010=AXIS2_PLACEMENT_3D('',#1007,#1008,#1009);
#1012=CARTESIAN_POINT('',(2.075E0,-4.503254067843E-2,2.11E0));
#1013=DIRECTION('',(0.E0,0.E0,-1.E0));
#1014=DIRECTION('',(0.E0,1.E0,0.E0));
#1015=AXIS2_PLACEMENT_3D('',#1012,#1013,#1014);
#1017=DIRECTION('',(0.E0,1.E0,0.E0));
#1018=VECTOR('',#1017,6.049674593216E-1);
#1019=CARTESIAN_POINT('',(-2.175E0,-6.5E-1,-2.11E0));
#1020=LINE('',#1019,#1018);
#1021=DIRECTION('',(1.E0,0.E0,0.E0));
#1022=VECTOR('',#1021,1.25E-1);
#1023=CARTESIAN_POINT('',(-2.075E0,5.496745932157E-2,-2.11E0));
#1024=LINE('',#1023,#1022);
#1025=DIRECTION('',(-1.E0,0.E0,0.E0));
#1026=VECTOR('',#1025,1.4E-1);
#1027=CARTESIAN_POINT('',(-1.95E0,2.15E-1,-2.11E0));
#1028=LINE('',#1027,#1026);
#1029=CARTESIAN_POINT('',(-2.09E0,-8.5E-2,-2.11E0));
#1030=DIRECTION('',(0.E0,0.E0,-1.E0));
#1031=DIRECTION('',(-1.E0,0.E0,0.E0));
#1032=AXIS2_PLACEMENT_3D('',#1029,#1030,#1031);
#1034=DIRECTION('',(0.E0,-1.E0,0.E0));
#1035=VECTOR('',#1034,5.5E-1);
#1036=CARTESIAN_POINT('',(-2.39E0,-8.5E-2,-2.11E0));
#1037=LINE('',#1036,#1035);
#1038=DIRECTION('',(-1.E0,0.E0,0.E0));
#1039=VECTOR('',#1038,5.1E-1);
#1040=CARTESIAN_POINT('',(-2.49E0,-7.35E-1,-2.11E0));
#1041=LINE('',#1040,#1039);
#1042=DIRECTION('',(0.E0,-1.E0,0.E0));
#1043=VECTOR('',#1042,2.15E-1);
#1044=CARTESIAN_POINT('',(-3.E0,-7.35E-1,-2.11E0));
#1045=LINE('',#1044,#1043);
#1046=DIRECTION('',(1.E0,0.E0,0.E0));
#1047=VECTOR('',#1046,5.25E-1);
#1048=CARTESIAN_POINT('',(-3.E0,-9.5E-1,-2.11E0));
#1049=LINE('',#1048,#1047);
#1050=CARTESIAN_POINT('',(-2.475E0,-6.5E-1,-2.11E0));
#1051=DIRECTION('',(0.E0,0.E0,-1.E0));
#1052=DIRECTION('',(1.E0,0.E0,0.E0));
#1053=AXIS2_PLACEMENT_3D('',#1050,#1051,#1052);
#1055=DIRECTION('',(1.E0,0.E0,0.E0));
#1056=VECTOR('',#1055,1.25E-1);
#1057=CARTESIAN_POINT('',(1.95E0,5.496745932157E-2,-2.11E0));
#1058=LINE('',#1057,#1056);
#1059=CARTESIAN_POINT('',(2.475E0,-6.5E-1,-2.11E0));
#1060=DIRECTION('',(0.E0,0.E0,-1.E0));
#1061=DIRECTION('',(0.E0,-1.E0,0.E0));
#1062=AXIS2_PLACEMENT_3D('',#1059,#1060,#1061);
#1064=DIRECTION('',(1.E0,0.E0,0.E0));
#1065=VECTOR('',#1064,5.25E-1);
#1066=CARTESIAN_POINT('',(2.475E0,-9.5E-1,-2.11E0));
#1067=LINE('',#1066,#1065);
#1068=DIRECTION('',(0.E0,1.E0,0.E0));
#1069=VECTOR('',#1068,2.15E-1);
#1070=CARTESIAN_POINT('',(3.E0,-9.5E-1,-2.11E0));
#1071=LINE('',#1070,#1069);
#1072=DIRECTION('',(-1.E0,0.E0,0.E0));
#1073=VECTOR('',#1072,5.1E-1);
#1074=CARTESIAN_POINT('',(3.E0,-7.35E-1,-2.11E0));
#1075=LINE('',#1074,#1073);
#1076=CARTESIAN_POINT('',(2.09E0,-8.5E-2,-2.11E0));
#1077=DIRECTION('',(0.E0,0.E0,-1.E0));
#1078=DIRECTION('',(0.E0,1.E0,0.E0));
#1079=AXIS2_PLACEMENT_3D('',#1076,#1077,#1078);
#1081=DIRECTION('',(-1.E0,0.E0,0.E0));
#1082=VECTOR('',#1081,1.4E-1);
#1083=CARTESIAN_POINT('',(2.09E0,2.15E-1,-2.11E0));
#1084=LINE('',#1083,#1082);
#1085=DIRECTION('',(0.E0,0.E0,1.E0));
#1086=VECTOR('',#1085,4.1E-1);
#1087=CARTESIAN_POINT('',(-2.175E0,-4.503254067843E-2,-2.11E0));
#1088=LINE('',#1087,#1086);
#1089=DIRECTION('',(0.E0,0.E0,-1.E0));
#1090=VECTOR('',#1089,4.1E-1);
#1091=CARTESIAN_POINT('',(-2.175E0,-6.5E-1,-1.7E0));
#1092=LINE('',#1091,#1090);
#1093=CARTESIAN_POINT('',(-2.075E0,-4.503254067843E-2,-2.11E0));
#1094=DIRECTION('',(0.E0,0.E0,1.E0));
#1095=DIRECTION('',(0.E0,1.E0,0.E0));
#1096=AXIS2_PLACEMENT_3D('',#1093,#1094,#1095);
#1098=CARTESIAN_POINT('',(-2.075E0,-4.503254067843E-2,-1.7E0));
#1099=DIRECTION('',(0.E0,0.E0,-1.E0));
#1100=DIRECTION('',(-1.E0,0.E0,0.E0));
#1101=AXIS2_PLACEMENT_3D('',#1098,#1099,#1100);
#1103=DIRECTION('',(0.E0,0.E0,1.E0));
#1104=VECTOR('',#1103,4.1E-1);
#1105=CARTESIAN_POINT('',(-2.075E0,5.496745932157E-2,-2.11E0));
#1106=LINE('',#1105,#1104);
#1107=DIRECTION('',(0.E0,0.E0,1.E0));
#1108=VECTOR('',#1107,4.1E-1);
#1109=CARTESIAN_POINT('',(2.075E0,5.496745932157E-2,-2.11E0));
#1110=LINE('',#1109,#1108);
#1111=DIRECTION('',(1.E0,0.E0,0.E0));
#1112=VECTOR('',#1111,1.25E-1);
#1113=CARTESIAN_POINT('',(-2.075E0,5.496745932157E-2,-1.7E0));
#1114=LINE('',#1113,#1112);
#1115=DIRECTION('',(0.E0,1.E0,0.E0));
#1116=VECTOR('',#1115,6.049674593216E-1);
#1117=CARTESIAN_POINT('',(-2.175E0,-6.5E-1,-1.7E0));
#1118=LINE('',#1117,#1116);
#1119=CARTESIAN_POINT('',(-2.475E0,-6.5E-1,-1.7E0));
#1120=DIRECTION('',(0.E0,0.E0,1.E0));
#1121=DIRECTION('',(0.E0,-1.E0,0.E0));
#1122=AXIS2_PLACEMENT_3D('',#1119,#1120,#1121);
#1124=DIRECTION('',(1.E0,0.E0,0.E0));
#1125=VECTOR('',#1124,5.25E-1);
#1126=CARTESIAN_POINT('',(-3.E0,-9.5E-1,-1.7E0));
#1127=LINE('',#1126,#1125);
#1128=DIRECTION('',(0.E0,-1.E0,0.E0));
#1129=VECTOR('',#1128,2.15E-1);
#1130=CARTESIAN_POINT('',(-3.E0,-7.35E-1,-1.7E0));
#1131=LINE('',#1130,#1129);
#1132=DIRECTION('',(-1.E0,0.E0,0.E0));
#1133=VECTOR('',#1132,5.1E-1);
#1134=CARTESIAN_POINT('',(-2.49E0,-7.35E-1,-1.7E0));
#1135=LINE('',#1134,#1133);
#1136=DIRECTION('',(0.E0,-1.E0,0.E0));
#1137=VECTOR('',#1136,5.5E-1);
#1138=CARTESIAN_POINT('',(-2.39E0,-8.5E-2,-1.7E0));
#1139=LINE('',#1138,#1137);
#1140=CARTESIAN_POINT('',(-2.09E0,-8.5E-2,-1.7E0));
#1141=DIRECTION('',(0.E0,0.E0,1.E0));
#1142=DIRECTION('',(0.E0,1.E0,0.E0));
#1143=AXIS2_PLACEMENT_3D('',#1140,#1141,#1142);
#1145=DIRECTION('',(-1.E0,0.E0,0.E0));
#1146=VECTOR('',#1145,1.4E-1);
#1147=CARTESIAN_POINT('',(-1.95E0,2.15E-1,-1.7E0));
#1148=LINE('',#1147,#1146);
#1149=DIRECTION('',(1.E0,0.E0,0.E0));
#1150=VECTOR('',#1149,1.25E-1);
#1151=CARTESIAN_POINT('',(1.95E0,5.496745932157E-2,-1.7E0));
#1152=LINE('',#1151,#1150);
#1153=DIRECTION('',(-1.E0,0.E0,0.E0));
#1154=VECTOR('',#1153,1.4E-1);
#1155=CARTESIAN_POINT('',(2.09E0,2.15E-1,-1.7E0));
#1156=LINE('',#1155,#1154);
#1157=CARTESIAN_POINT('',(2.09E0,-8.5E-2,-1.7E0));
#1158=DIRECTION('',(0.E0,0.E0,1.E0));
#1159=DIRECTION('',(1.E0,0.E0,0.E0));
#1160=AXIS2_PLACEMENT_3D('',#1157,#1158,#1159);
#1162=DIRECTION('',(-1.E0,0.E0,0.E0));
#1163=VECTOR('',#1162,5.1E-1);
#1164=CARTESIAN_POINT('',(3.E0,-7.35E-1,-1.7E0));
#1165=LINE('',#1164,#1163);
#1166=DIRECTION('',(0.E0,1.E0,0.E0));
#1167=VECTOR('',#1166,2.15E-1);
#1168=CARTESIAN_POINT('',(3.E0,-9.5E-1,-1.7E0));
#1169=LINE('',#1168,#1167);
#1170=DIRECTION('',(1.E0,0.E0,0.E0));
#1171=VECTOR('',#1170,5.25E-1);
#1172=CARTESIAN_POINT('',(2.475E0,-9.5E-1,-1.7E0));
#1173=LINE('',#1172,#1171);
#1174=CARTESIAN_POINT('',(2.475E0,-6.5E-1,-1.7E0));
#1175=DIRECTION('',(0.E0,0.E0,1.E0));
#1176=DIRECTION('',(-1.E0,0.E0,0.E0));
#1177=AXIS2_PLACEMENT_3D('',#1174,#1175,#1176);
#1179=DIRECTION('',(0.E0,0.E0,-1.E0));
#1180=VECTOR('',#1179,4.1E-1);
#1181=CARTESIAN_POINT('',(-2.475E0,-9.5E-1,-1.7E0));
#1182=LINE('',#1181,#1180);
#1183=DIRECTION('',(0.E0,0.E0,1.E0));
#1184=VECTOR('',#1183,4.1E-1);
#1185=CARTESIAN_POINT('',(-3.E0,-9.5E-1,-2.11E0));
#1186=LINE('',#1185,#1184);
#1187=DIRECTION('',(0.E0,0.E0,1.E0));
#1188=VECTOR('',#1187,4.1E-1);
#1189=CARTESIAN_POINT('',(-3.E0,-7.35E-1,-2.11E0));
#1190=LINE('',#1189,#1188);
#1191=DIRECTION('',(0.E0,0.E0,1.E0));
#1192=VECTOR('',#1191,4.1E-1);
#1193=CARTESIAN_POINT('',(-2.49E0,-7.35E-1,-2.11E0));
#1194=LINE('',#1193,#1192);
#1195=CARTESIAN_POINT('',(-2.49E0,-6.35E-1,-2.11E0));
#1196=DIRECTION('',(0.E0,0.E0,1.E0));
#1197=DIRECTION('',(0.E0,-1.E0,0.E0));
#1198=AXIS2_PLACEMENT_3D('',#1195,#1196,#1197);
#1200=CARTESIAN_POINT('',(-2.49E0,-6.35E-1,-1.7E0));
#1201=DIRECTION('',(0.E0,0.E0,-1.E0));
#1202=DIRECTION('',(1.E0,0.E0,0.E0));
#1203=AXIS2_PLACEMENT_3D('',#1200,#1201,#1202);
#1205=DIRECTION('',(0.E0,0.E0,1.E0));
#1206=VECTOR('',#1205,4.1E-1);
#1207=CARTESIAN_POINT('',(-2.39E0,-6.35E-1,-2.11E0));
#1208=LINE('',#1207,#1206);
#1209=DIRECTION('',(0.E0,0.E0,-1.E0));
#1210=VECTOR('',#1209,4.1E-1);
#1211=CARTESIAN_POINT('',(-2.39E0,-8.5E-2,-1.7E0));
#1212=LINE('',#1211,#1210);
#1213=DIRECTION('',(0.E0,0.E0,-1.E0));
#1214=VECTOR('',#1213,4.1E-1);
#1215=CARTESIAN_POINT('',(2.09E0,2.15E-1,-1.7E0));
#1216=LINE('',#1215,#1214);
#1217=DIRECTION('',(0.E0,0.E0,-1.E0));
#1218=VECTOR('',#1217,4.1E-1);
#1219=CARTESIAN_POINT('',(-2.09E0,2.15E-1,-1.7E0));
#1220=LINE('',#1219,#1218);
#1221=DIRECTION('',(0.E0,0.E0,1.E0));
#1222=VECTOR('',#1221,4.1E-1);
#1223=CARTESIAN_POINT('',(2.39E0,-6.35E-1,-2.11E0));
#1224=LINE('',#1223,#1222);
#1225=DIRECTION('',(0.E0,1.E0,0.E0));
#1226=VECTOR('',#1225,5.5E-1);
#1227=CARTESIAN_POINT('',(2.39E0,-6.35E-1,-1.7E0));
#1228=LINE('',#1227,#1226);
#1229=DIRECTION('',(0.E0,0.E0,-1.E0));
#1230=VECTOR('',#1229,4.1E-1);
#1231=CARTESIAN_POINT('',(2.39E0,-8.5E-2,-1.7E0));
#1232=LINE('',#1231,#1230);
#1233=DIRECTION('',(0.E0,-1.E0,0.E0));
#1234=VECTOR('',#1233,5.5E-1);
#1235=CARTESIAN_POINT('',(2.39E0,-8.5E-2,-2.11E0));
#1236=LINE('',#1235,#1234);
#1237=CARTESIAN_POINT('',(2.49E0,-6.35E-1,-2.11E0));
#1238=DIRECTION('',(0.E0,0.E0,1.E0));
#1239=DIRECTION('',(-1.E0,0.E0,0.E0));
#1240=AXIS2_PLACEMENT_3D('',#1237,#1238,#1239);
#1242=CARTESIAN_POINT('',(2.49E0,-6.35E-1,-1.7E0));
#1243=DIRECTION('',(0.E0,0.E0,-1.E0));
#1244=DIRECTION('',(0.E0,-1.E0,0.E0));
#1245=AXIS2_PLACEMENT_3D('',#1242,#1243,#1244);
#1247=DIRECTION('',(0.E0,0.E0,1.E0));
#1248=VECTOR('',#1247,4.1E-1);
#1249=CARTESIAN_POINT('',(2.49E0,-7.35E-1,-2.11E0));
#1250=LINE('',#1249,#1248);
#1251=DIRECTION('',(0.E0,0.E0,1.E0));
#1252=VECTOR('',#1251,4.1E-1);
#1253=CARTESIAN_POINT('',(3.E0,-7.35E-1,-2.11E0));
#1254=LINE('',#1253,#1252);
#1255=DIRECTION('',(0.E0,0.E0,1.E0));
#1256=VECTOR('',#1255,4.1E-1);
#1257=CARTESIAN_POINT('',(3.E0,-9.5E-1,-2.11E0));
#1258=LINE('',#1257,#1256);
#1259=DIRECTION('',(0.E0,0.E0,-1.E0));
#1260=VECTOR('',#1259,4.1E-1);
#1261=CARTESIAN_POINT('',(2.475E0,-9.5E-1,-1.7E0));
#1262=LINE('',#1261,#1260);
#1263=DIRECTION('',(0.E0,0.E0,1.E0));
#1264=VECTOR('',#1263,4.1E-1);
#1265=CARTESIAN_POINT('',(2.175E0,-4.503254067843E-2,-2.11E0));
#1266=LINE('',#1265,#1264);
#1267=DIRECTION('',(0.E0,-1.E0,0.E0));
#1268=VECTOR('',#1267,6.049674593216E-1);
#1269=CARTESIAN_POINT('',(2.175E0,-4.503254067843E-2,-1.7E0));
#1270=LINE('',#1269,#1268);
#1271=DIRECTION('',(0.E0,0.E0,-1.E0));
#1272=VECTOR('',#1271,4.1E-1);
#1273=CARTESIAN_POINT('',(2.175E0,-6.5E-1,-1.7E0));
#1274=LINE('',#1273,#1272);
#1275=DIRECTION('',(0.E0,1.E0,0.E0));
#1276=VECTOR('',#1275,6.049674593216E-1);
#1277=CARTESIAN_POINT('',(2.175E0,-6.5E-1,-2.11E0));
#1278=LINE('',#1277,#1276);
#1279=CARTESIAN_POINT('',(2.075E0,-4.503254067843E-2,-2.11E0));
#1280=DIRECTION('',(0.E0,0.E0,1.E0));
#1281=DIRECTION('',(1.E0,0.E0,0.E0));
#1282=AXIS2_PLACEMENT_3D('',#1279,#1280,#1281);
#1284=CARTESIAN_POINT('',(2.075E0,-4.503254067843E-2,-1.7E0));
#1285=DIRECTION('',(0.E0,0.E0,-1.E0));
#1286=DIRECTION('',(0.E0,1.E0,0.E0));
#1287=AXIS2_PLACEMENT_3D('',#1284,#1285,#1286);
#1289=CARTESIAN_POINT('',(-1.575E0,7.75E-1,-2.45E0));
#1290=CARTESIAN_POINT('',(-1.95E0,4.E-1,-2.45E0));
#1291=VERTEX_POINT('',#1289);
#1292=VERTEX_POINT('',#1290);
#1293=CARTESIAN_POINT('',(-1.95E0,-2.513131176524E-1,-2.45E0));
#1294=VERTEX_POINT('',#1293);
#1295=CARTESIAN_POINT('',(-1.849667315109E0,-7.75E-1,-2.45E0));
#1296=VERTEX_POINT('',#1295);
#1297=CARTESIAN_POINT('',(1.95E0,-7.75E-1,-2.45E0));
#1298=VERTEX_POINT('',#1297);
#1299=CARTESIAN_POINT('',(1.95E0,7.75E-1,-2.45E0));
#1300=VERTEX_POINT('',#1299);
#1301=CARTESIAN_POINT('',(-1.575E0,7.75E-1,2.45E0));
#1302=CARTESIAN_POINT('',(-1.95E0,4.E-1,2.45E0));
#1303=VERTEX_POINT('',#1301);
#1304=VERTEX_POINT('',#1302);
#1305=CARTESIAN_POINT('',(-1.95E0,-2.513131176524E-1,2.45E0));
#1306=VERTEX_POINT('',#1305);
#1307=CARTESIAN_POINT('',(-1.849667315109E0,-7.75E-1,2.45E0));
#1308=VERTEX_POINT('',#1307);
#1309=CARTESIAN_POINT('',(1.95E0,-7.75E-1,2.45E0));
#1310=VERTEX_POINT('',#1309);
#1311=CARTESIAN_POINT('',(1.95E0,7.75E-1,2.45E0));
#1312=VERTEX_POINT('',#1311);
#1313=CARTESIAN_POINT('',(-3.E0,-7.35E-1,4.3E-1));
#1314=CARTESIAN_POINT('',(-3.E0,-9.5E-1,4.3E-1));
#1315=VERTEX_POINT('',#1313);
#1316=VERTEX_POINT('',#1314);
#1317=CARTESIAN_POINT('',(3.E0,-9.5E-1,4.3E-1));
#1318=CARTESIAN_POINT('',(3.E0,-7.35E-1,4.3E-1));
#1319=VERTEX_POINT('',#1317);
#1320=VERTEX_POINT('',#1318);
#1321=CARTESIAN_POINT('',(-3.E0,-7.35E-1,8.4E-1));
#1322=CARTESIAN_POINT('',(-3.E0,-9.5E-1,8.4E-1));
#1323=VERTEX_POINT('',#1321);
#1324=VERTEX_POINT('',#1322);
#1325=CARTESIAN_POINT('',(3.E0,-9.5E-1,8.4E-1));
#1326=CARTESIAN_POINT('',(3.E0,-7.35E-1,8.4E-1));
#1327=VERTEX_POINT('',#1325);
#1328=VERTEX_POINT('',#1326);
#1329=CARTESIAN_POINT('',(-1.95E0,5.496745932157E-2,4.3E-1));
#1330=CARTESIAN_POINT('',(-1.95E0,2.15E-1,4.3E-1));
#1331=VERTEX_POINT('',#1329);
#1332=VERTEX_POINT('',#1330);
#1333=CARTESIAN_POINT('',(-1.95E0,5.496745932157E-2,8.4E-1));
#1334=CARTESIAN_POINT('',(-1.95E0,2.15E-1,8.4E-1));
#1335=VERTEX_POINT('',#1333);
#1336=VERTEX_POINT('',#1334);
#1337=CARTESIAN_POINT('',(1.95E0,5.496745932157E-2,4.3E-1));
#1338=CARTESIAN_POINT('',(1.95E0,2.15E-1,4.3E-1));
#1339=VERTEX_POINT('',#1337);
#1340=VERTEX_POINT('',#1338);
#1341=CARTESIAN_POINT('',(1.95E0,5.496745932157E-2,8.4E-1));
#1342=CARTESIAN_POINT('',(1.95E0,2.15E-1,8.4E-1));
#1343=VERTEX_POINT('',#1341);
#1344=VERTEX_POINT('',#1342);
#1345=CARTESIAN_POINT('',(-3.E0,-7.35E-1,-8.4E-1));
#1346=CARTESIAN_POINT('',(-3.E0,-9.5E-1,-8.4E-1));
#1347=VERTEX_POINT('',#1345);
#1348=VERTEX_POINT('',#1346);
#1349=CARTESIAN_POINT('',(3.E0,-9.5E-1,-8.4E-1));
#1350=CARTESIAN_POINT('',(3.E0,-7.35E-1,-8.4E-1));
#1351=VERTEX_POINT('',#1349);
#1352=VERTEX_POINT('',#1350);
#1353=CARTESIAN_POINT('',(-3.E0,-7.35E-1,-4.3E-1));
#1354=CARTESIAN_POINT('',(-3.E0,-9.5E-1,-4.3E-1));
#1355=VERTEX_POINT('',#1353);
#1356=VERTEX_POINT('',#1354);
#1357=CARTESIAN_POINT('',(3.E0,-9.5E-1,-4.3E-1));
#1358=CARTESIAN_POINT('',(3.E0,-7.35E-1,-4.3E-1));
#1359=VERTEX_POINT('',#1357);
#1360=VERTEX_POINT('',#1358);
#1361=CARTESIAN_POINT('',(-1.95E0,5.496745932157E-2,-8.4E-1));
#1362=CARTESIAN_POINT('',(-1.95E0,2.15E-1,-8.4E-1));
#1363=VERTEX_POINT('',#1361);
#1364=VERTEX_POINT('',#1362);
#1365=CARTESIAN_POINT('',(-1.95E0,5.496745932157E-2,-4.3E-1));
#1366=CARTESIAN_POINT('',(-1.95E0,2.15E-1,-4.3E-1));
#1367=VERTEX_POINT('',#1365);
#1368=VERTEX_POINT('',#1366);
#1369=CARTESIAN_POINT('',(1.95E0,5.496745932157E-2,-8.4E-1));
#1370=CARTESIAN_POINT('',(1.95E0,2.15E-1,-8.4E-1));
#1371=VERTEX_POINT('',#1369);
#1372=VERTEX_POINT('',#1370);
#1373=CARTESIAN_POINT('',(1.95E0,5.496745932157E-2,-4.3E-1));
#1374=CARTESIAN_POINT('',(1.95E0,2.15E-1,-4.3E-1));
#1375=VERTEX_POINT('',#1373);
#1376=VERTEX_POINT('',#1374);
#1377=CARTESIAN_POINT('',(-3.E0,-7.35E-1,1.7E0));
#1378=CARTESIAN_POINT('',(-3.E0,-9.5E-1,1.7E0));
#1379=VERTEX_POINT('',#1377);
#1380=VERTEX_POINT('',#1378);
#1381=CARTESIAN_POINT('',(3.E0,-9.5E-1,1.7E0));
#1382=CARTESIAN_POINT('',(3.E0,-7.35E-1,1.7E0));
#1383=VERTEX_POINT('',#1381);
#1384=VERTEX_POINT('',#1382);
#1385=CARTESIAN_POINT('',(-3.E0,-7.35E-1,2.11E0));
#1386=CARTESIAN_POINT('',(-3.E0,-9.5E-1,2.11E0));
#1387=VERTEX_POINT('',#1385);
#1388=VERTEX_POINT('',#1386);
#1389=CARTESIAN_POINT('',(3.E0,-9.5E-1,2.11E0));
#1390=CARTESIAN_POINT('',(3.E0,-7.35E-1,2.11E0));
#1391=VERTEX_POINT('',#1389);
#1392=VERTEX_POINT('',#1390);
#1393=CARTESIAN_POINT('',(-1.95E0,5.496745932157E-2,1.7E0));
#1394=CARTESIAN_POINT('',(-1.95E0,2.15E-1,1.7E0));
#1395=VERTEX_POINT('',#1393);
#1396=VERTEX_POINT('',#1394);
#1397=CARTESIAN_POINT('',(-1.95E0,5.496745932157E-2,2.11E0));
#1398=CARTESIAN_POINT('',(-1.95E0,2.15E-1,2.11E0));
#1399=VERTEX_POINT('',#1397);
#1400=VERTEX_POINT('',#1398);
#1401=CARTESIAN_POINT('',(1.95E0,5.496745932157E-2,1.7E0));
#1402=CARTESIAN_POINT('',(1.95E0,2.15E-1,1.7E0));
#1403=VERTEX_POINT('',#1401);
#1404=VERTEX_POINT('',#1402);
#1405=CARTESIAN_POINT('',(1.95E0,5.496745932157E-2,2.11E0));
#1406=CARTESIAN_POINT('',(1.95E0,2.15E-1,2.11E0));
#1407=VERTEX_POINT('',#1405);
#1408=VERTEX_POINT('',#1406);
#1409=CARTESIAN_POINT('',(-3.E0,-7.35E-1,-2.11E0));
#1410=CARTESIAN_POINT('',(-3.E0,-9.5E-1,-2.11E0));
#1411=VERTEX_POINT('',#1409);
#1412=VERTEX_POINT('',#1410);
#1413=CARTESIAN_POINT('',(3.E0,-9.5E-1,-2.11E0));
#1414=CARTESIAN_POINT('',(3.E0,-7.35E-1,-2.11E0));
#1415=VERTEX_POINT('',#1413);
#1416=VERTEX_POINT('',#1414);
#1417=CARTESIAN_POINT('',(-3.E0,-7.35E-1,-1.7E0));
#1418=CARTESIAN_POINT('',(-3.E0,-9.5E-1,-1.7E0));
#1419=VERTEX_POINT('',#1417);
#1420=VERTEX_POINT('',#1418);
#1421=CARTESIAN_POINT('',(3.E0,-9.5E-1,-1.7E0));
#1422=CARTESIAN_POINT('',(3.E0,-7.35E-1,-1.7E0));
#1423=VERTEX_POINT('',#1421);
#1424=VERTEX_POINT('',#1422);
#1425=CARTESIAN_POINT('',(-1.95E0,5.496745932157E-2,-2.11E0));
#1426=CARTESIAN_POINT('',(-1.95E0,2.15E-1,-2.11E0));
#1427=VERTEX_POINT('',#1425);
#1428=VERTEX_POINT('',#1426);
#1429=CARTESIAN_POINT('',(-1.95E0,5.496745932157E-2,-1.7E0));
#1430=CARTESIAN_POINT('',(-1.95E0,2.15E-1,-1.7E0));
#1431=VERTEX_POINT('',#1429);
#1432=VERTEX_POINT('',#1430);
#1433=CARTESIAN_POINT('',(1.95E0,5.496745932157E-2,-2.11E0));
#1434=CARTESIAN_POINT('',(1.95E0,2.15E-1,-2.11E0));
#1435=VERTEX_POINT('',#1433);
#1436=VERTEX_POINT('',#1434);
#1437=CARTESIAN_POINT('',(1.95E0,5.496745932157E-2,-1.7E0));
#1438=CARTESIAN_POINT('',(1.95E0,2.15E-1,-1.7E0));
#1439=VERTEX_POINT('',#1437);
#1440=VERTEX_POINT('',#1438);
#1441=CARTESIAN_POINT('',(2.09E0,2.15E-1,-2.11E0));
#1442=CARTESIAN_POINT('',(2.39E0,-8.5E-2,-2.11E0));
#1443=VERTEX_POINT('',#1441);
#1444=VERTEX_POINT('',#1442);
#1445=CARTESIAN_POINT('',(2.39E0,-8.5E-2,-1.7E0));
#1446=VERTEX_POINT('',#1445);
#1447=CARTESIAN_POINT('',(2.09E0,2.15E-1,-1.7E0));
#1448=VERTEX_POINT('',#1447);
#1449=CARTESIAN_POINT('',(2.09E0,2.15E-1,-8.4E-1));
#1450=CARTESIAN_POINT('',(2.39E0,-8.5E-2,-8.4E-1));
#1451=VERTEX_POINT('',#1449);
#1452=VERTEX_POINT('',#1450);
#1453=CARTESIAN_POINT('',(2.39E0,-8.5E-2,-4.3E-1));
#1454=VERTEX_POINT('',#1453);
#1455=CARTESIAN_POINT('',(2.09E0,2.15E-1,-4.3E-1));
#1456=VERTEX_POINT('',#1455);
#1457=CARTESIAN_POINT('',(2.09E0,2.15E-1,4.3E-1));
#1458=CARTESIAN_POINT('',(2.39E0,-8.5E-2,4.3E-1));
#1459=VERTEX_POINT('',#1457);
#1460=VERTEX_POINT('',#1458);
#1461=CARTESIAN_POINT('',(2.39E0,-8.5E-2,8.4E-1));
#1462=VERTEX_POINT('',#1461);
#1463=CARTESIAN_POINT('',(2.09E0,2.15E-1,8.4E-1));
#1464=VERTEX_POINT('',#1463);
#1465=CARTESIAN_POINT('',(2.09E0,2.15E-1,1.7E0));
#1466=CARTESIAN_POINT('',(2.39E0,-8.5E-2,1.7E0));
#1467=VERTEX_POINT('',#1465);
#1468=VERTEX_POINT('',#1466);
#1469=CARTESIAN_POINT('',(2.39E0,-8.5E-2,2.11E0));
#1470=VERTEX_POINT('',#1469);
#1471=CARTESIAN_POINT('',(2.09E0,2.15E-1,2.11E0));
#1472=VERTEX_POINT('',#1471);
#1473=CARTESIAN_POINT('',(2.475E0,-9.5E-1,1.7E0));
#1474=CARTESIAN_POINT('',(2.175E0,-6.5E-1,1.7E0));
#1475=VERTEX_POINT('',#1473);
#1476=VERTEX_POINT('',#1474);
#1477=CARTESIAN_POINT('',(2.175E0,-6.5E-1,2.11E0));
#1478=VERTEX_POINT('',#1477);
#1479=CARTESIAN_POINT('',(2.475E0,-9.5E-1,2.11E0));
#1480=VERTEX_POINT('',#1479);
#1481=CARTESIAN_POINT('',(2.475E0,-9.5E-1,4.3E-1));
#1482=CARTESIAN_POINT('',(2.175E0,-6.5E-1,4.3E-1));
#1483=VERTEX_POINT('',#1481);
#1484=VERTEX_POINT('',#1482);
#1485=CARTESIAN_POINT('',(2.175E0,-6.5E-1,8.4E-1));
#1486=VERTEX_POINT('',#1485);
#1487=CARTESIAN_POINT('',(2.475E0,-9.5E-1,8.4E-1));
#1488=VERTEX_POINT('',#1487);
#1489=CARTESIAN_POINT('',(2.475E0,-9.5E-1,-8.4E-1));
#1490=CARTESIAN_POINT('',(2.175E0,-6.5E-1,-8.4E-1));
#1491=VERTEX_POINT('',#1489);
#1492=VERTEX_POINT('',#1490);
#1493=CARTESIAN_POINT('',(2.175E0,-6.5E-1,-4.3E-1));
#1494=VERTEX_POINT('',#1493);
#1495=CARTESIAN_POINT('',(2.475E0,-9.5E-1,-4.3E-1));
#1496=VERTEX_POINT('',#1495);
#1497=CARTESIAN_POINT('',(2.475E0,-9.5E-1,-2.11E0));
#1498=CARTESIAN_POINT('',(2.175E0,-6.5E-1,-2.11E0));
#1499=VERTEX_POINT('',#1497);
#1500=VERTEX_POINT('',#1498);
#1501=CARTESIAN_POINT('',(2.175E0,-6.5E-1,-1.7E0));
#1502=VERTEX_POINT('',#1501);
#1503=CARTESIAN_POINT('',(2.475E0,-9.5E-1,-1.7E0));
#1504=VERTEX_POINT('',#1503);
#1505=CARTESIAN_POINT('',(-2.175E0,-6.5E-1,-2.11E0));
#1506=CARTESIAN_POINT('',(-2.475E0,-9.5E-1,-2.11E0));
#1507=VERTEX_POINT('',#1505);
#1508=VERTEX_POINT('',#1506);
#1509=CARTESIAN_POINT('',(-2.475E0,-9.5E-1,-1.7E0));
#1510=VERTEX_POINT('',#1509);
#1511=CARTESIAN_POINT('',(-2.175E0,-6.5E-1,-1.7E0));
#1512=VERTEX_POINT('',#1511);
#1513=CARTESIAN_POINT('',(-2.175E0,-6.5E-1,-8.4E-1));
#1514=CARTESIAN_POINT('',(-2.475E0,-9.5E-1,-8.4E-1));
#1515=VERTEX_POINT('',#1513);
#1516=VERTEX_POINT('',#1514);
#1517=CARTESIAN_POINT('',(-2.475E0,-9.5E-1,-4.3E-1));
#1518=VERTEX_POINT('',#1517);
#1519=CARTESIAN_POINT('',(-2.175E0,-6.5E-1,-4.3E-1));
#1520=VERTEX_POINT('',#1519);
#1521=CARTESIAN_POINT('',(-2.175E0,-6.5E-1,4.3E-1));
#1522=CARTESIAN_POINT('',(-2.475E0,-9.5E-1,4.3E-1));
#1523=VERTEX_POINT('',#1521);
#1524=VERTEX_POINT('',#1522);
#1525=CARTESIAN_POINT('',(-2.475E0,-9.5E-1,8.4E-1));
#1526=VERTEX_POINT('',#1525);
#1527=CARTESIAN_POINT('',(-2.175E0,-6.5E-1,8.4E-1));
#1528=VERTEX_POINT('',#1527);
#1529=CARTESIAN_POINT('',(-2.175E0,-6.5E-1,1.7E0));
#1530=CARTESIAN_POINT('',(-2.475E0,-9.5E-1,1.7E0));
#1531=VERTEX_POINT('',#1529);
#1532=VERTEX_POINT('',#1530);
#1533=CARTESIAN_POINT('',(-2.475E0,-9.5E-1,2.11E0));
#1534=VERTEX_POINT('',#1533);
#1535=CARTESIAN_POINT('',(-2.175E0,-6.5E-1,2.11E0));
#1536=VERTEX_POINT('',#1535);
#1537=CARTESIAN_POINT('',(-2.39E0,-8.5E-2,-2.11E0));
#1538=CARTESIAN_POINT('',(-2.09E0,2.15E-1,-2.11E0));
#1539=VERTEX_POINT('',#1537);
#1540=VERTEX_POINT('',#1538);
#1541=CARTESIAN_POINT('',(-2.09E0,2.15E-1,-1.7E0));
#1542=VERTEX_POINT('',#1541);
#1543=CARTESIAN_POINT('',(-2.39E0,-8.5E-2,-1.7E0));
#1544=VERTEX_POINT('',#1543);
#1545=CARTESIAN_POINT('',(-2.39E0,-8.5E-2,-8.4E-1));
#1546=CARTESIAN_POINT('',(-2.09E0,2.15E-1,-8.4E-1));
#1547=VERTEX_POINT('',#1545);
#1548=VERTEX_POINT('',#1546);
#1549=CARTESIAN_POINT('',(-2.09E0,2.15E-1,-4.3E-1));
#1550=VERTEX_POINT('',#1549);
#1551=CARTESIAN_POINT('',(-2.39E0,-8.5E-2,-4.3E-1));
#1552=VERTEX_POINT('',#1551);
#1553=CARTESIAN_POINT('',(-2.39E0,-8.5E-2,4.3E-1));
#1554=CARTESIAN_POINT('',(-2.09E0,2.15E-1,4.3E-1));
#1555=VERTEX_POINT('',#1553);
#1556=VERTEX_POINT('',#1554);
#1557=CARTESIAN_POINT('',(-2.09E0,2.15E-1,8.4E-1));
#1558=VERTEX_POINT('',#1557);
#1559=CARTESIAN_POINT('',(-2.39E0,-8.5E-2,8.4E-1));
#1560=VERTEX_POINT('',#1559);
#1561=CARTESIAN_POINT('',(-2.39E0,-8.5E-2,1.7E0));
#1562=CARTESIAN_POINT('',(-2.09E0,2.15E-1,1.7E0));
#1563=VERTEX_POINT('',#1561);
#1564=VERTEX_POINT('',#1562);
#1565=CARTESIAN_POINT('',(-2.09E0,2.15E-1,2.11E0));
#1566=VERTEX_POINT('',#1565);
#1567=CARTESIAN_POINT('',(-2.39E0,-8.5E-2,2.11E0));
#1568=VERTEX_POINT('',#1567);
#1569=CARTESIAN_POINT('',(-2.49E0,-7.35E-1,-2.11E0));
#1570=CARTESIAN_POINT('',(-2.49E0,-7.35E-1,-1.7E0));
#1571=VERTEX_POINT('',#1569);
#1572=VERTEX_POINT('',#1570);
#1573=CARTESIAN_POINT('',(-2.39E0,-6.35E-1,-2.11E0));
#1574=CARTESIAN_POINT('',(-2.39E0,-6.35E-1,-1.7E0));
#1575=VERTEX_POINT('',#1573);
#1576=VERTEX_POINT('',#1574);
#1577=CARTESIAN_POINT('',(-2.49E0,-7.35E-1,-8.4E-1));
#1578=CARTESIAN_POINT('',(-2.49E0,-7.35E-1,-4.3E-1));
#1579=VERTEX_POINT('',#1577);
#1580=VERTEX_POINT('',#1578);
#1581=CARTESIAN_POINT('',(-2.39E0,-6.35E-1,-8.4E-1));
#1582=CARTESIAN_POINT('',(-2.39E0,-6.35E-1,-4.3E-1));
#1583=VERTEX_POINT('',#1581);
#1584=VERTEX_POINT('',#1582);
#1585=CARTESIAN_POINT('',(-2.49E0,-7.35E-1,4.3E-1));
#1586=CARTESIAN_POINT('',(-2.49E0,-7.35E-1,8.4E-1));
#1587=VERTEX_POINT('',#1585);
#1588=VERTEX_POINT('',#1586);
#1589=CARTESIAN_POINT('',(-2.39E0,-6.35E-1,4.3E-1));
#1590=CARTESIAN_POINT('',(-2.39E0,-6.35E-1,8.4E-1));
#1591=VERTEX_POINT('',#1589);
#1592=VERTEX_POINT('',#1590);
#1593=CARTESIAN_POINT('',(-2.49E0,-7.35E-1,1.7E0));
#1594=CARTESIAN_POINT('',(-2.49E0,-7.35E-1,2.11E0));
#1595=VERTEX_POINT('',#1593);
#1596=VERTEX_POINT('',#1594);
#1597=CARTESIAN_POINT('',(-2.39E0,-6.35E-1,1.7E0));
#1598=CARTESIAN_POINT('',(-2.39E0,-6.35E-1,2.11E0));
#1599=VERTEX_POINT('',#1597);
#1600=VERTEX_POINT('',#1598);
#1601=CARTESIAN_POINT('',(-2.075E0,5.496745932157E-2,1.7E0));
#1602=CARTESIAN_POINT('',(-2.075E0,5.496745932157E-2,2.11E0));
#1603=VERTEX_POINT('',#1601);
#1604=VERTEX_POINT('',#1602);
#1605=CARTESIAN_POINT('',(-2.175E0,-4.503254067843E-2,1.7E0));
#1606=CARTESIAN_POINT('',(-2.175E0,-4.503254067843E-2,2.11E0));
#1607=VERTEX_POINT('',#1605);
#1608=VERTEX_POINT('',#1606);
#1609=CARTESIAN_POINT('',(-2.075E0,5.496745932157E-2,4.3E-1));
#1610=CARTESIAN_POINT('',(-2.075E0,5.496745932157E-2,8.4E-1));
#1611=VERTEX_POINT('',#1609);
#1612=VERTEX_POINT('',#1610);
#1613=CARTESIAN_POINT('',(-2.175E0,-4.503254067843E-2,4.3E-1));
#1614=CARTESIAN_POINT('',(-2.175E0,-4.503254067843E-2,8.4E-1));
#1615=VERTEX_POINT('',#1613);
#1616=VERTEX_POINT('',#1614);
#1617=CARTESIAN_POINT('',(-2.075E0,5.496745932157E-2,-8.4E-1));
#1618=CARTESIAN_POINT('',(-2.075E0,5.496745932157E-2,-4.3E-1));
#1619=VERTEX_POINT('',#1617);
#1620=VERTEX_POINT('',#1618);
#1621=CARTESIAN_POINT('',(-2.175E0,-4.503254067843E-2,-8.4E-1));
#1622=CARTESIAN_POINT('',(-2.175E0,-4.503254067843E-2,-4.3E-1));
#1623=VERTEX_POINT('',#1621);
#1624=VERTEX_POINT('',#1622);
#1625=CARTESIAN_POINT('',(-2.075E0,5.496745932157E-2,-2.11E0));
#1626=CARTESIAN_POINT('',(-2.075E0,5.496745932157E-2,-1.7E0));
#1627=VERTEX_POINT('',#1625);
#1628=VERTEX_POINT('',#1626);
#1629=CARTESIAN_POINT('',(-2.175E0,-4.503254067843E-2,-2.11E0));
#1630=CARTESIAN_POINT('',(-2.175E0,-4.503254067843E-2,-1.7E0));
#1631=VERTEX_POINT('',#1629);
#1632=VERTEX_POINT('',#1630);
#1633=CARTESIAN_POINT('',(2.175E0,-4.503254067843E-2,-2.11E0));
#1634=CARTESIAN_POINT('',(2.175E0,-4.503254067843E-2,-1.7E0));
#1635=VERTEX_POINT('',#1633);
#1636=VERTEX_POINT('',#1634);
#1637=CARTESIAN_POINT('',(2.075E0,5.496745932157E-2,-2.11E0));
#1638=CARTESIAN_POINT('',(2.075E0,5.496745932157E-2,-1.7E0));
#1639=VERTEX_POINT('',#1637);
#1640=VERTEX_POINT('',#1638);
#1641=CARTESIAN_POINT('',(2.175E0,-4.503254067843E-2,-8.4E-1));
#1642=CARTESIAN_POINT('',(2.175E0,-4.503254067843E-2,-4.3E-1));
#1643=VERTEX_POINT('',#1641);
#1644=VERTEX_POINT('',#1642);
#1645=CARTESIAN_POINT('',(2.075E0,5.496745932157E-2,-8.4E-1));
#1646=CARTESIAN_POINT('',(2.075E0,5.496745932157E-2,-4.3E-1));
#1647=VERTEX_POINT('',#1645);
#1648=VERTEX_POINT('',#1646);
#1649=CARTESIAN_POINT('',(2.175E0,-4.503254067843E-2,4.3E-1));
#1650=CARTESIAN_POINT('',(2.175E0,-4.503254067843E-2,8.4E-1));
#1651=VERTEX_POINT('',#1649);
#1652=VERTEX_POINT('',#1650);
#1653=CARTESIAN_POINT('',(2.075E0,5.496745932157E-2,4.3E-1));
#1654=CARTESIAN_POINT('',(2.075E0,5.496745932157E-2,8.4E-1));
#1655=VERTEX_POINT('',#1653);
#1656=VERTEX_POINT('',#1654);
#1657=CARTESIAN_POINT('',(2.39E0,-6.35E-1,-2.11E0));
#1658=CARTESIAN_POINT('',(2.39E0,-6.35E-1,-1.7E0));
#1659=VERTEX_POINT('',#1657);
#1660=VERTEX_POINT('',#1658);
#1661=CARTESIAN_POINT('',(2.49E0,-7.35E-1,-2.11E0));
#1662=CARTESIAN_POINT('',(2.49E0,-7.35E-1,-1.7E0));
#1663=VERTEX_POINT('',#1661);
#1664=VERTEX_POINT('',#1662);
#1665=CARTESIAN_POINT('',(2.39E0,-6.35E-1,-8.4E-1));
#1666=CARTESIAN_POINT('',(2.39E0,-6.35E-1,-4.3E-1));
#1667=VERTEX_POINT('',#1665);
#1668=VERTEX_POINT('',#1666);
#1669=CARTESIAN_POINT('',(2.49E0,-7.35E-1,-8.4E-1));
#1670=CARTESIAN_POINT('',(2.49E0,-7.35E-1,-4.3E-1));
#1671=VERTEX_POINT('',#1669);
#1672=VERTEX_POINT('',#1670);
#1673=CARTESIAN_POINT('',(2.39E0,-6.35E-1,4.3E-1));
#1674=CARTESIAN_POINT('',(2.39E0,-6.35E-1,8.4E-1));
#1675=VERTEX_POINT('',#1673);
#1676=VERTEX_POINT('',#1674);
#1677=CARTESIAN_POINT('',(2.49E0,-7.35E-1,4.3E-1));
#1678=CARTESIAN_POINT('',(2.49E0,-7.35E-1,8.4E-1));
#1679=VERTEX_POINT('',#1677);
#1680=VERTEX_POINT('',#1678);
#1681=CARTESIAN_POINT('',(2.39E0,-6.35E-1,1.7E0));
#1682=CARTESIAN_POINT('',(2.39E0,-6.35E-1,2.11E0));
#1683=VERTEX_POINT('',#1681);
#1684=VERTEX_POINT('',#1682);
#1685=CARTESIAN_POINT('',(2.49E0,-7.35E-1,1.7E0));
#1686=CARTESIAN_POINT('',(2.49E0,-7.35E-1,2.11E0));
#1687=VERTEX_POINT('',#1685);
#1688=VERTEX_POINT('',#1686);
#1689=CARTESIAN_POINT('',(2.175E0,-4.503254067843E-2,1.7E0));
#1690=CARTESIAN_POINT('',(2.175E0,-4.503254067843E-2,2.11E0));
#1691=VERTEX_POINT('',#1689);
#1692=VERTEX_POINT('',#1690);
#1693=CARTESIAN_POINT('',(2.075E0,5.496745932157E-2,1.7E0));
#1694=CARTESIAN_POINT('',(2.075E0,5.496745932157E-2,2.11E0));
#1695=VERTEX_POINT('',#1693);
#1696=VERTEX_POINT('',#1694);
#1697=CARTESIAN_POINT('',(0.E0,0.E0,-2.45E0));
#1698=DIRECTION('',(0.E0,0.E0,1.E0));
#1699=DIRECTION('',(1.E0,0.E0,0.E0));
#1700=AXIS2_PLACEMENT_3D('',#1697,#1698,#1699);
#1701=PLANE('',#1700);
#1703=ORIENTED_EDGE('',*,*,#1702,.T.);
#1705=ORIENTED_EDGE('',*,*,#1704,.T.);
#1707=ORIENTED_EDGE('',*,*,#1706,.T.);
#1709=ORIENTED_EDGE('',*,*,#1708,.T.);
#1711=ORIENTED_EDGE('',*,*,#1710,.T.);
#1713=ORIENTED_EDGE('',*,*,#1712,.T.);
#1714=EDGE_LOOP('',(#1703,#1705,#1707,#1709,#1711,#1713));
#1715=FACE_OUTER_BOUND('',#1714,.F.);
#1717=CARTESIAN_POINT('',(-1.575E0,7.75E-1,-2.45E0));
#1718=DIRECTION('',(-7.071067811865E-1,7.071067811865E-1,0.E0));
#1719=DIRECTION('',(-7.071067811865E-1,-7.071067811865E-1,0.E0));
#1720=AXIS2_PLACEMENT_3D('',#1717,#1718,#1719);
#1721=PLANE('',#1720);
#1722=ORIENTED_EDGE('',*,*,#1702,.F.);
#1724=ORIENTED_EDGE('',*,*,#1723,.T.);
#1726=ORIENTED_EDGE('',*,*,#1725,.T.);
#1728=ORIENTED_EDGE('',*,*,#1727,.F.);
#1729=EDGE_LOOP('',(#1722,#1724,#1726,#1728));
#1730=FACE_OUTER_BOUND('',#1729,.F.);
#1732=CARTESIAN_POINT('',(1.95E0,7.75E-1,-2.45E0));
#1733=DIRECTION('',(0.E0,1.E0,0.E0));
#1734=DIRECTION('',(-1.E0,0.E0,0.E0));
#1735=AXIS2_PLACEMENT_3D('',#1732,#1733,#1734);
#1736=PLANE('',#1735);
#1737=ORIENTED_EDGE('',*,*,#1712,.F.);
#1739=ORIENTED_EDGE('',*,*,#1738,.T.);
#1741=ORIENTED_EDGE('',*,*,#1740,.T.);
#1742=ORIENTED_EDGE('',*,*,#1723,.F.);
#1743=EDGE_LOOP('',(#1737,#1739,#1741,#1742));
#1744=FACE_OUTER_BOUND('',#1743,.F.);
#1746=CARTESIAN_POINT('',(1.95E0,-7.75E-1,-2.45E0));
#1747=DIRECTION('',(1.E0,0.E0,0.E0));
#1748=DIRECTION('',(0.E0,1.E0,0.E0));
#1749=AXIS2_PLACEMENT_3D('',#1746,#1747,#1748);
#1750=PLANE('',#1749);
#1751=ORIENTED_EDGE('',*,*,#1710,.F.);
#1753=ORIENTED_EDGE('',*,*,#1752,.T.);
#1755=ORIENTED_EDGE('',*,*,#1754,.T.);
#1756=ORIENTED_EDGE('',*,*,#1738,.F.);
#1757=EDGE_LOOP('',(#1751,#1753,#1755,#1756));
#1758=FACE_OUTER_BOUND('',#1757,.F.);
#1760=ORIENTED_EDGE('',*,*,#1759,.T.);
#1762=ORIENTED_EDGE('',*,*,#1761,.T.);
#1764=ORIENTED_EDGE('',*,*,#1763,.F.);
#1766=ORIENTED_EDGE('',*,*,#1765,.F.);
#1767=EDGE_LOOP('',(#1760,#1762,#1764,#1766));
#1768=FACE_BOUND('',#1767,.F.);
#1770=ORIENTED_EDGE('',*,*,#1769,.T.);
#1772=ORIENTED_EDGE('',*,*,#1771,.T.);
#1774=ORIENTED_EDGE('',*,*,#1773,.F.);
#1776=ORIENTED_EDGE('',*,*,#1775,.F.);
#1777=EDGE_LOOP('',(#1770,#1772,#1774,#1776));
#1778=FACE_BOUND('',#1777,.F.);
#1780=ORIENTED_EDGE('',*,*,#1779,.T.);
#1782=ORIENTED_EDGE('',*,*,#1781,.T.);
#1784=ORIENTED_EDGE('',*,*,#1783,.F.);
#1786=ORIENTED_EDGE('',*,*,#1785,.F.);
#1787=EDGE_LOOP('',(#1780,#1782,#1784,#1786));
#1788=FACE_BOUND('',#1787,.F.);
#1790=ORIENTED_EDGE('',*,*,#1789,.T.);
#1792=ORIENTED_EDGE('',*,*,#1791,.T.);
#1794=ORIENTED_EDGE('',*,*,#1793,.F.);
#1796=ORIENTED_EDGE('',*,*,#1795,.F.);
#1797=EDGE_LOOP('',(#1790,#1792,#1794,#1796));
#1798=FACE_BOUND('',#1797,.F.);
#1800=CARTESIAN_POINT('',(-1.849667315109E0,-7.75E-1,-2.45E0));
#1801=DIRECTION('',(0.E0,-1.E0,0.E0));
#1802=DIRECTION('',(1.E0,0.E0,0.E0));
#1803=AXIS2_PLACEMENT_3D('',#1800,#1801,#1802);
#1804=PLANE('',#1803);
#1805=ORIENTED_EDGE('',*,*,#1708,.F.);
#1807=ORIENTED_EDGE('',*,*,#1806,.T.);
#1809=ORIENTED_EDGE('',*,*,#1808,.T.);
#1810=ORIENTED_EDGE('',*,*,#1752,.F.);
#1811=EDGE_LOOP('',(#1805,#1807,#1809,#1810));
#1812=FACE_OUTER_BOUND('',#1811,.F.);
#1814=CARTESIAN_POINT('',(-1.95E0,-2.513131176524E-1,-2.45E0));
#1815=DIRECTION('',(-9.821370978716E-1,-1.881667371891E-1,0.E0));
#1816=DIRECTION('',(1.881667371891E-1,-9.821370978716E-1,0.E0));
#1817=AXIS2_PLACEMENT_3D('',#1814,#1815,#1816);
#1818=PLANE('',#1817);
#1819=ORIENTED_EDGE('',*,*,#1706,.F.);
#1821=ORIENTED_EDGE('',*,*,#1820,.T.);
#1823=ORIENTED_EDGE('',*,*,#1822,.T.);
#1824=ORIENTED_EDGE('',*,*,#1806,.F.);
#1825=EDGE_LOOP('',(#1819,#1821,#1823,#1824));
#1826=FACE_OUTER_BOUND('',#1825,.F.);
#1828=CARTESIAN_POINT('',(-1.95E0,4.E-1,-2.45E0));
#1829=DIRECTION('',(-1.E0,0.E0,0.E0));
#1830=DIRECTION('',(0.E0,-1.E0,0.E0));
#1831=AXIS2_PLACEMENT_3D('',#1828,#1829,#1830);
#1832=PLANE('',#1831);
#1833=ORIENTED_EDGE('',*,*,#1704,.F.);
#1834=ORIENTED_EDGE('',*,*,#1727,.T.);
#1836=ORIENTED_EDGE('',*,*,#1835,.T.);
#1837=ORIENTED_EDGE('',*,*,#1820,.F.);
#1838=EDGE_LOOP('',(#1833,#1834,#1836,#1837));
#1839=FACE_OUTER_BOUND('',#1838,.F.);
#1841=ORIENTED_EDGE('',*,*,#1840,.F.);
#1843=ORIENTED_EDGE('',*,*,#1842,.T.);
#1845=ORIENTED_EDGE('',*,*,#1844,.T.);
#1847=ORIENTED_EDGE('',*,*,#1846,.F.);
#1848=EDGE_LOOP('',(#1841,#1843,#1845,#1847));
#1849=FACE_BOUND('',#1848,.F.);
#1851=ORIENTED_EDGE('',*,*,#1850,.F.);
#1853=ORIENTED_EDGE('',*,*,#1852,.T.);
#1855=ORIENTED_EDGE('',*,*,#1854,.T.);
#1857=ORIENTED_EDGE('',*,*,#1856,.F.);
#1858=EDGE_LOOP('',(#1851,#1853,#1855,#1857));
#1859=FACE_BOUND('',#1858,.F.);
#1861=ORIENTED_EDGE('',*,*,#1860,.F.);
#1863=ORIENTED_EDGE('',*,*,#1862,.T.);
#1865=ORIENTED_EDGE('',*,*,#1864,.T.);
#1867=ORIENTED_EDGE('',*,*,#1866,.F.);
#1868=EDGE_LOOP('',(#1861,#1863,#1865,#1867));
#1869=FACE_BOUND('',#1868,.F.);
#1871=ORIENTED_EDGE('',*,*,#1870,.F.);
#1873=ORIENTED_EDGE('',*,*,#1872,.T.);
#1875=ORIENTED_EDGE('',*,*,#1874,.T.);
#1877=ORIENTED_EDGE('',*,*,#1876,.F.);
#1878=EDGE_LOOP('',(#1871,#1873,#1875,#1877));
#1879=FACE_BOUND('',#1878,.F.);
#1881=CARTESIAN_POINT('',(0.E0,0.E0,2.45E0));
#1882=DIRECTION('',(0.E0,0.E0,1.E0));
#1883=DIRECTION('',(1.E0,0.E0,0.E0));
#1884=AXIS2_PLACEMENT_3D('',#1881,#1882,#1883);
#1885=PLANE('',#1884);
#1886=ORIENTED_EDGE('',*,*,#1725,.F.);
#1887=ORIENTED_EDGE('',*,*,#1740,.F.);
#1888=ORIENTED_EDGE('',*,*,#1754,.F.);
#1889=ORIENTED_EDGE('',*,*,#1808,.F.);
#1890=ORIENTED_EDGE('',*,*,#1822,.F.);
#1891=ORIENTED_EDGE('',*,*,#1835,.F.);
#1892=EDGE_LOOP('',(#1886,#1887,#1888,#1889,#1890,#1891));
#1893=FACE_OUTER_BOUND('',#1892,.F.);
#1895=CARTESIAN_POINT('',(0.E0,0.E0,4.3E-1));
#1896=DIRECTION('',(0.E0,0.E0,1.E0));
#1897=DIRECTION('',(1.E0,0.E0,0.E0));
#1898=AXIS2_PLACEMENT_3D('',#1895,#1896,#1897);
#1899=PLANE('',#1898);
#1901=ORIENTED_EDGE('',*,*,#1900,.T.);
#1903=ORIENTED_EDGE('',*,*,#1902,.F.);
#1905=ORIENTED_EDGE('',*,*,#1904,.T.);
#1906=ORIENTED_EDGE('',*,*,#1840,.T.);
#1908=ORIENTED_EDGE('',*,*,#1907,.T.);
#1910=ORIENTED_EDGE('',*,*,#1909,.F.);
#1912=ORIENTED_EDGE('',*,*,#1911,.T.);
#1914=ORIENTED_EDGE('',*,*,#1913,.F.);
#1916=ORIENTED_EDGE('',*,*,#1915,.T.);
#1918=ORIENTED_EDGE('',*,*,#1917,.T.);
#1920=ORIENTED_EDGE('',*,*,#1919,.T.);
#1922=ORIENTED_EDGE('',*,*,#1921,.F.);
#1923=EDGE_LOOP('',(#1901,#1903,#1905,#1906,#1908,#1910,#1912,#1914,#1916,#1918,
#1920,#1922));
#1924=FACE_OUTER_BOUND('',#1923,.F.);
#1926=CARTESIAN_POINT('',(0.E0,0.E0,4.3E-1));
#1927=DIRECTION('',(0.E0,0.E0,1.E0));
#1928=DIRECTION('',(1.E0,0.E0,0.E0));
#1929=AXIS2_PLACEMENT_3D('',#1926,#1927,#1928);
#1930=PLANE('',#1929);
#1932=ORIENTED_EDGE('',*,*,#1931,.T.);
#1934=ORIENTED_EDGE('',*,*,#1933,.F.);
#1936=ORIENTED_EDGE('',*,*,#1935,.F.);
#1938=ORIENTED_EDGE('',*,*,#1937,.F.);
#1940=ORIENTED_EDGE('',*,*,#1939,.T.);
#1942=ORIENTED_EDGE('',*,*,#1941,.T.);
#1944=ORIENTED_EDGE('',*,*,#1943,.T.);
#1946=ORIENTED_EDGE('',*,*,#1945,.F.);
#1948=ORIENTED_EDGE('',*,*,#1947,.F.);
#1950=ORIENTED_EDGE('',*,*,#1949,.F.);
#1952=ORIENTED_EDGE('',*,*,#1951,.T.);
#1953=ORIENTED_EDGE('',*,*,#1759,.F.);
#1954=EDGE_LOOP('',(#1932,#1934,#1936,#1938,#1940,#1942,#1944,#1946,#1948,#1950,
#1952,#1953));
#1955=FACE_OUTER_BOUND('',#1954,.F.);
#1957=CARTESIAN_POINT('',(-2.175E0,-9.5E-1,4.3E-1));
#1958=DIRECTION('',(1.E0,0.E0,0.E0));
#1959=DIRECTION('',(0.E0,1.E0,0.E0));
#1960=AXIS2_PLACEMENT_3D('',#1957,#1958,#1959);
#1961=PLANE('',#1960);
#1963=ORIENTED_EDGE('',*,*,#1962,.F.);
#1964=ORIENTED_EDGE('',*,*,#1900,.F.);
#1966=ORIENTED_EDGE('',*,*,#1965,.F.);
#1968=ORIENTED_EDGE('',*,*,#1967,.T.);
#1969=EDGE_LOOP('',(#1963,#1964,#1966,#1968));
#1970=FACE_OUTER_BOUND('',#1969,.F.);
#1972=CARTESIAN_POINT('',(-2.075E0,-4.503254067843E-2,-8.83764E0));
#1973=DIRECTION('',(0.E0,0.E0,1.E0));
#1974=DIRECTION('',(0.E0,1.E0,0.E0));
#1975=AXIS2_PLACEMENT_3D('',#1972,#1973,#1974);
#1976=CYLINDRICAL_SURFACE('',#1975,1.E-1);
#1978=ORIENTED_EDGE('',*,*,#1977,.F.);
#1979=ORIENTED_EDGE('',*,*,#1902,.T.);
#1980=ORIENTED_EDGE('',*,*,#1962,.T.);
#1982=ORIENTED_EDGE('',*,*,#1981,.T.);
#1983=EDGE_LOOP('',(#1978,#1979,#1980,#1982));
#1984=FACE_OUTER_BOUND('',#1983,.F.);
#1986=CARTESIAN_POINT('',(-2.175E0,5.496745932157E-2,4.3E-1));
#1987=DIRECTION('',(0.E0,-1.E0,0.E0));
#1988=DIRECTION('',(1.E0,0.E0,0.E0));
#1989=AXIS2_PLACEMENT_3D('',#1986,#1987,#1988);
#1990=PLANE('',#1989);
#1991=ORIENTED_EDGE('',*,*,#1977,.T.);
#1993=ORIENTED_EDGE('',*,*,#1992,.T.);
#1994=ORIENTED_EDGE('',*,*,#1842,.F.);
#1995=ORIENTED_EDGE('',*,*,#1904,.F.);
#1996=EDGE_LOOP('',(#1991,#1993,#1994,#1995));
#1997=FACE_OUTER_BOUND('',#1996,.F.);
#1999=CARTESIAN_POINT('',(-2.175E0,5.496745932157E-2,4.3E-1));
#2000=DIRECTION('',(0.E0,-1.E0,0.E0));
#2001=DIRECTION('',(1.E0,0.E0,0.E0));
#2002=AXIS2_PLACEMENT_3D('',#1999,#2000,#2001);
#2003=PLANE('',#2002);
#2005=ORIENTED_EDGE('',*,*,#2004,.F.);
#2006=ORIENTED_EDGE('',*,*,#1931,.F.);
#2007=ORIENTED_EDGE('',*,*,#1765,.T.);
#2009=ORIENTED_EDGE('',*,*,#2008,.T.);
#2010=EDGE_LOOP('',(#2005,#2006,#2007,#2009));
#2011=FACE_OUTER_BOUND('',#2010,.F.);
#2013=CARTESIAN_POINT('',(0.E0,0.E0,8.4E-1));
#2014=DIRECTION('',(0.E0,0.E0,1.E0));
#2015=DIRECTION('',(1.E0,0.E0,0.E0));
#2016=AXIS2_PLACEMENT_3D('',#2013,#2014,#2015);
#2017=PLANE('',#2016);
#2018=ORIENTED_EDGE('',*,*,#1992,.F.);
#2019=ORIENTED_EDGE('',*,*,#1981,.F.);
#2020=ORIENTED_EDGE('',*,*,#1967,.F.);
#2022=ORIENTED_EDGE('',*,*,#2021,.F.);
#2024=ORIENTED_EDGE('',*,*,#2023,.F.);
#2026=ORIENTED_EDGE('',*,*,#2025,.F.);
#2028=ORIENTED_EDGE('',*,*,#2027,.F.);
#2030=ORIENTED_EDGE('',*,*,#2029,.F.);
#2032=ORIENTED_EDGE('',*,*,#2031,.F.);
#2034=ORIENTED_EDGE('',*,*,#2033,.F.);
#2036=ORIENTED_EDGE('',*,*,#2035,.F.);
#2037=ORIENTED_EDGE('',*,*,#1844,.F.);
#2038=EDGE_LOOP('',(#2018,#2019,#2020,#2022,#2024,#2026,#2028,#2030,#2032,#2034,
#2036,#2037));
#2039=FACE_OUTER_BOUND('',#2038,.F.);
#2041=CARTESIAN_POINT('',(0.E0,0.E0,8.4E-1));
#2042=DIRECTION('',(0.E0,0.E0,1.E0));
#2043=DIRECTION('',(1.E0,0.E0,0.E0));
#2044=AXIS2_PLACEMENT_3D('',#2041,#2042,#2043);
#2045=PLANE('',#2044);
#2047=ORIENTED_EDGE('',*,*,#2046,.F.);
#2049=ORIENTED_EDGE('',*,*,#2048,.F.);
#2050=ORIENTED_EDGE('',*,*,#2008,.F.);
#2051=ORIENTED_EDGE('',*,*,#1763,.T.);
#2053=ORIENTED_EDGE('',*,*,#2052,.F.);
#2055=ORIENTED_EDGE('',*,*,#2054,.F.);
#2057=ORIENTED_EDGE('',*,*,#2056,.F.);
#2059=ORIENTED_EDGE('',*,*,#2058,.F.);
#2061=ORIENTED_EDGE('',*,*,#2060,.F.);
#2063=ORIENTED_EDGE('',*,*,#2062,.F.);
#2065=ORIENTED_EDGE('',*,*,#2064,.F.);
#2067=ORIENTED_EDGE('',*,*,#2066,.F.);
#2068=EDGE_LOOP('',(#2047,#2049,#2050,#2051,#2053,#2055,#2057,#2059,#2061,#2063,
#2065,#2067));
#2069=FACE_OUTER_BOUND('',#2068,.F.);
#2071=CARTESIAN_POINT('',(-2.475E0,-6.5E-1,8.83764E0));
#2072=DIRECTION('',(0.E0,0.E0,-1.E0));
#2073=DIRECTION('',(1.E0,0.E0,0.E0));
#2074=AXIS2_PLACEMENT_3D('',#2071,#2072,#2073);
#2075=CYLINDRICAL_SURFACE('',#2074,3.E-1);
#2076=ORIENTED_EDGE('',*,*,#1921,.T.);
#2078=ORIENTED_EDGE('',*,*,#2077,.F.);
#2079=ORIENTED_EDGE('',*,*,#2021,.T.);
#2080=ORIENTED_EDGE('',*,*,#1965,.T.);
#2081=EDGE_LOOP('',(#2076,#2078,#2079,#2080));
#2082=FACE_OUTER_BOUND('',#2081,.F.);
#2084=CARTESIAN_POINT('',(-3.E0,-9.5E-1,4.3E-1));
#2085=DIRECTION('',(0.E0,-1.E0,0.E0));
#2086=DIRECTION('',(1.E0,0.E0,0.E0));
#2087=AXIS2_PLACEMENT_3D('',#2084,#2085,#2086);
#2088=PLANE('',#2087);
#2089=ORIENTED_EDGE('',*,*,#2077,.T.);
#2090=ORIENTED_EDGE('',*,*,#1919,.F.);
#2092=ORIENTED_EDGE('',*,*,#2091,.T.);
#2093=ORIENTED_EDGE('',*,*,#2023,.T.);
#2094=EDGE_LOOP('',(#2089,#2090,#2092,#2093));
#2095=FACE_OUTER_BOUND('',#2094,.F.);
#2097=CARTESIAN_POINT('',(-3.E0,-7.35E-1,4.3E-1));
#2098=DIRECTION('',(-1.E0,0.E0,0.E0));
#2099=DIRECTION('',(0.E0,-1.E0,0.E0));
#2100=AXIS2_PLACEMENT_3D('',#2097,#2098,#2099);
#2101=PLANE('',#2100);
#2102=ORIENTED_EDGE('',*,*,#1917,.F.);
#2104=ORIENTED_EDGE('',*,*,#2103,.T.);
#2105=ORIENTED_EDGE('',*,*,#2025,.T.);
#2106=ORIENTED_EDGE('',*,*,#2091,.F.);
#2107=EDGE_LOOP('',(#2102,#2104,#2105,#2106));
#2108=FACE_OUTER_BOUND('',#2107,.F.);
#2110=CARTESIAN_POINT('',(-2.39E0,-7.35E-1,4.3E-1));
#2111=DIRECTION('',(0.E0,1.E0,0.E0));
#2112=DIRECTION('',(-1.E0,0.E0,0.E0));
#2113=AXIS2_PLACEMENT_3D('',#2110,#2111,#2112);
#2114=PLANE('',#2113);
#2116=ORIENTED_EDGE('',*,*,#2115,.T.);
#2117=ORIENTED_EDGE('',*,*,#2027,.T.);
#2118=ORIENTED_EDGE('',*,*,#2103,.F.);
#2119=ORIENTED_EDGE('',*,*,#1915,.F.);
#2120=EDGE_LOOP('',(#2116,#2117,#2118,#2119));
#2121=FACE_OUTER_BOUND('',#2120,.F.);
#2123=CARTESIAN_POINT('',(-2.49E0,-6.35E-1,-8.83764E0));
#2124=DIRECTION('',(0.E0,0.E0,1.E0));
#2125=DIRECTION('',(0.E0,-1.E0,0.E0));
#2126=AXIS2_PLACEMENT_3D('',#2123,#2124,#2125);
#2127=CYLINDRICAL_SURFACE('',#2126,1.E-1);
#2128=ORIENTED_EDGE('',*,*,#2115,.F.);
#2129=ORIENTED_EDGE('',*,*,#1913,.T.);
#2131=ORIENTED_EDGE('',*,*,#2130,.T.);
#2132=ORIENTED_EDGE('',*,*,#2029,.T.);
#2133=EDGE_LOOP('',(#2128,#2129,#2131,#2132));
#2134=FACE_OUTER_BOUND('',#2133,.F.);
#2136=CARTESIAN_POINT('',(-2.39E0,2.15E-1,4.3E-1));
#2137=DIRECTION('',(-1.E0,0.E0,0.E0));
#2138=DIRECTION('',(0.E0,-1.E0,0.E0));
#2139=AXIS2_PLACEMENT_3D('',#2136,#2137,#2138);
#2140=PLANE('',#2139);
#2141=ORIENTED_EDGE('',*,*,#2130,.F.);
#2142=ORIENTED_EDGE('',*,*,#1911,.F.);
#2144=ORIENTED_EDGE('',*,*,#2143,.F.);
#2145=ORIENTED_EDGE('',*,*,#2031,.T.);
#2146=EDGE_LOOP('',(#2141,#2142,#2144,#2145));
#2147=FACE_OUTER_BOUND('',#2146,.F.);
#2149=CARTESIAN_POINT('',(-2.09E0,-8.5E-2,8.83764E0));
#2150=DIRECTION('',(0.E0,0.E0,-1.E0));
#2151=DIRECTION('',(-1.E0,0.E0,0.E0));
#2152=AXIS2_PLACEMENT_3D('',#2149,#2150,#2151);
#2153=CYLINDRICAL_SURFACE('',#2152,3.E-1);
#2154=ORIENTED_EDGE('',*,*,#1909,.T.);
#2156=ORIENTED_EDGE('',*,*,#2155,.F.);
#2157=ORIENTED_EDGE('',*,*,#2033,.T.);
#2158=ORIENTED_EDGE('',*,*,#2143,.T.);
#2159=EDGE_LOOP('',(#2154,#2156,#2157,#2158));
#2160=FACE_OUTER_BOUND('',#2159,.F.);
#2162=CARTESIAN_POINT('',(2.39E0,2.15E-1,4.3E-1));
#2163=DIRECTION('',(0.E0,1.E0,0.E0));
#2164=DIRECTION('',(-1.E0,0.E0,0.E0));
#2165=AXIS2_PLACEMENT_3D('',#2162,#2163,#2164);
#2166=PLANE('',#2165);
#2168=ORIENTED_EDGE('',*,*,#2167,.F.);
#2169=ORIENTED_EDGE('',*,*,#2052,.T.);
#2170=ORIENTED_EDGE('',*,*,#1761,.F.);
#2171=ORIENTED_EDGE('',*,*,#1951,.F.);
#2172=EDGE_LOOP('',(#2168,#2169,#2170,#2171));
#2173=FACE_OUTER_BOUND('',#2172,.F.);
#2175=CARTESIAN_POINT('',(2.39E0,2.15E-1,4.3E-1));
#2176=DIRECTION('',(0.E0,1.E0,0.E0));
#2177=DIRECTION('',(-1.E0,0.E0,0.E0));
#2178=AXIS2_PLACEMENT_3D('',#2175,#2176,#2177);
#2179=PLANE('',#2178);
#2180=ORIENTED_EDGE('',*,*,#2155,.T.);
#2181=ORIENTED_EDGE('',*,*,#1907,.F.);
#2182=ORIENTED_EDGE('',*,*,#1846,.T.);
#2183=ORIENTED_EDGE('',*,*,#2035,.T.);
#2184=EDGE_LOOP('',(#2180,#2181,#2182,#2183));
#2185=FACE_OUTER_BOUND('',#2184,.F.);
#2187=CARTESIAN_POINT('',(2.09E0,-8.5E-2,8.83764E0));
#2188=DIRECTION('',(0.E0,0.E0,-1.E0));
#2189=DIRECTION('',(0.E0,1.E0,0.E0));
#2190=AXIS2_PLACEMENT_3D('',#2187,#2188,#2189);
#2191=CYLINDRICAL_SURFACE('',#2190,3.E-1);
#2192=ORIENTED_EDGE('',*,*,#1949,.T.);
#2194=ORIENTED_EDGE('',*,*,#2193,.F.);
#2195=ORIENTED_EDGE('',*,*,#2054,.T.);
#2196=ORIENTED_EDGE('',*,*,#2167,.T.);
#2197=EDGE_LOOP('',(#2192,#2194,#2195,#2196));
#2198=FACE_OUTER_BOUND('',#2197,.F.);
#2200=CARTESIAN_POINT('',(2.39E0,-7.35E-1,4.3E-1));
#2201=DIRECTION('',(1.E0,0.E0,0.E0));
#2202=DIRECTION('',(0.E0,1.E0,0.E0));
#2203=AXIS2_PLACEMENT_3D('',#2200,#2201,#2202);
#2204=PLANE('',#2203);
#2206=ORIENTED_EDGE('',*,*,#2205,.T.);
#2207=ORIENTED_EDGE('',*,*,#2056,.T.);
#2208=ORIENTED_EDGE('',*,*,#2193,.T.);
#2209=ORIENTED_EDGE('',*,*,#1947,.T.);
#2210=EDGE_LOOP('',(#2206,#2207,#2208,#2209));
#2211=FACE_OUTER_BOUND('',#2210,.F.);
#2213=CARTESIAN_POINT('',(2.49E0,-6.35E-1,-8.83764E0));
#2214=DIRECTION('',(0.E0,0.E0,1.E0));
#2215=DIRECTION('',(-1.E0,0.E0,0.E0));
#2216=AXIS2_PLACEMENT_3D('',#2213,#2214,#2215);
#2217=CYLINDRICAL_SURFACE('',#2216,1.E-1);
#2218=ORIENTED_EDGE('',*,*,#2205,.F.);
#2219=ORIENTED_EDGE('',*,*,#1945,.T.);
#2221=ORIENTED_EDGE('',*,*,#2220,.T.);
#2222=ORIENTED_EDGE('',*,*,#2058,.T.);
#2223=EDGE_LOOP('',(#2218,#2219,#2221,#2222));
#2224=FACE_OUTER_BOUND('',#2223,.F.);
#2226=CARTESIAN_POINT('',(3.E0,-7.35E-1,4.3E-1));
#2227=DIRECTION('',(0.E0,1.E0,0.E0));
#2228=DIRECTION('',(-1.E0,0.E0,0.E0));
#2229=AXIS2_PLACEMENT_3D('',#2226,#2227,#2228);
#2230=PLANE('',#2229);
#2231=ORIENTED_EDGE('',*,*,#2220,.F.);
#2232=ORIENTED_EDGE('',*,*,#1943,.F.);
#2234=ORIENTED_EDGE('',*,*,#2233,.T.);
#2235=ORIENTED_EDGE('',*,*,#2060,.T.);
#2236=EDGE_LOOP('',(#2231,#2232,#2234,#2235));
#2237=FACE_OUTER_BOUND('',#2236,.F.);
#2239=CARTESIAN_POINT('',(3.E0,-9.5E-1,4.3E-1));
#2240=DIRECTION('',(1.E0,0.E0,0.E0));
#2241=DIRECTION('',(0.E0,1.E0,0.E0));
#2242=AXIS2_PLACEMENT_3D('',#2239,#2240,#2241);
#2243=PLANE('',#2242);
#2244=ORIENTED_EDGE('',*,*,#1941,.F.);
#2246=ORIENTED_EDGE('',*,*,#2245,.T.);
#2247=ORIENTED_EDGE('',*,*,#2062,.T.);
#2248=ORIENTED_EDGE('',*,*,#2233,.F.);
#2249=EDGE_LOOP('',(#2244,#2246,#2247,#2248));
#2250=FACE_OUTER_BOUND('',#2249,.F.);
#2252=CARTESIAN_POINT('',(2.175E0,-9.5E-1,4.3E-1));
#2253=DIRECTION('',(0.E0,-1.E0,0.E0));
#2254=DIRECTION('',(1.E0,0.E0,0.E0));
#2255=AXIS2_PLACEMENT_3D('',#2252,#2253,#2254);
#2256=PLANE('',#2255);
#2258=ORIENTED_EDGE('',*,*,#2257,.F.);
#2259=ORIENTED_EDGE('',*,*,#2064,.T.);
#2260=ORIENTED_EDGE('',*,*,#2245,.F.);
#2261=ORIENTED_EDGE('',*,*,#1939,.F.);
#2262=EDGE_LOOP('',(#2258,#2259,#2260,#2261));
#2263=FACE_OUTER_BOUND('',#2262,.F.);
#2265=CARTESIAN_POINT('',(2.475E0,-6.5E-1,8.83764E0));
#2266=DIRECTION('',(0.E0,0.E0,-1.E0));
#2267=DIRECTION('',(0.E0,-1.E0,0.E0));
#2268=AXIS2_PLACEMENT_3D('',#2265,#2266,#2267);
#2269=CYLINDRICAL_SURFACE('',#2268,3.E-1);
#2270=ORIENTED_EDGE('',*,*,#1937,.T.);
#2272=ORIENTED_EDGE('',*,*,#2271,.F.);
#2273=ORIENTED_EDGE('',*,*,#2066,.T.);
#2274=ORIENTED_EDGE('',*,*,#2257,.T.);
#2275=EDGE_LOOP('',(#2270,#2272,#2273,#2274));
#2276=FACE_OUTER_BOUND('',#2275,.F.);
#2278=CARTESIAN_POINT('',(2.175E0,5.496745932157E-2,4.3E-1));
#2279=DIRECTION('',(-1.E0,0.E0,0.E0));
#2280=DIRECTION('',(0.E0,-1.E0,0.E0));
#2281=AXIS2_PLACEMENT_3D('',#2278,#2279,#2280);
#2282=PLANE('',#2281);
#2284=ORIENTED_EDGE('',*,*,#2283,.T.);
#2285=ORIENTED_EDGE('',*,*,#2046,.T.);
#2286=ORIENTED_EDGE('',*,*,#2271,.T.);
#2287=ORIENTED_EDGE('',*,*,#1935,.T.);
#2288=EDGE_LOOP('',(#2284,#2285,#2286,#2287));
#2289=FACE_OUTER_BOUND('',#2288,.F.);
#2291=CARTESIAN_POINT('',(2.075E0,-4.503254067843E-2,-8.83764E0));
#2292=DIRECTION('',(0.E0,0.E0,1.E0));
#2293=DIRECTION('',(1.E0,0.E0,0.E0));
#2294=AXIS2_PLACEMENT_3D('',#2291,#2292,#2293);
#2295=CYLINDRICAL_SURFACE('',#2294,1.E-1);
#2296=ORIENTED_EDGE('',*,*,#2283,.F.);
#2297=ORIENTED_EDGE('',*,*,#1933,.T.);
#2298=ORIENTED_EDGE('',*,*,#2004,.T.);
#2299=ORIENTED_EDGE('',*,*,#2048,.T.);
#2300=EDGE_LOOP('',(#2296,#2297,#2298,#2299));
#2301=FACE_OUTER_BOUND('',#2300,.F.);
#2303=CARTESIAN_POINT('',(0.E0,0.E0,-8.4E-1));
#2304=DIRECTION('',(0.E0,0.E0,1.E0));
#2305=DIRECTION('',(1.E0,0.E0,0.E0));
#2306=AXIS2_PLACEMENT_3D('',#2303,#2304,#2305);
#2307=PLANE('',#2306);
#2309=ORIENTED_EDGE('',*,*,#2308,.T.);
#2311=ORIENTED_EDGE('',*,*,#2310,.F.);
#2313=ORIENTED_EDGE('',*,*,#2312,.T.);
#2314=ORIENTED_EDGE('',*,*,#1850,.T.);
#2316=ORIENTED_EDGE('',*,*,#2315,.T.);
#2318=ORIENTED_EDGE('',*,*,#2317,.F.);
#2320=ORIENTED_EDGE('',*,*,#2319,.T.);
#2322=ORIENTED_EDGE('',*,*,#2321,.F.);
#2324=ORIENTED_EDGE('',*,*,#2323,.T.);
#2326=ORIENTED_EDGE('',*,*,#2325,.T.);
#2328=ORIENTED_EDGE('',*,*,#2327,.T.);
#2330=ORIENTED_EDGE('',*,*,#2329,.F.);
#2331=EDGE_LOOP('',(#2309,#2311,#2313,#2314,#2316,#2318,#2320,#2322,#2324,#2326,
#2328,#2330));
#2332=FACE_OUTER_BOUND('',#2331,.F.);
#2334=CARTESIAN_POINT('',(0.E0,0.E0,-8.4E-1));
#2335=DIRECTION('',(0.E0,0.E0,1.E0));
#2336=DIRECTION('',(1.E0,0.E0,0.E0));
#2337=AXIS2_PLACEMENT_3D('',#2334,#2335,#2336);
#2338=PLANE('',#2337);
#2340=ORIENTED_EDGE('',*,*,#2339,.T.);
#2342=ORIENTED_EDGE('',*,*,#2341,.F.);
#2344=ORIENTED_EDGE('',*,*,#2343,.F.);
#2346=ORIENTED_EDGE('',*,*,#2345,.F.);
#2348=ORIENTED_EDGE('',*,*,#2347,.T.);
#2350=ORIENTED_EDGE('',*,*,#2349,.T.);
#2352=ORIENTED_EDGE('',*,*,#2351,.T.);
#2354=ORIENTED_EDGE('',*,*,#2353,.F.);
#2356=ORIENTED_EDGE('',*,*,#2355,.F.);
#2358=ORIENTED_EDGE('',*,*,#2357,.F.);
#2360=ORIENTED_EDGE('',*,*,#2359,.T.);
#2361=ORIENTED_EDGE('',*,*,#1769,.F.);
#2362=EDGE_LOOP('',(#2340,#2342,#2344,#2346,#2348,#2350,#2352,#2354,#2356,#2358,
#2360,#2361));
#2363=FACE_OUTER_BOUND('',#2362,.F.);
#2365=CARTESIAN_POINT('',(-2.175E0,-9.5E-1,-8.4E-1));
#2366=DIRECTION('',(1.E0,0.E0,0.E0));
#2367=DIRECTION('',(0.E0,1.E0,0.E0));
#2368=AXIS2_PLACEMENT_3D('',#2365,#2366,#2367);
#2369=PLANE('',#2368);
#2371=ORIENTED_EDGE('',*,*,#2370,.F.);
#2372=ORIENTED_EDGE('',*,*,#2308,.F.);
#2374=ORIENTED_EDGE('',*,*,#2373,.F.);
#2376=ORIENTED_EDGE('',*,*,#2375,.T.);
#2377=EDGE_LOOP('',(#2371,#2372,#2374,#2376));
#2378=FACE_OUTER_BOUND('',#2377,.F.);
#2380=CARTESIAN_POINT('',(-2.075E0,-4.503254067843E-2,-8.83764E0));
#2381=DIRECTION('',(0.E0,0.E0,1.E0));
#2382=DIRECTION('',(0.E0,1.E0,0.E0));
#2383=AXIS2_PLACEMENT_3D('',#2380,#2381,#2382);
#2384=CYLINDRICAL_SURFACE('',#2383,1.E-1);
#2386=ORIENTED_EDGE('',*,*,#2385,.F.);
#2387=ORIENTED_EDGE('',*,*,#2310,.T.);
#2388=ORIENTED_EDGE('',*,*,#2370,.T.);
#2390=ORIENTED_EDGE('',*,*,#2389,.T.);
#2391=EDGE_LOOP('',(#2386,#2387,#2388,#2390));
#2392=FACE_OUTER_BOUND('',#2391,.F.);
#2394=CARTESIAN_POINT('',(-2.175E0,5.496745932157E-2,-8.4E-1));
#2395=DIRECTION('',(0.E0,-1.E0,0.E0));
#2396=DIRECTION('',(1.E0,0.E0,0.E0));
#2397=AXIS2_PLACEMENT_3D('',#2394,#2395,#2396);
#2398=PLANE('',#2397);
#2399=ORIENTED_EDGE('',*,*,#2385,.T.);
#2401=ORIENTED_EDGE('',*,*,#2400,.T.);
#2402=ORIENTED_EDGE('',*,*,#1852,.F.);
#2403=ORIENTED_EDGE('',*,*,#2312,.F.);
#2404=EDGE_LOOP('',(#2399,#2401,#2402,#2403));
#2405=FACE_OUTER_BOUND('',#2404,.F.);
#2407=CARTESIAN_POINT('',(-2.175E0,5.496745932157E-2,-8.4E-1));
#2408=DIRECTION('',(0.E0,-1.E0,0.E0));
#2409=DIRECTION('',(1.E0,0.E0,0.E0));
#2410=AXIS2_PLACEMENT_3D('',#2407,#2408,#2409);
#2411=PLANE('',#2410);
#2413=ORIENTED_EDGE('',*,*,#2412,.F.);
#2414=ORIENTED_EDGE('',*,*,#2339,.F.);
#2415=ORIENTED_EDGE('',*,*,#1775,.T.);
#2417=ORIENTED_EDGE('',*,*,#2416,.T.);
#2418=EDGE_LOOP('',(#2413,#2414,#2415,#2417));
#2419=FACE_OUTER_BOUND('',#2418,.F.);
#2421=CARTESIAN_POINT('',(0.E0,0.E0,-4.3E-1));
#2422=DIRECTION('',(0.E0,0.E0,1.E0));
#2423=DIRECTION('',(1.E0,0.E0,0.E0));
#2424=AXIS2_PLACEMENT_3D('',#2421,#2422,#2423);
#2425=PLANE('',#2424);
#2426=ORIENTED_EDGE('',*,*,#2400,.F.);
#2427=ORIENTED_EDGE('',*,*,#2389,.F.);
#2428=ORIENTED_EDGE('',*,*,#2375,.F.);
#2430=ORIENTED_EDGE('',*,*,#2429,.F.);
#2432=ORIENTED_EDGE('',*,*,#2431,.F.);
#2434=ORIENTED_EDGE('',*,*,#2433,.F.);
#2436=ORIENTED_EDGE('',*,*,#2435,.F.);
#2438=ORIENTED_EDGE('',*,*,#2437,.F.);
#2440=ORIENTED_EDGE('',*,*,#2439,.F.);
#2442=ORIENTED_EDGE('',*,*,#2441,.F.);
#2444=ORIENTED_EDGE('',*,*,#2443,.F.);
#2445=ORIENTED_EDGE('',*,*,#1854,.F.);
#2446=EDGE_LOOP('',(#2426,#2427,#2428,#2430,#2432,#2434,#2436,#2438,#2440,#2442,
#2444,#2445));
#2447=FACE_OUTER_BOUND('',#2446,.F.);
#2449=CARTESIAN_POINT('',(0.E0,0.E0,-4.3E-1));
#2450=DIRECTION('',(0.E0,0.E0,1.E0));
#2451=DIRECTION('',(1.E0,0.E0,0.E0));
#2452=AXIS2_PLACEMENT_3D('',#2449,#2450,#2451);
#2453=PLANE('',#2452);
#2455=ORIENTED_EDGE('',*,*,#2454,.F.);
#2457=ORIENTED_EDGE('',*,*,#2456,.F.);
#2458=ORIENTED_EDGE('',*,*,#2416,.F.);
#2459=ORIENTED_EDGE('',*,*,#1773,.T.);
#2461=ORIENTED_EDGE('',*,*,#2460,.F.);
#2463=ORIENTED_EDGE('',*,*,#2462,.F.);
#2465=ORIENTED_EDGE('',*,*,#2464,.F.);
#2467=ORIENTED_EDGE('',*,*,#2466,.F.);
#2469=ORIENTED_EDGE('',*,*,#2468,.F.);
#2471=ORIENTED_EDGE('',*,*,#2470,.F.);
#2473=ORIENTED_EDGE('',*,*,#2472,.F.);
#2475=ORIENTED_EDGE('',*,*,#2474,.F.);
#2476=EDGE_LOOP('',(#2455,#2457,#2458,#2459,#2461,#2463,#2465,#2467,#2469,#2471,
#2473,#2475));
#2477=FACE_OUTER_BOUND('',#2476,.F.);
#2479=CARTESIAN_POINT('',(-2.475E0,-6.5E-1,8.83764E0));
#2480=DIRECTION('',(0.E0,0.E0,-1.E0));
#2481=DIRECTION('',(1.E0,0.E0,0.E0));
#2482=AXIS2_PLACEMENT_3D('',#2479,#2480,#2481);
#2483=CYLINDRICAL_SURFACE('',#2482,3.E-1);
#2484=ORIENTED_EDGE('',*,*,#2329,.T.);
#2486=ORIENTED_EDGE('',*,*,#2485,.F.);
#2487=ORIENTED_EDGE('',*,*,#2429,.T.);
#2488=ORIENTED_EDGE('',*,*,#2373,.T.);
#2489=EDGE_LOOP('',(#2484,#2486,#2487,#2488));
#2490=FACE_OUTER_BOUND('',#2489,.F.);
#2492=CARTESIAN_POINT('',(-3.E0,-9.5E-1,-8.4E-1));
#2493=DIRECTION('',(0.E0,-1.E0,0.E0));
#2494=DIRECTION('',(1.E0,0.E0,0.E0));
#2495=AXIS2_PLACEMENT_3D('',#2492,#2493,#2494);
#2496=PLANE('',#2495);
#2497=ORIENTED_EDGE('',*,*,#2485,.T.);
#2498=ORIENTED_EDGE('',*,*,#2327,.F.);
#2500=ORIENTED_EDGE('',*,*,#2499,.T.);
#2501=ORIENTED_EDGE('',*,*,#2431,.T.);
#2502=EDGE_LOOP('',(#2497,#2498,#2500,#2501));
#2503=FACE_OUTER_BOUND('',#2502,.F.);
#2505=CARTESIAN_POINT('',(-3.E0,-7.35E-1,-8.4E-1));
#2506=DIRECTION('',(-1.E0,0.E0,0.E0));
#2507=DIRECTION('',(0.E0,-1.E0,0.E0));
#2508=AXIS2_PLACEMENT_3D('',#2505,#2506,#2507);
#2509=PLANE('',#2508);
#2510=ORIENTED_EDGE('',*,*,#2325,.F.);
#2512=ORIENTED_EDGE('',*,*,#2511,.T.);
#2513=ORIENTED_EDGE('',*,*,#2433,.T.);
#2514=ORIENTED_EDGE('',*,*,#2499,.F.);
#2515=EDGE_LOOP('',(#2510,#2512,#2513,#2514));
#2516=FACE_OUTER_BOUND('',#2515,.F.);
#2518=CARTESIAN_POINT('',(-2.39E0,-7.35E-1,-8.4E-1));
#2519=DIRECTION('',(0.E0,1.E0,0.E0));
#2520=DIRECTION('',(-1.E0,0.E0,0.E0));
#2521=AXIS2_PLACEMENT_3D('',#2518,#2519,#2520);
#2522=PLANE('',#2521);
#2524=ORIENTED_EDGE('',*,*,#2523,.T.);
#2525=ORIENTED_EDGE('',*,*,#2435,.T.);
#2526=ORIENTED_EDGE('',*,*,#2511,.F.);
#2527=ORIENTED_EDGE('',*,*,#2323,.F.);
#2528=EDGE_LOOP('',(#2524,#2525,#2526,#2527));
#2529=FACE_OUTER_BOUND('',#2528,.F.);
#2531=CARTESIAN_POINT('',(-2.49E0,-6.35E-1,-8.83764E0));
#2532=DIRECTION('',(0.E0,0.E0,1.E0));
#2533=DIRECTION('',(0.E0,-1.E0,0.E0));
#2534=AXIS2_PLACEMENT_3D('',#2531,#2532,#2533);
#2535=CYLINDRICAL_SURFACE('',#2534,1.E-1);
#2536=ORIENTED_EDGE('',*,*,#2523,.F.);
#2537=ORIENTED_EDGE('',*,*,#2321,.T.);
#2539=ORIENTED_EDGE('',*,*,#2538,.T.);
#2540=ORIENTED_EDGE('',*,*,#2437,.T.);
#2541=EDGE_LOOP('',(#2536,#2537,#2539,#2540));
#2542=FACE_OUTER_BOUND('',#2541,.F.);
#2544=CARTESIAN_POINT('',(-2.39E0,2.15E-1,-8.4E-1));
#2545=DIRECTION('',(-1.E0,0.E0,0.E0));
#2546=DIRECTION('',(0.E0,-1.E0,0.E0));
#2547=AXIS2_PLACEMENT_3D('',#2544,#2545,#2546);
#2548=PLANE('',#2547);
#2549=ORIENTED_EDGE('',*,*,#2538,.F.);
#2550=ORIENTED_EDGE('',*,*,#2319,.F.);
#2552=ORIENTED_EDGE('',*,*,#2551,.F.);
#2553=ORIENTED_EDGE('',*,*,#2439,.T.);
#2554=EDGE_LOOP('',(#2549,#2550,#2552,#2553));
#2555=FACE_OUTER_BOUND('',#2554,.F.);
#2557=CARTESIAN_POINT('',(-2.09E0,-8.5E-2,8.83764E0));
#2558=DIRECTION('',(0.E0,0.E0,-1.E0));
#2559=DIRECTION('',(-1.E0,0.E0,0.E0));
#2560=AXIS2_PLACEMENT_3D('',#2557,#2558,#2559);
#2561=CYLINDRICAL_SURFACE('',#2560,3.E-1);
#2562=ORIENTED_EDGE('',*,*,#2317,.T.);
#2564=ORIENTED_EDGE('',*,*,#2563,.F.);
#2565=ORIENTED_EDGE('',*,*,#2441,.T.);
#2566=ORIENTED_EDGE('',*,*,#2551,.T.);
#2567=EDGE_LOOP('',(#2562,#2564,#2565,#2566));
#2568=FACE_OUTER_BOUND('',#2567,.F.);
#2570=CARTESIAN_POINT('',(2.39E0,2.15E-1,-8.4E-1));
#2571=DIRECTION('',(0.E0,1.E0,0.E0));
#2572=DIRECTION('',(-1.E0,0.E0,0.E0));
#2573=AXIS2_PLACEMENT_3D('',#2570,#2571,#2572);
#2574=PLANE('',#2573);
#2576=ORIENTED_EDGE('',*,*,#2575,.F.);
#2577=ORIENTED_EDGE('',*,*,#2460,.T.);
#2578=ORIENTED_EDGE('',*,*,#1771,.F.);
#2579=ORIENTED_EDGE('',*,*,#2359,.F.);
#2580=EDGE_LOOP('',(#2576,#2577,#2578,#2579));
#2581=FACE_OUTER_BOUND('',#2580,.F.);
#2583=CARTESIAN_POINT('',(2.39E0,2.15E-1,-8.4E-1));
#2584=DIRECTION('',(0.E0,1.E0,0.E0));
#2585=DIRECTION('',(-1.E0,0.E0,0.E0));
#2586=AXIS2_PLACEMENT_3D('',#2583,#2584,#2585);
#2587=PLANE('',#2586);
#2588=ORIENTED_EDGE('',*,*,#2563,.T.);
#2589=ORIENTED_EDGE('',*,*,#2315,.F.);
#2590=ORIENTED_EDGE('',*,*,#1856,.T.);
#2591=ORIENTED_EDGE('',*,*,#2443,.T.);
#2592=EDGE_LOOP('',(#2588,#2589,#2590,#2591));
#2593=FACE_OUTER_BOUND('',#2592,.F.);
#2595=CARTESIAN_POINT('',(2.09E0,-8.5E-2,8.83764E0));
#2596=DIRECTION('',(0.E0,0.E0,-1.E0));
#2597=DIRECTION('',(0.E0,1.E0,0.E0));
#2598=AXIS2_PLACEMENT_3D('',#2595,#2596,#2597);
#2599=CYLINDRICAL_SURFACE('',#2598,3.E-1);
#2600=ORIENTED_EDGE('',*,*,#2357,.T.);
#2602=ORIENTED_EDGE('',*,*,#2601,.F.);
#2603=ORIENTED_EDGE('',*,*,#2462,.T.);
#2604=ORIENTED_EDGE('',*,*,#2575,.T.);
#2605=EDGE_LOOP('',(#2600,#2602,#2603,#2604));
#2606=FACE_OUTER_BOUND('',#2605,.F.);
#2608=CARTESIAN_POINT('',(2.39E0,-7.35E-1,-8.4E-1));
#2609=DIRECTION('',(1.E0,0.E0,0.E0));
#2610=DIRECTION('',(0.E0,1.E0,0.E0));
#2611=AXIS2_PLACEMENT_3D('',#2608,#2609,#2610);
#2612=PLANE('',#2611);
#2614=ORIENTED_EDGE('',*,*,#2613,.T.);
#2615=ORIENTED_EDGE('',*,*,#2464,.T.);
#2616=ORIENTED_EDGE('',*,*,#2601,.T.);
#2617=ORIENTED_EDGE('',*,*,#2355,.T.);
#2618=EDGE_LOOP('',(#2614,#2615,#2616,#2617));
#2619=FACE_OUTER_BOUND('',#2618,.F.);
#2621=CARTESIAN_POINT('',(2.49E0,-6.35E-1,-8.83764E0));
#2622=DIRECTION('',(0.E0,0.E0,1.E0));
#2623=DIRECTION('',(-1.E0,0.E0,0.E0));
#2624=AXIS2_PLACEMENT_3D('',#2621,#2622,#2623);
#2625=CYLINDRICAL_SURFACE('',#2624,1.E-1);
#2626=ORIENTED_EDGE('',*,*,#2613,.F.);
#2627=ORIENTED_EDGE('',*,*,#2353,.T.);
#2629=ORIENTED_EDGE('',*,*,#2628,.T.);
#2630=ORIENTED_EDGE('',*,*,#2466,.T.);
#2631=EDGE_LOOP('',(#2626,#2627,#2629,#2630));
#2632=FACE_OUTER_BOUND('',#2631,.F.);
#2634=CARTESIAN_POINT('',(3.E0,-7.35E-1,-8.4E-1));
#2635=DIRECTION('',(0.E0,1.E0,0.E0));
#2636=DIRECTION('',(-1.E0,0.E0,0.E0));
#2637=AXIS2_PLACEMENT_3D('',#2634,#2635,#2636);
#2638=PLANE('',#2637);
#2639=ORIENTED_EDGE('',*,*,#2628,.F.);
#2640=ORIENTED_EDGE('',*,*,#2351,.F.);
#2642=ORIENTED_EDGE('',*,*,#2641,.T.);
#2643=ORIENTED_EDGE('',*,*,#2468,.T.);
#2644=EDGE_LOOP('',(#2639,#2640,#2642,#2643));
#2645=FACE_OUTER_BOUND('',#2644,.F.);
#2647=CARTESIAN_POINT('',(3.E0,-9.5E-1,-8.4E-1));
#2648=DIRECTION('',(1.E0,0.E0,0.E0));
#2649=DIRECTION('',(0.E0,1.E0,0.E0));
#2650=AXIS2_PLACEMENT_3D('',#2647,#2648,#2649);
#2651=PLANE('',#2650);
#2652=ORIENTED_EDGE('',*,*,#2349,.F.);
#2654=ORIENTED_EDGE('',*,*,#2653,.T.);
#2655=ORIENTED_EDGE('',*,*,#2470,.T.);
#2656=ORIENTED_EDGE('',*,*,#2641,.F.);
#2657=EDGE_LOOP('',(#2652,#2654,#2655,#2656));
#2658=FACE_OUTER_BOUND('',#2657,.F.);
#2660=CARTESIAN_POINT('',(2.175E0,-9.5E-1,-8.4E-1));
#2661=DIRECTION('',(0.E0,-1.E0,0.E0));
#2662=DIRECTION('',(1.E0,0.E0,0.E0));
#2663=AXIS2_PLACEMENT_3D('',#2660,#2661,#2662);
#2664=PLANE('',#2663);
#2666=ORIENTED_EDGE('',*,*,#2665,.F.);
#2667=ORIENTED_EDGE('',*,*,#2472,.T.);
#2668=ORIENTED_EDGE('',*,*,#2653,.F.);
#2669=ORIENTED_EDGE('',*,*,#2347,.F.);
#2670=EDGE_LOOP('',(#2666,#2667,#2668,#2669));
#2671=FACE_OUTER_BOUND('',#2670,.F.);
#2673=CARTESIAN_POINT('',(2.475E0,-6.5E-1,8.83764E0));
#2674=DIRECTION('',(0.E0,0.E0,-1.E0));
#2675=DIRECTION('',(0.E0,-1.E0,0.E0));
#2676=AXIS2_PLACEMENT_3D('',#2673,#2674,#2675);
#2677=CYLINDRICAL_SURFACE('',#2676,3.E-1);
#2678=ORIENTED_EDGE('',*,*,#2345,.T.);
#2680=ORIENTED_EDGE('',*,*,#2679,.F.);
#2681=ORIENTED_EDGE('',*,*,#2474,.T.);
#2682=ORIENTED_EDGE('',*,*,#2665,.T.);
#2683=EDGE_LOOP('',(#2678,#2680,#2681,#2682));
#2684=FACE_OUTER_BOUND('',#2683,.F.);
#2686=CARTESIAN_POINT('',(2.175E0,5.496745932157E-2,-8.4E-1));
#2687=DIRECTION('',(-1.E0,0.E0,0.E0));
#2688=DIRECTION('',(0.E0,-1.E0,0.E0));
#2689=AXIS2_PLACEMENT_3D('',#2686,#2687,#2688);
#2690=PLANE('',#2689);
#2692=ORIENTED_EDGE('',*,*,#2691,.T.);
#2693=ORIENTED_EDGE('',*,*,#2454,.T.);
#2694=ORIENTED_EDGE('',*,*,#2679,.T.);
#2695=ORIENTED_EDGE('',*,*,#2343,.T.);
#2696=EDGE_LOOP('',(#2692,#2693,#2694,#2695));
#2697=FACE_OUTER_BOUND('',#2696,.F.);
#2699=CARTESIAN_POINT('',(2.075E0,-4.503254067843E-2,-8.83764E0));
#2700=DIRECTION('',(0.E0,0.E0,1.E0));
#2701=DIRECTION('',(1.E0,0.E0,0.E0));
#2702=AXIS2_PLACEMENT_3D('',#2699,#2700,#2701);
#2703=CYLINDRICAL_SURFACE('',#2702,1.E-1);
#2704=ORIENTED_EDGE('',*,*,#2691,.F.);
#2705=ORIENTED_EDGE('',*,*,#2341,.T.);
#2706=ORIENTED_EDGE('',*,*,#2412,.T.);
#2707=ORIENTED_EDGE('',*,*,#2456,.T.);
#2708=EDGE_LOOP('',(#2704,#2705,#2706,#2707));
#2709=FACE_OUTER_BOUND('',#2708,.F.);
#2711=CARTESIAN_POINT('',(0.E0,0.E0,1.7E0));
#2712=DIRECTION('',(0.E0,0.E0,1.E0));
#2713=DIRECTION('',(1.E0,0.E0,0.E0));
#2714=AXIS2_PLACEMENT_3D('',#2711,#2712,#2713);
#2715=PLANE('',#2714);
#2717=ORIENTED_EDGE('',*,*,#2716,.T.);
#2719=ORIENTED_EDGE('',*,*,#2718,.F.);
#2721=ORIENTED_EDGE('',*,*,#2720,.T.);
#2722=ORIENTED_EDGE('',*,*,#1860,.T.);
#2724=ORIENTED_EDGE('',*,*,#2723,.T.);
#2726=ORIENTED_EDGE('',*,*,#2725,.F.);
#2728=ORIENTED_EDGE('',*,*,#2727,.T.);
#2730=ORIENTED_EDGE('',*,*,#2729,.F.);
#2732=ORIENTED_EDGE('',*,*,#2731,.T.);
#2734=ORIENTED_EDGE('',*,*,#2733,.T.);
#2736=ORIENTED_EDGE('',*,*,#2735,.T.);
#2738=ORIENTED_EDGE('',*,*,#2737,.F.);
#2739=EDGE_LOOP('',(#2717,#2719,#2721,#2722,#2724,#2726,#2728,#2730,#2732,#2734,
#2736,#2738));
#2740=FACE_OUTER_BOUND('',#2739,.F.);
#2742=CARTESIAN_POINT('',(0.E0,0.E0,1.7E0));
#2743=DIRECTION('',(0.E0,0.E0,1.E0));
#2744=DIRECTION('',(1.E0,0.E0,0.E0));
#2745=AXIS2_PLACEMENT_3D('',#2742,#2743,#2744);
#2746=PLANE('',#2745);
#2748=ORIENTED_EDGE('',*,*,#2747,.T.);
#2750=ORIENTED_EDGE('',*,*,#2749,.F.);
#2752=ORIENTED_EDGE('',*,*,#2751,.F.);
#2754=ORIENTED_EDGE('',*,*,#2753,.F.);
#2756=ORIENTED_EDGE('',*,*,#2755,.T.);
#2757=ORIENTED_EDGE('',*,*,#1779,.F.);
#2759=ORIENTED_EDGE('',*,*,#2758,.T.);
#2761=ORIENTED_EDGE('',*,*,#2760,.F.);
#2763=ORIENTED_EDGE('',*,*,#2762,.F.);
#2765=ORIENTED_EDGE('',*,*,#2764,.F.);
#2767=ORIENTED_EDGE('',*,*,#2766,.T.);
#2769=ORIENTED_EDGE('',*,*,#2768,.T.);
#2770=EDGE_LOOP('',(#2748,#2750,#2752,#2754,#2756,#2757,#2759,#2761,#2763,#2765,
#2767,#2769));
#2771=FACE_OUTER_BOUND('',#2770,.F.);
#2773=CARTESIAN_POINT('',(-2.175E0,-9.5E-1,1.7E0));
#2774=DIRECTION('',(1.E0,0.E0,0.E0));
#2775=DIRECTION('',(0.E0,1.E0,0.E0));
#2776=AXIS2_PLACEMENT_3D('',#2773,#2774,#2775);
#2777=PLANE('',#2776);
#2779=ORIENTED_EDGE('',*,*,#2778,.F.);
#2780=ORIENTED_EDGE('',*,*,#2716,.F.);
#2782=ORIENTED_EDGE('',*,*,#2781,.F.);
#2784=ORIENTED_EDGE('',*,*,#2783,.T.);
#2785=EDGE_LOOP('',(#2779,#2780,#2782,#2784));
#2786=FACE_OUTER_BOUND('',#2785,.F.);
#2788=CARTESIAN_POINT('',(-2.075E0,-4.503254067843E-2,-8.83764E0));
#2789=DIRECTION('',(0.E0,0.E0,1.E0));
#2790=DIRECTION('',(0.E0,1.E0,0.E0));
#2791=AXIS2_PLACEMENT_3D('',#2788,#2789,#2790);
#2792=CYLINDRICAL_SURFACE('',#2791,1.E-1);
#2794=ORIENTED_EDGE('',*,*,#2793,.F.);
#2795=ORIENTED_EDGE('',*,*,#2718,.T.);
#2796=ORIENTED_EDGE('',*,*,#2778,.T.);
#2798=ORIENTED_EDGE('',*,*,#2797,.T.);
#2799=EDGE_LOOP('',(#2794,#2795,#2796,#2798));
#2800=FACE_OUTER_BOUND('',#2799,.F.);
#2802=CARTESIAN_POINT('',(-2.175E0,5.496745932157E-2,1.7E0));
#2803=DIRECTION('',(0.E0,-1.E0,0.E0));
#2804=DIRECTION('',(1.E0,0.E0,0.E0));
#2805=AXIS2_PLACEMENT_3D('',#2802,#2803,#2804);
#2806=PLANE('',#2805);
#2807=ORIENTED_EDGE('',*,*,#2793,.T.);
#2809=ORIENTED_EDGE('',*,*,#2808,.T.);
#2810=ORIENTED_EDGE('',*,*,#1862,.F.);
#2811=ORIENTED_EDGE('',*,*,#2720,.F.);
#2812=EDGE_LOOP('',(#2807,#2809,#2810,#2811));
#2813=FACE_OUTER_BOUND('',#2812,.F.);
#2815=CARTESIAN_POINT('',(-2.175E0,5.496745932157E-2,1.7E0));
#2816=DIRECTION('',(0.E0,-1.E0,0.E0));
#2817=DIRECTION('',(1.E0,0.E0,0.E0));
#2818=AXIS2_PLACEMENT_3D('',#2815,#2816,#2817);
#2819=PLANE('',#2818);
#2821=ORIENTED_EDGE('',*,*,#2820,.F.);
#2822=ORIENTED_EDGE('',*,*,#2758,.F.);
#2823=ORIENTED_EDGE('',*,*,#1785,.T.);
#2825=ORIENTED_EDGE('',*,*,#2824,.T.);
#2826=EDGE_LOOP('',(#2821,#2822,#2823,#2825));
#2827=FACE_OUTER_BOUND('',#2826,.F.);
#2829=CARTESIAN_POINT('',(0.E0,0.E0,2.11E0));
#2830=DIRECTION('',(0.E0,0.E0,1.E0));
#2831=DIRECTION('',(1.E0,0.E0,0.E0));
#2832=AXIS2_PLACEMENT_3D('',#2829,#2830,#2831);
#2833=PLANE('',#2832);
#2834=ORIENTED_EDGE('',*,*,#2808,.F.);
#2835=ORIENTED_EDGE('',*,*,#2797,.F.);
#2836=ORIENTED_EDGE('',*,*,#2783,.F.);
#2838=ORIENTED_EDGE('',*,*,#2837,.F.);
#2840=ORIENTED_EDGE('',*,*,#2839,.F.);
#2842=ORIENTED_EDGE('',*,*,#2841,.F.);
#2844=ORIENTED_EDGE('',*,*,#2843,.F.);
#2846=ORIENTED_EDGE('',*,*,#2845,.F.);
#2848=ORIENTED_EDGE('',*,*,#2847,.F.);
#2850=ORIENTED_EDGE('',*,*,#2849,.F.);
#2852=ORIENTED_EDGE('',*,*,#2851,.F.);
#2853=ORIENTED_EDGE('',*,*,#1864,.F.);
#2854=EDGE_LOOP('',(#2834,#2835,#2836,#2838,#2840,#2842,#2844,#2846,#2848,#2850,
#2852,#2853));
#2855=FACE_OUTER_BOUND('',#2854,.F.);
#2857=CARTESIAN_POINT('',(0.E0,0.E0,2.11E0));
#2858=DIRECTION('',(0.E0,0.E0,1.E0));
#2859=DIRECTION('',(1.E0,0.E0,0.E0));
#2860=AXIS2_PLACEMENT_3D('',#2857,#2858,#2859);
#2861=PLANE('',#2860);
#2863=ORIENTED_EDGE('',*,*,#2862,.F.);
#2865=ORIENTED_EDGE('',*,*,#2864,.F.);
#2867=ORIENTED_EDGE('',*,*,#2866,.F.);
#2869=ORIENTED_EDGE('',*,*,#2868,.F.);
#2871=ORIENTED_EDGE('',*,*,#2870,.F.);
#2873=ORIENTED_EDGE('',*,*,#2872,.F.);
#2875=ORIENTED_EDGE('',*,*,#2874,.F.);
#2877=ORIENTED_EDGE('',*,*,#2876,.F.);
#2878=ORIENTED_EDGE('',*,*,#2824,.F.);
#2879=ORIENTED_EDGE('',*,*,#1783,.T.);
#2881=ORIENTED_EDGE('',*,*,#2880,.F.);
#2883=ORIENTED_EDGE('',*,*,#2882,.F.);
#2884=EDGE_LOOP('',(#2863,#2865,#2867,#2869,#2871,#2873,#2875,#2877,#2878,#2879,
#2881,#2883));
#2885=FACE_OUTER_BOUND('',#2884,.F.);
#2887=CARTESIAN_POINT('',(-2.475E0,-6.5E-1,8.83764E0));
#2888=DIRECTION('',(0.E0,0.E0,-1.E0));
#2889=DIRECTION('',(1.E0,0.E0,0.E0));
#2890=AXIS2_PLACEMENT_3D('',#2887,#2888,#2889);
#2891=CYLINDRICAL_SURFACE('',#2890,3.E-1);
#2892=ORIENTED_EDGE('',*,*,#2737,.T.);
#2894=ORIENTED_EDGE('',*,*,#2893,.F.);
#2895=ORIENTED_EDGE('',*,*,#2837,.T.);
#2896=ORIENTED_EDGE('',*,*,#2781,.T.);
#2897=EDGE_LOOP('',(#2892,#2894,#2895,#2896));
#2898=FACE_OUTER_BOUND('',#2897,.F.);
#2900=CARTESIAN_POINT('',(-3.E0,-9.5E-1,1.7E0));
#2901=DIRECTION('',(0.E0,-1.E0,0.E0));
#2902=DIRECTION('',(1.E0,0.E0,0.E0));
#2903=AXIS2_PLACEMENT_3D('',#2900,#2901,#2902);
#2904=PLANE('',#2903);
#2905=ORIENTED_EDGE('',*,*,#2893,.T.);
#2906=ORIENTED_EDGE('',*,*,#2735,.F.);
#2908=ORIENTED_EDGE('',*,*,#2907,.T.);
#2909=ORIENTED_EDGE('',*,*,#2839,.T.);
#2910=EDGE_LOOP('',(#2905,#2906,#2908,#2909));
#2911=FACE_OUTER_BOUND('',#2910,.F.);
#2913=CARTESIAN_POINT('',(-3.E0,-7.35E-1,1.7E0));
#2914=DIRECTION('',(-1.E0,0.E0,0.E0));
#2915=DIRECTION('',(0.E0,-1.E0,0.E0));
#2916=AXIS2_PLACEMENT_3D('',#2913,#2914,#2915);
#2917=PLANE('',#2916);
#2918=ORIENTED_EDGE('',*,*,#2733,.F.);
#2920=ORIENTED_EDGE('',*,*,#2919,.T.);
#2921=ORIENTED_EDGE('',*,*,#2841,.T.);
#2922=ORIENTED_EDGE('',*,*,#2907,.F.);
#2923=EDGE_LOOP('',(#2918,#2920,#2921,#2922));
#2924=FACE_OUTER_BOUND('',#2923,.F.);
#2926=CARTESIAN_POINT('',(-2.39E0,-7.35E-1,1.7E0));
#2927=DIRECTION('',(0.E0,1.E0,0.E0));
#2928=DIRECTION('',(-1.E0,0.E0,0.E0));
#2929=AXIS2_PLACEMENT_3D('',#2926,#2927,#2928);
#2930=PLANE('',#2929);
#2932=ORIENTED_EDGE('',*,*,#2931,.T.);
#2933=ORIENTED_EDGE('',*,*,#2843,.T.);
#2934=ORIENTED_EDGE('',*,*,#2919,.F.);
#2935=ORIENTED_EDGE('',*,*,#2731,.F.);
#2936=EDGE_LOOP('',(#2932,#2933,#2934,#2935));
#2937=FACE_OUTER_BOUND('',#2936,.F.);
#2939=CARTESIAN_POINT('',(-2.49E0,-6.35E-1,-8.83764E0));
#2940=DIRECTION('',(0.E0,0.E0,1.E0));
#2941=DIRECTION('',(0.E0,-1.E0,0.E0));
#2942=AXIS2_PLACEMENT_3D('',#2939,#2940,#2941);
#2943=CYLINDRICAL_SURFACE('',#2942,1.E-1);
#2944=ORIENTED_EDGE('',*,*,#2931,.F.);
#2945=ORIENTED_EDGE('',*,*,#2729,.T.);
#2947=ORIENTED_EDGE('',*,*,#2946,.T.);
#2948=ORIENTED_EDGE('',*,*,#2845,.T.);
#2949=EDGE_LOOP('',(#2944,#2945,#2947,#2948));
#2950=FACE_OUTER_BOUND('',#2949,.F.);
#2952=CARTESIAN_POINT('',(-2.39E0,2.15E-1,1.7E0));
#2953=DIRECTION('',(-1.E0,0.E0,0.E0));
#2954=DIRECTION('',(0.E0,-1.E0,0.E0));
#2955=AXIS2_PLACEMENT_3D('',#2952,#2953,#2954);
#2956=PLANE('',#2955);
#2957=ORIENTED_EDGE('',*,*,#2946,.F.);
#2958=ORIENTED_EDGE('',*,*,#2727,.F.);
#2960=ORIENTED_EDGE('',*,*,#2959,.F.);
#2961=ORIENTED_EDGE('',*,*,#2847,.T.);
#2962=EDGE_LOOP('',(#2957,#2958,#2960,#2961));
#2963=FACE_OUTER_BOUND('',#2962,.F.);
#2965=CARTESIAN_POINT('',(-2.09E0,-8.5E-2,8.83764E0));
#2966=DIRECTION('',(0.E0,0.E0,-1.E0));
#2967=DIRECTION('',(-1.E0,0.E0,0.E0));
#2968=AXIS2_PLACEMENT_3D('',#2965,#2966,#2967);
#2969=CYLINDRICAL_SURFACE('',#2968,3.E-1);
#2970=ORIENTED_EDGE('',*,*,#2725,.T.);
#2972=ORIENTED_EDGE('',*,*,#2971,.F.);
#2973=ORIENTED_EDGE('',*,*,#2849,.T.);
#2974=ORIENTED_EDGE('',*,*,#2959,.T.);
#2975=EDGE_LOOP('',(#2970,#2972,#2973,#2974));
#2976=FACE_OUTER_BOUND('',#2975,.F.);
#2978=CARTESIAN_POINT('',(2.39E0,2.15E-1,1.7E0));
#2979=DIRECTION('',(0.E0,1.E0,0.E0));
#2980=DIRECTION('',(-1.E0,0.E0,0.E0));
#2981=AXIS2_PLACEMENT_3D('',#2978,#2979,#2980);
#2982=PLANE('',#2981);
#2984=ORIENTED_EDGE('',*,*,#2983,.F.);
#2985=ORIENTED_EDGE('',*,*,#2880,.T.);
#2986=ORIENTED_EDGE('',*,*,#1781,.F.);
#2987=ORIENTED_EDGE('',*,*,#2755,.F.);
#2988=EDGE_LOOP('',(#2984,#2985,#2986,#2987));
#2989=FACE_OUTER_BOUND('',#2988,.F.);
#2991=CARTESIAN_POINT('',(2.39E0,2.15E-1,1.7E0));
#2992=DIRECTION('',(0.E0,1.E0,0.E0));
#2993=DIRECTION('',(-1.E0,0.E0,0.E0));
#2994=AXIS2_PLACEMENT_3D('',#2991,#2992,#2993);
#2995=PLANE('',#2994);
#2996=ORIENTED_EDGE('',*,*,#2971,.T.);
#2997=ORIENTED_EDGE('',*,*,#2723,.F.);
#2998=ORIENTED_EDGE('',*,*,#1866,.T.);
#2999=ORIENTED_EDGE('',*,*,#2851,.T.);
#3000=EDGE_LOOP('',(#2996,#2997,#2998,#2999));
#3001=FACE_OUTER_BOUND('',#3000,.F.);
#3003=CARTESIAN_POINT('',(2.09E0,-8.5E-2,8.83764E0));
#3004=DIRECTION('',(0.E0,0.E0,-1.E0));
#3005=DIRECTION('',(0.E0,1.E0,0.E0));
#3006=AXIS2_PLACEMENT_3D('',#3003,#3004,#3005);
#3007=CYLINDRICAL_SURFACE('',#3006,3.E-1);
#3008=ORIENTED_EDGE('',*,*,#2753,.T.);
#3010=ORIENTED_EDGE('',*,*,#3009,.F.);
#3011=ORIENTED_EDGE('',*,*,#2882,.T.);
#3012=ORIENTED_EDGE('',*,*,#2983,.T.);
#3013=EDGE_LOOP('',(#3008,#3010,#3011,#3012));
#3014=FACE_OUTER_BOUND('',#3013,.F.);
#3016=CARTESIAN_POINT('',(2.39E0,-7.35E-1,1.7E0));
#3017=DIRECTION('',(1.E0,0.E0,0.E0));
#3018=DIRECTION('',(0.E0,1.E0,0.E0));
#3019=AXIS2_PLACEMENT_3D('',#3016,#3017,#3018);
#3020=PLANE('',#3019);
#3022=ORIENTED_EDGE('',*,*,#3021,.T.);
#3023=ORIENTED_EDGE('',*,*,#2862,.T.);
#3024=ORIENTED_EDGE('',*,*,#3009,.T.);
#3025=ORIENTED_EDGE('',*,*,#2751,.T.);
#3026=EDGE_LOOP('',(#3022,#3023,#3024,#3025));
#3027=FACE_OUTER_BOUND('',#3026,.F.);
#3029=CARTESIAN_POINT('',(2.49E0,-6.35E-1,-8.83764E0));
#3030=DIRECTION('',(0.E0,0.E0,1.E0));
#3031=DIRECTION('',(-1.E0,0.E0,0.E0));
#3032=AXIS2_PLACEMENT_3D('',#3029,#3030,#3031);
#3033=CYLINDRICAL_SURFACE('',#3032,1.E-1);
#3034=ORIENTED_EDGE('',*,*,#3021,.F.);
#3035=ORIENTED_EDGE('',*,*,#2749,.T.);
#3037=ORIENTED_EDGE('',*,*,#3036,.T.);
#3038=ORIENTED_EDGE('',*,*,#2864,.T.);
#3039=EDGE_LOOP('',(#3034,#3035,#3037,#3038));
#3040=FACE_OUTER_BOUND('',#3039,.F.);
#3042=CARTESIAN_POINT('',(3.E0,-7.35E-1,1.7E0));
#3043=DIRECTION('',(0.E0,1.E0,0.E0));
#3044=DIRECTION('',(-1.E0,0.E0,0.E0));
#3045=AXIS2_PLACEMENT_3D('',#3042,#3043,#3044);
#3046=PLANE('',#3045);
#3047=ORIENTED_EDGE('',*,*,#3036,.F.);
#3048=ORIENTED_EDGE('',*,*,#2747,.F.);
#3050=ORIENTED_EDGE('',*,*,#3049,.T.);
#3051=ORIENTED_EDGE('',*,*,#2866,.T.);
#3052=EDGE_LOOP('',(#3047,#3048,#3050,#3051));
#3053=FACE_OUTER_BOUND('',#3052,.F.);
#3055=CARTESIAN_POINT('',(3.E0,-9.5E-1,1.7E0));
#3056=DIRECTION('',(1.E0,0.E0,0.E0));
#3057=DIRECTION('',(0.E0,1.E0,0.E0));
#3058=AXIS2_PLACEMENT_3D('',#3055,#3056,#3057);
#3059=PLANE('',#3058);
#3060=ORIENTED_EDGE('',*,*,#2768,.F.);
#3062=ORIENTED_EDGE('',*,*,#3061,.T.);
#3063=ORIENTED_EDGE('',*,*,#2868,.T.);
#3064=ORIENTED_EDGE('',*,*,#3049,.F.);
#3065=EDGE_LOOP('',(#3060,#3062,#3063,#3064));
#3066=FACE_OUTER_BOUND('',#3065,.F.);
#3068=CARTESIAN_POINT('',(2.175E0,-9.5E-1,1.7E0));
#3069=DIRECTION('',(0.E0,-1.E0,0.E0));
#3070=DIRECTION('',(1.E0,0.E0,0.E0));
#3071=AXIS2_PLACEMENT_3D('',#3068,#3069,#3070);
#3072=PLANE('',#3071);
#3074=ORIENTED_EDGE('',*,*,#3073,.F.);
#3075=ORIENTED_EDGE('',*,*,#2870,.T.);
#3076=ORIENTED_EDGE('',*,*,#3061,.F.);
#3077=ORIENTED_EDGE('',*,*,#2766,.F.);
#3078=EDGE_LOOP('',(#3074,#3075,#3076,#3077));
#3079=FACE_OUTER_BOUND('',#3078,.F.);
#3081=CARTESIAN_POINT('',(2.475E0,-6.5E-1,8.83764E0));
#3082=DIRECTION('',(0.E0,0.E0,-1.E0));
#3083=DIRECTION('',(0.E0,-1.E0,0.E0));
#3084=AXIS2_PLACEMENT_3D('',#3081,#3082,#3083);
#3085=CYLINDRICAL_SURFACE('',#3084,3.E-1);
#3086=ORIENTED_EDGE('',*,*,#2764,.T.);
#3088=ORIENTED_EDGE('',*,*,#3087,.F.);
#3089=ORIENTED_EDGE('',*,*,#2872,.T.);
#3090=ORIENTED_EDGE('',*,*,#3073,.T.);
#3091=EDGE_LOOP('',(#3086,#3088,#3089,#3090));
#3092=FACE_OUTER_BOUND('',#3091,.F.);
#3094=CARTESIAN_POINT('',(2.175E0,5.496745932157E-2,1.7E0));
#3095=DIRECTION('',(-1.E0,0.E0,0.E0));
#3096=DIRECTION('',(0.E0,-1.E0,0.E0));
#3097=AXIS2_PLACEMENT_3D('',#3094,#3095,#3096);
#3098=PLANE('',#3097);
#3100=ORIENTED_EDGE('',*,*,#3099,.T.);
#3101=ORIENTED_EDGE('',*,*,#2874,.T.);
#3102=ORIENTED_EDGE('',*,*,#3087,.T.);
#3103=ORIENTED_EDGE('',*,*,#2762,.T.);
#3104=EDGE_LOOP('',(#3100,#3101,#3102,#3103));
#3105=FACE_OUTER_BOUND('',#3104,.F.);
#3107=CARTESIAN_POINT('',(2.075E0,-4.503254067843E-2,-8.83764E0));
#3108=DIRECTION('',(0.E0,0.E0,1.E0));
#3109=DIRECTION('',(1.E0,0.E0,0.E0));
#3110=AXIS2_PLACEMENT_3D('',#3107,#3108,#3109);
#3111=CYLINDRICAL_SURFACE('',#3110,1.E-1);
#3112=ORIENTED_EDGE('',*,*,#3099,.F.);
#3113=ORIENTED_EDGE('',*,*,#2760,.T.);
#3114=ORIENTED_EDGE('',*,*,#2820,.T.);
#3115=ORIENTED_EDGE('',*,*,#2876,.T.);
#3116=EDGE_LOOP('',(#3112,#3113,#3114,#3115));
#3117=FACE_OUTER_BOUND('',#3116,.F.);
#3119=CARTESIAN_POINT('',(0.E0,0.E0,-2.11E0));
#3120=DIRECTION('',(0.E0,0.E0,1.E0));
#3121=DIRECTION('',(1.E0,0.E0,0.E0));
#3122=AXIS2_PLACEMENT_3D('',#3119,#3120,#3121);
#3123=PLANE('',#3122);
#3125=ORIENTED_EDGE('',*,*,#3124,.T.);
#3127=ORIENTED_EDGE('',*,*,#3126,.F.);
#3129=ORIENTED_EDGE('',*,*,#3128,.T.);
#3130=ORIENTED_EDGE('',*,*,#1870,.T.);
#3132=ORIENTED_EDGE('',*,*,#3131,.T.);
#3134=ORIENTED_EDGE('',*,*,#3133,.F.);
#3136=ORIENTED_EDGE('',*,*,#3135,.T.);
#3138=ORIENTED_EDGE('',*,*,#3137,.F.);
#3140=ORIENTED_EDGE('',*,*,#3139,.T.);
#3142=ORIENTED_EDGE('',*,*,#3141,.T.);
#3144=ORIENTED_EDGE('',*,*,#3143,.T.);
#3146=ORIENTED_EDGE('',*,*,#3145,.F.);
#3147=EDGE_LOOP('',(#3125,#3127,#3129,#3130,#3132,#3134,#3136,#3138,#3140,#3142,
#3144,#3146));
#3148=FACE_OUTER_BOUND('',#3147,.F.);
#3150=CARTESIAN_POINT('',(0.E0,0.E0,-2.11E0));
#3151=DIRECTION('',(0.E0,0.E0,1.E0));
#3152=DIRECTION('',(1.E0,0.E0,0.E0));
#3153=AXIS2_PLACEMENT_3D('',#3150,#3151,#3152);
#3154=PLANE('',#3153);
#3156=ORIENTED_EDGE('',*,*,#3155,.T.);
#3158=ORIENTED_EDGE('',*,*,#3157,.F.);
#3160=ORIENTED_EDGE('',*,*,#3159,.F.);
#3162=ORIENTED_EDGE('',*,*,#3161,.F.);
#3164=ORIENTED_EDGE('',*,*,#3163,.T.);
#3166=ORIENTED_EDGE('',*,*,#3165,.T.);
#3168=ORIENTED_EDGE('',*,*,#3167,.T.);
#3170=ORIENTED_EDGE('',*,*,#3169,.F.);
#3172=ORIENTED_EDGE('',*,*,#3171,.F.);
#3174=ORIENTED_EDGE('',*,*,#3173,.F.);
#3176=ORIENTED_EDGE('',*,*,#3175,.T.);
#3177=ORIENTED_EDGE('',*,*,#1789,.F.);
#3178=EDGE_LOOP('',(#3156,#3158,#3160,#3162,#3164,#3166,#3168,#3170,#3172,#3174,
#3176,#3177));
#3179=FACE_OUTER_BOUND('',#3178,.F.);
#3181=CARTESIAN_POINT('',(-2.175E0,-9.5E-1,-2.11E0));
#3182=DIRECTION('',(1.E0,0.E0,0.E0));
#3183=DIRECTION('',(0.E0,1.E0,0.E0));
#3184=AXIS2_PLACEMENT_3D('',#3181,#3182,#3183);
#3185=PLANE('',#3184);
#3187=ORIENTED_EDGE('',*,*,#3186,.F.);
#3188=ORIENTED_EDGE('',*,*,#3124,.F.);
#3190=ORIENTED_EDGE('',*,*,#3189,.F.);
#3192=ORIENTED_EDGE('',*,*,#3191,.T.);
#3193=EDGE_LOOP('',(#3187,#3188,#3190,#3192));
#3194=FACE_OUTER_BOUND('',#3193,.F.);
#3196=CARTESIAN_POINT('',(-2.075E0,-4.503254067843E-2,-8.83764E0));
#3197=DIRECTION('',(0.E0,0.E0,1.E0));
#3198=DIRECTION('',(0.E0,1.E0,0.E0));
#3199=AXIS2_PLACEMENT_3D('',#3196,#3197,#3198);
#3200=CYLINDRICAL_SURFACE('',#3199,1.E-1);
#3202=ORIENTED_EDGE('',*,*,#3201,.F.);
#3203=ORIENTED_EDGE('',*,*,#3126,.T.);
#3204=ORIENTED_EDGE('',*,*,#3186,.T.);
#3206=ORIENTED_EDGE('',*,*,#3205,.T.);
#3207=EDGE_LOOP('',(#3202,#3203,#3204,#3206));
#3208=FACE_OUTER_BOUND('',#3207,.F.);
#3210=CARTESIAN_POINT('',(-2.175E0,5.496745932157E-2,-2.11E0));
#3211=DIRECTION('',(0.E0,-1.E0,0.E0));
#3212=DIRECTION('',(1.E0,0.E0,0.E0));
#3213=AXIS2_PLACEMENT_3D('',#3210,#3211,#3212);
#3214=PLANE('',#3213);
#3215=ORIENTED_EDGE('',*,*,#3201,.T.);
#3217=ORIENTED_EDGE('',*,*,#3216,.T.);
#3218=ORIENTED_EDGE('',*,*,#1872,.F.);
#3219=ORIENTED_EDGE('',*,*,#3128,.F.);
#3220=EDGE_LOOP('',(#3215,#3217,#3218,#3219));
#3221=FACE_OUTER_BOUND('',#3220,.F.);
#3223=CARTESIAN_POINT('',(-2.175E0,5.496745932157E-2,-2.11E0));
#3224=DIRECTION('',(0.E0,-1.E0,0.E0));
#3225=DIRECTION('',(1.E0,0.E0,0.E0));
#3226=AXIS2_PLACEMENT_3D('',#3223,#3224,#3225);
#3227=PLANE('',#3226);
#3229=ORIENTED_EDGE('',*,*,#3228,.F.);
#3230=ORIENTED_EDGE('',*,*,#3155,.F.);
#3231=ORIENTED_EDGE('',*,*,#1795,.T.);
#3233=ORIENTED_EDGE('',*,*,#3232,.T.);
#3234=EDGE_LOOP('',(#3229,#3230,#3231,#3233));
#3235=FACE_OUTER_BOUND('',#3234,.F.);
#3237=CARTESIAN_POINT('',(0.E0,0.E0,-1.7E0));
#3238=DIRECTION('',(0.E0,0.E0,1.E0));
#3239=DIRECTION('',(1.E0,0.E0,0.E0));
#3240=AXIS2_PLACEMENT_3D('',#3237,#3238,#3239);
#3241=PLANE('',#3240);
#3242=ORIENTED_EDGE('',*,*,#3216,.F.);
#3243=ORIENTED_EDGE('',*,*,#3205,.F.);
#3244=ORIENTED_EDGE('',*,*,#3191,.F.);
#3246=ORIENTED_EDGE('',*,*,#3245,.F.);
#3248=ORIENTED_EDGE('',*,*,#3247,.F.);
#3250=ORIENTED_EDGE('',*,*,#3249,.F.);
#3252=ORIENTED_EDGE('',*,*,#3251,.F.);
#3254=ORIENTED_EDGE('',*,*,#3253,.F.);
#3256=ORIENTED_EDGE('',*,*,#3255,.F.);
#3258=ORIENTED_EDGE('',*,*,#3257,.F.);
#3260=ORIENTED_EDGE('',*,*,#3259,.F.);
#3261=ORIENTED_EDGE('',*,*,#1874,.F.);
#3262=EDGE_LOOP('',(#3242,#3243,#3244,#3246,#3248,#3250,#3252,#3254,#3256,#3258,
#3260,#3261));
#3263=FACE_OUTER_BOUND('',#3262,.F.);
#3265=CARTESIAN_POINT('',(0.E0,0.E0,-1.7E0));
#3266=DIRECTION('',(0.E0,0.E0,1.E0));
#3267=DIRECTION('',(1.E0,0.E0,0.E0));
#3268=AXIS2_PLACEMENT_3D('',#3265,#3266,#3267);
#3269=PLANE('',#3268);
#3271=ORIENTED_EDGE('',*,*,#3270,.F.);
#3273=ORIENTED_EDGE('',*,*,#3272,.F.);
#3274=ORIENTED_EDGE('',*,*,#3232,.F.);
#3275=ORIENTED_EDGE('',*,*,#1793,.T.);
#3277=ORIENTED_EDGE('',*,*,#3276,.F.);
#3279=ORIENTED_EDGE('',*,*,#3278,.F.);
#3281=ORIENTED_EDGE('',*,*,#3280,.F.);
#3283=ORIENTED_EDGE('',*,*,#3282,.F.);
#3285=ORIENTED_EDGE('',*,*,#3284,.F.);
#3287=ORIENTED_EDGE('',*,*,#3286,.F.);
#3289=ORIENTED_EDGE('',*,*,#3288,.F.);
#3291=ORIENTED_EDGE('',*,*,#3290,.F.);
#3292=EDGE_LOOP('',(#3271,#3273,#3274,#3275,#3277,#3279,#3281,#3283,#3285,#3287,
#3289,#3291));
#3293=FACE_OUTER_BOUND('',#3292,.F.);
#3295=CARTESIAN_POINT('',(-2.475E0,-6.5E-1,8.83764E0));
#3296=DIRECTION('',(0.E0,0.E0,-1.E0));
#3297=DIRECTION('',(1.E0,0.E0,0.E0));
#3298=AXIS2_PLACEMENT_3D('',#3295,#3296,#3297);
#3299=CYLINDRICAL_SURFACE('',#3298,3.E-1);
#3300=ORIENTED_EDGE('',*,*,#3145,.T.);
#3302=ORIENTED_EDGE('',*,*,#3301,.F.);
#3303=ORIENTED_EDGE('',*,*,#3245,.T.);
#3304=ORIENTED_EDGE('',*,*,#3189,.T.);
#3305=EDGE_LOOP('',(#3300,#3302,#3303,#3304));
#3306=FACE_OUTER_BOUND('',#3305,.F.);
#3308=CARTESIAN_POINT('',(-3.E0,-9.5E-1,-2.11E0));
#3309=DIRECTION('',(0.E0,-1.E0,0.E0));
#3310=DIRECTION('',(1.E0,0.E0,0.E0));
#3311=AXIS2_PLACEMENT_3D('',#3308,#3309,#3310);
#3312=PLANE('',#3311);
#3313=ORIENTED_EDGE('',*,*,#3301,.T.);
#3314=ORIENTED_EDGE('',*,*,#3143,.F.);
#3316=ORIENTED_EDGE('',*,*,#3315,.T.);
#3317=ORIENTED_EDGE('',*,*,#3247,.T.);
#3318=EDGE_LOOP('',(#3313,#3314,#3316,#3317));
#3319=FACE_OUTER_BOUND('',#3318,.F.);
#3321=CARTESIAN_POINT('',(-3.E0,-7.35E-1,-2.11E0));
#3322=DIRECTION('',(-1.E0,0.E0,0.E0));
#3323=DIRECTION('',(0.E0,-1.E0,0.E0));
#3324=AXIS2_PLACEMENT_3D('',#3321,#3322,#3323);
#3325=PLANE('',#3324);
#3326=ORIENTED_EDGE('',*,*,#3141,.F.);
#3328=ORIENTED_EDGE('',*,*,#3327,.T.);
#3329=ORIENTED_EDGE('',*,*,#3249,.T.);
#3330=ORIENTED_EDGE('',*,*,#3315,.F.);
#3331=EDGE_LOOP('',(#3326,#3328,#3329,#3330));
#3332=FACE_OUTER_BOUND('',#3331,.F.);
#3334=CARTESIAN_POINT('',(-2.39E0,-7.35E-1,-2.11E0));
#3335=DIRECTION('',(0.E0,1.E0,0.E0));
#3336=DIRECTION('',(-1.E0,0.E0,0.E0));
#3337=AXIS2_PLACEMENT_3D('',#3334,#3335,#3336);
#3338=PLANE('',#3337);
#3340=ORIENTED_EDGE('',*,*,#3339,.T.);
#3341=ORIENTED_EDGE('',*,*,#3251,.T.);
#3342=ORIENTED_EDGE('',*,*,#3327,.F.);
#3343=ORIENTED_EDGE('',*,*,#3139,.F.);
#3344=EDGE_LOOP('',(#3340,#3341,#3342,#3343));
#3345=FACE_OUTER_BOUND('',#3344,.F.);
#3347=CARTESIAN_POINT('',(-2.49E0,-6.35E-1,-8.83764E0));
#3348=DIRECTION('',(0.E0,0.E0,1.E0));
#3349=DIRECTION('',(0.E0,-1.E0,0.E0));
#3350=AXIS2_PLACEMENT_3D('',#3347,#3348,#3349);
#3351=CYLINDRICAL_SURFACE('',#3350,1.E-1);
#3352=ORIENTED_EDGE('',*,*,#3339,.F.);
#3353=ORIENTED_EDGE('',*,*,#3137,.T.);
#3355=ORIENTED_EDGE('',*,*,#3354,.T.);
#3356=ORIENTED_EDGE('',*,*,#3253,.T.);
#3357=EDGE_LOOP('',(#3352,#3353,#3355,#3356));
#3358=FACE_OUTER_BOUND('',#3357,.F.);
#3360=CARTESIAN_POINT('',(-2.39E0,2.15E-1,-2.11E0));
#3361=DIRECTION('',(-1.E0,0.E0,0.E0));
#3362=DIRECTION('',(0.E0,-1.E0,0.E0));
#3363=AXIS2_PLACEMENT_3D('',#3360,#3361,#3362);
#3364=PLANE('',#3363);
#3365=ORIENTED_EDGE('',*,*,#3354,.F.);
#3366=ORIENTED_EDGE('',*,*,#3135,.F.);
#3368=ORIENTED_EDGE('',*,*,#3367,.F.);
#3369=ORIENTED_EDGE('',*,*,#3255,.T.);
#3370=EDGE_LOOP('',(#3365,#3366,#3368,#3369));
#3371=FACE_OUTER_BOUND('',#3370,.F.);
#3373=CARTESIAN_POINT('',(-2.09E0,-8.5E-2,8.83764E0));
#3374=DIRECTION('',(0.E0,0.E0,-1.E0));
#3375=DIRECTION('',(-1.E0,0.E0,0.E0));
#3376=AXIS2_PLACEMENT_3D('',#3373,#3374,#3375);
#3377=CYLINDRICAL_SURFACE('',#3376,3.E-1);
#3378=ORIENTED_EDGE('',*,*,#3133,.T.);
#3380=ORIENTED_EDGE('',*,*,#3379,.F.);
#3381=ORIENTED_EDGE('',*,*,#3257,.T.);
#3382=ORIENTED_EDGE('',*,*,#3367,.T.);
#3383=EDGE_LOOP('',(#3378,#3380,#3381,#3382));
#3384=FACE_OUTER_BOUND('',#3383,.F.);
#3386=CARTESIAN_POINT('',(2.39E0,2.15E-1,-2.11E0));
#3387=DIRECTION('',(0.E0,1.E0,0.E0));
#3388=DIRECTION('',(-1.E0,0.E0,0.E0));
#3389=AXIS2_PLACEMENT_3D('',#3386,#3387,#3388);
#3390=PLANE('',#3389);
#3392=ORIENTED_EDGE('',*,*,#3391,.F.);
#3393=ORIENTED_EDGE('',*,*,#3276,.T.);
#3394=ORIENTED_EDGE('',*,*,#1791,.F.);
#3395=ORIENTED_EDGE('',*,*,#3175,.F.);
#3396=EDGE_LOOP('',(#3392,#3393,#3394,#3395));
#3397=FACE_OUTER_BOUND('',#3396,.F.);
#3399=CARTESIAN_POINT('',(2.39E0,2.15E-1,-2.11E0));
#3400=DIRECTION('',(0.E0,1.E0,0.E0));
#3401=DIRECTION('',(-1.E0,0.E0,0.E0));
#3402=AXIS2_PLACEMENT_3D('',#3399,#3400,#3401);
#3403=PLANE('',#3402);
#3404=ORIENTED_EDGE('',*,*,#3379,.T.);
#3405=ORIENTED_EDGE('',*,*,#3131,.F.);
#3406=ORIENTED_EDGE('',*,*,#1876,.T.);
#3407=ORIENTED_EDGE('',*,*,#3259,.T.);
#3408=EDGE_LOOP('',(#3404,#3405,#3406,#3407));
#3409=FACE_OUTER_BOUND('',#3408,.F.);
#3411=CARTESIAN_POINT('',(2.09E0,-8.5E-2,8.83764E0));
#3412=DIRECTION('',(0.E0,0.E0,-1.E0));
#3413=DIRECTION('',(0.E0,1.E0,0.E0));
#3414=AXIS2_PLACEMENT_3D('',#3411,#3412,#3413);
#3415=CYLINDRICAL_SURFACE('',#3414,3.E-1);
#3416=ORIENTED_EDGE('',*,*,#3173,.T.);
#3418=ORIENTED_EDGE('',*,*,#3417,.F.);
#3419=ORIENTED_EDGE('',*,*,#3278,.T.);
#3420=ORIENTED_EDGE('',*,*,#3391,.T.);
#3421=EDGE_LOOP('',(#3416,#3418,#3419,#3420));
#3422=FACE_OUTER_BOUND('',#3421,.F.);
#3424=CARTESIAN_POINT('',(2.39E0,-7.35E-1,-2.11E0));
#3425=DIRECTION('',(1.E0,0.E0,0.E0));
#3426=DIRECTION('',(0.E0,1.E0,0.E0));
#3427=AXIS2_PLACEMENT_3D('',#3424,#3425,#3426);
#3428=PLANE('',#3427);
#3430=ORIENTED_EDGE('',*,*,#3429,.T.);
#3431=ORIENTED_EDGE('',*,*,#3280,.T.);
#3432=ORIENTED_EDGE('',*,*,#3417,.T.);
#3433=ORIENTED_EDGE('',*,*,#3171,.T.);
#3434=EDGE_LOOP('',(#3430,#3431,#3432,#3433));
#3435=FACE_OUTER_BOUND('',#3434,.F.);
#3437=CARTESIAN_POINT('',(2.49E0,-6.35E-1,-8.83764E0));
#3438=DIRECTION('',(0.E0,0.E0,1.E0));
#3439=DIRECTION('',(-1.E0,0.E0,0.E0));
#3440=AXIS2_PLACEMENT_3D('',#3437,#3438,#3439);
#3441=CYLINDRICAL_SURFACE('',#3440,1.E-1);
#3442=ORIENTED_EDGE('',*,*,#3429,.F.);
#3443=ORIENTED_EDGE('',*,*,#3169,.T.);
#3445=ORIENTED_EDGE('',*,*,#3444,.T.);
#3446=ORIENTED_EDGE('',*,*,#3282,.T.);
#3447=EDGE_LOOP('',(#3442,#3443,#3445,#3446));
#3448=FACE_OUTER_BOUND('',#3447,.F.);
#3450=CARTESIAN_POINT('',(3.E0,-7.35E-1,-2.11E0));
#3451=DIRECTION('',(0.E0,1.E0,0.E0));
#3452=DIRECTION('',(-1.E0,0.E0,0.E0));
#3453=AXIS2_PLACEMENT_3D('',#3450,#3451,#3452);
#3454=PLANE('',#3453);
#3455=ORIENTED_EDGE('',*,*,#3444,.F.);
#3456=ORIENTED_EDGE('',*,*,#3167,.F.);
#3458=ORIENTED_EDGE('',*,*,#3457,.T.);
#3459=ORIENTED_EDGE('',*,*,#3284,.T.);
#3460=EDGE_LOOP('',(#3455,#3456,#3458,#3459));
#3461=FACE_OUTER_BOUND('',#3460,.F.);
#3463=CARTESIAN_POINT('',(3.E0,-9.5E-1,-2.11E0));
#3464=DIRECTION('',(1.E0,0.E0,0.E0));
#3465=DIRECTION('',(0.E0,1.E0,0.E0));
#3466=AXIS2_PLACEMENT_3D('',#3463,#3464,#3465);
#3467=PLANE('',#3466);
#3468=ORIENTED_EDGE('',*,*,#3165,.F.);
#3470=ORIENTED_EDGE('',*,*,#3469,.T.);
#3471=ORIENTED_EDGE('',*,*,#3286,.T.);
#3472=ORIENTED_EDGE('',*,*,#3457,.F.);
#3473=EDGE_LOOP('',(#3468,#3470,#3471,#3472));
#3474=FACE_OUTER_BOUND('',#3473,.F.);
#3476=CARTESIAN_POINT('',(2.175E0,-9.5E-1,-2.11E0));
#3477=DIRECTION('',(0.E0,-1.E0,0.E0));
#3478=DIRECTION('',(1.E0,0.E0,0.E0));
#3479=AXIS2_PLACEMENT_3D('',#3476,#3477,#3478);
#3480=PLANE('',#3479);
#3482=ORIENTED_EDGE('',*,*,#3481,.F.);
#3483=ORIENTED_EDGE('',*,*,#3288,.T.);
#3484=ORIENTED_EDGE('',*,*,#3469,.F.);
#3485=ORIENTED_EDGE('',*,*,#3163,.F.);
#3486=EDGE_LOOP('',(#3482,#3483,#3484,#3485));
#3487=FACE_OUTER_BOUND('',#3486,.F.);
#3489=CARTESIAN_POINT('',(2.475E0,-6.5E-1,8.83764E0));
#3490=DIRECTION('',(0.E0,0.E0,-1.E0));
#3491=DIRECTION('',(0.E0,-1.E0,0.E0));
#3492=AXIS2_PLACEMENT_3D('',#3489,#3490,#3491);
#3493=CYLINDRICAL_SURFACE('',#3492,3.E-1);
#3494=ORIENTED_EDGE('',*,*,#3161,.T.);
#3496=ORIENTED_EDGE('',*,*,#3495,.F.);
#3497=ORIENTED_EDGE('',*,*,#3290,.T.);
#3498=ORIENTED_EDGE('',*,*,#3481,.T.);
#3499=EDGE_LOOP('',(#3494,#3496,#3497,#3498));
#3500=FACE_OUTER_BOUND('',#3499,.F.);
#3502=CARTESIAN_POINT('',(2.175E0,5.496745932157E-2,-2.11E0));
#3503=DIRECTION('',(-1.E0,0.E0,0.E0));
#3504=DIRECTION('',(0.E0,-1.E0,0.E0));
#3505=AXIS2_PLACEMENT_3D('',#3502,#3503,#3504);
#3506=PLANE('',#3505);
#3508=ORIENTED_EDGE('',*,*,#3507,.T.);
#3509=ORIENTED_EDGE('',*,*,#3270,.T.);
#3510=ORIENTED_EDGE('',*,*,#3495,.T.);
#3511=ORIENTED_EDGE('',*,*,#3159,.T.);
#3512=EDGE_LOOP('',(#3508,#3509,#3510,#3511));
#3513=FACE_OUTER_BOUND('',#3512,.F.);
#3515=CARTESIAN_POINT('',(2.075E0,-4.503254067843E-2,-8.83764E0));
#3516=DIRECTION('',(0.E0,0.E0,1.E0));
#3517=DIRECTION('',(1.E0,0.E0,0.E0));
#3518=AXIS2_PLACEMENT_3D('',#3515,#3516,#3517);
#3519=CYLINDRICAL_SURFACE('',#3518,1.E-1);
#3520=ORIENTED_EDGE('',*,*,#3507,.F.);
#3521=ORIENTED_EDGE('',*,*,#3157,.T.);
#3522=ORIENTED_EDGE('',*,*,#3228,.T.);
#3523=ORIENTED_EDGE('',*,*,#3272,.T.);
#3524=EDGE_LOOP('',(#3520,#3521,#3522,#3523));
#3525=FACE_OUTER_BOUND('',#3524,.F.);
#3527=CLOSED_SHELL('',(#1716,#1731,#1745,#1799,#1813,#1827,#1880,#1894,#1925,
#1956,#1971,#1985,#1998,#2012,#2040,#2070,#2083,#2096,#2109,#2122,#2135,#2148,
#2161,#2174,#2186,#2199,#2212,#2225,#2238,#2251,#2264,#2277,#2290,#2302,#2333,
#2364,#2379,#2393,#2406,#2420,#2448,#2478,#2491,#2504,#2517,#2530,#2543,#2556,
#2569,#2582,#2594,#2607,#2620,#2633,#2646,#2659,#2672,#2685,#2698,#2710,#2741,
#2772,#2787,#2801,#2814,#2828,#2856,#2886,#2899,#2912,#2925,#2938,#2951,#2964,
#2977,#2990,#3002,#3015,#3028,#3041,#3054,#3067,#3080,#3093,#3106,#3118,#3149,
#3180,#3195,#3209,#3222,#3236,#3264,#3294,#3307,#3320,#3333,#3346,#3359,#3372,
#3385,#3398,#3410,#3423,#3436,#3449,#3462,#3475,#3488,#3501,#3514,#3526));
#3528=MANIFOLD_SOLID_BREP('',#3527);
#3530=DIMENSIONAL_EXPONENTS(0.E0,0.E0,0.E0,0.E0,0.E0,0.E0,0.E0);
#3532=PLANE_ANGLE_MEASURE_WITH_UNIT(PLANE_ANGLE_MEASURE(1.745329251994E-2),
#3531);
#3533=(CONVERSION_BASED_UNIT('DEGREE',#3532)NAMED_UNIT(*)PLANE_ANGLE_UNIT());
#3535=UNCERTAINTY_MEASURE_WITH_UNIT(LENGTH_MEASURE(3.306679536548E-4),#3529,
'closure',
'Maximum model space distance between geometric entities at asserted connectivities');
#3538=APPLICATION_CONTEXT(
'CONFIGURATION CONTROLLED 3D DESIGNS OF MECHANICAL PARTS AND ASSEMBLIES');
#3539=APPLICATION_PROTOCOL_DEFINITION('international standard',
'config_control_design',1994,#3538);
#3540=DESIGN_CONTEXT('',#3538,'design');
#3541=MECHANICAL_CONTEXT('',#3538,'mechanical');
#3542=PRODUCT('CDNS08-T_SERIES','CDNS08-T_SERIES','NOT SPECIFIED',(#3541));
#3543=PRODUCT_DEFINITION_FORMATION_WITH_SPECIFIED_SOURCE('1','LAST_VERSION',
#3542,.MADE.);
#3547=PRODUCT_CATEGORY('part','');
#3548=PRODUCT_RELATED_PRODUCT_CATEGORY('detail','',(#3542));
#3549=PRODUCT_CATEGORY_RELATIONSHIP('','',#3547,#3548);
#3550=SECURITY_CLASSIFICATION_LEVEL('unclassified');
#3551=SECURITY_CLASSIFICATION('','',#3550);
#3552=CC_DESIGN_SECURITY_CLASSIFICATION(#3551,(#3543));
#3553=APPROVAL_STATUS('approved');
#3554=APPROVAL(#3553,'');
#3555=CC_DESIGN_APPROVAL(#3554,(#3551,#3543,#3544));
#3556=CALENDAR_DATE(112,19,7);
#3557=COORDINATED_UNIVERSAL_TIME_OFFSET(7,0,.BEHIND.);
#3558=LOCAL_TIME(16,18,4.2E1,#3557);
#3559=DATE_AND_TIME(#3556,#3558);
#3560=APPROVAL_DATE_TIME(#3559,#3554);
#3561=DATE_TIME_ROLE('creation_date');
#3562=CC_DESIGN_DATE_AND_TIME_ASSIGNMENT(#3559,#3561,(#3544));
#3563=DATE_TIME_ROLE('classification_date');
#3564=CC_DESIGN_DATE_AND_TIME_ASSIGNMENT(#3559,#3563,(#3551));
#3565=PERSON('UNSPECIFIED','UNSPECIFIED',$,$,$,$);
#3566=ORGANIZATION('UNSPECIFIED','UNSPECIFIED','UNSPECIFIED');
#3567=PERSON_AND_ORGANIZATION(#3565,#3566);
#3568=APPROVAL_ROLE('approver');
#3569=APPROVAL_PERSON_ORGANIZATION(#3567,#3554,#3568);
#3570=PERSON_AND_ORGANIZATION_ROLE('creator');
#3571=CC_DESIGN_PERSON_AND_ORGANIZATION_ASSIGNMENT(#3567,#3570,(#3543,#3544));
#3572=PERSON_AND_ORGANIZATION_ROLE('design_supplier');
#3573=CC_DESIGN_PERSON_AND_ORGANIZATION_ASSIGNMENT(#3567,#3572,(#3543));
#3574=PERSON_AND_ORGANIZATION_ROLE('classification_officer');
#3575=CC_DESIGN_PERSON_AND_ORGANIZATION_ASSIGNMENT(#3567,#3574,(#3551));
#3576=PERSON_AND_ORGANIZATION_ROLE('design_owner');
#3577=CC_DESIGN_PERSON_AND_ORGANIZATION_ASSIGNMENT(#3567,#3576,(#3542));
#217=CIRCLE('',#216,3.E-1);
#238=CIRCLE('',#237,3.E-1);
#247=CIRCLE('',#246,3.E-1);
#264=CIRCLE('',#263,3.E-1);
#281=CIRCLE('',#280,1.E-1);
#286=CIRCLE('',#285,1.E-1);
#307=CIRCLE('',#306,3.E-1);
#328=CIRCLE('',#327,3.E-1);
#345=CIRCLE('',#344,3.E-1);
#362=CIRCLE('',#361,3.E-1);
#383=CIRCLE('',#382,1.E-1);
#388=CIRCLE('',#387,1.E-1);
#425=CIRCLE('',#424,1.E-1);
#430=CIRCLE('',#429,1.E-1);
#467=CIRCLE('',#466,1.E-1);
#472=CIRCLE('',#471,1.E-1);
#489=CIRCLE('',#488,3.E-1);
#510=CIRCLE('',#509,3.E-1);
#519=CIRCLE('',#518,3.E-1);
#536=CIRCLE('',#535,3.E-1);
#553=CIRCLE('',#552,1.E-1);
#558=CIRCLE('',#557,1.E-1);
#579=CIRCLE('',#578,3.E-1);
#600=CIRCLE('',#599,3.E-1);
#617=CIRCLE('',#616,3.E-1);
#634=CIRCLE('',#633,3.E-1);
#655=CIRCLE('',#654,1.E-1);
#660=CIRCLE('',#659,1.E-1);
#697=CIRCLE('',#696,1.E-1);
#702=CIRCLE('',#701,1.E-1);
#739=CIRCLE('',#738,1.E-1);
#744=CIRCLE('',#743,1.E-1);
#761=CIRCLE('',#760,3.E-1);
#782=CIRCLE('',#781,3.E-1);
#791=CIRCLE('',#790,3.E-1);
#804=CIRCLE('',#803,3.E-1);
#825=CIRCLE('',#824,1.E-1);
#830=CIRCLE('',#829,1.E-1);
#851=CIRCLE('',#850,3.E-1);
#872=CIRCLE('',#871,3.E-1);
#893=CIRCLE('',#892,3.E-1);
#906=CIRCLE('',#905,3.E-1);
#927=CIRCLE('',#926,1.E-1);
#932=CIRCLE('',#931,1.E-1);
#969=CIRCLE('',#968,1.E-1);
#974=CIRCLE('',#973,1.E-1);
#1011=CIRCLE('',#1010,1.E-1);
#1016=CIRCLE('',#1015,1.E-1);
#1033=CIRCLE('',#1032,3.E-1);
#1054=CIRCLE('',#1053,3.E-1);
#1063=CIRCLE('',#1062,3.E-1);
#1080=CIRCLE('',#1079,3.E-1);
#1097=CIRCLE('',#1096,1.E-1);
#1102=CIRCLE('',#1101,1.E-1);
#1123=CIRCLE('',#1122,3.E-1);
#1144=CIRCLE('',#1143,3.E-1);
#1161=CIRCLE('',#1160,3.E-1);
#1178=CIRCLE('',#1177,3.E-1);
#1199=CIRCLE('',#1198,1.E-1);
#1204=CIRCLE('',#1203,1.E-1);
#1241=CIRCLE('',#1240,1.E-1);
#1246=CIRCLE('',#1245,1.E-1);
#1283=CIRCLE('',#1282,1.E-1);
#1288=CIRCLE('',#1287,1.E-1);
#1702=EDGE_CURVE('',#1291,#1292,#4,.T.);
#1704=EDGE_CURVE('',#1292,#1294,#8,.T.);
#1706=EDGE_CURVE('',#1294,#1296,#12,.T.);
#1708=EDGE_CURVE('',#1296,#1298,#16,.T.);
#1710=EDGE_CURVE('',#1298,#1300,#20,.T.);
#1712=EDGE_CURVE('',#1300,#1291,#24,.T.);
#1716=ADVANCED_FACE('',(#1715),#1701,.F.);
#1723=EDGE_CURVE('',#1291,#1303,#28,.T.);
#1725=EDGE_CURVE('',#1303,#1304,#180,.T.);
#1727=EDGE_CURVE('',#1292,#1304,#112,.T.);
#1731=ADVANCED_FACE('',(#1730),#1721,.T.);
#1738=EDGE_CURVE('',#1300,#1312,#32,.T.);
#1740=EDGE_CURVE('',#1312,#1303,#184,.T.);
#1745=ADVANCED_FACE('',(#1744),#1736,.T.);
#1752=EDGE_CURVE('',#1298,#1310,#36,.T.);
#1754=EDGE_CURVE('',#1310,#1312,#188,.T.);
#1759=EDGE_CURVE('',#1339,#1340,#40,.T.);
#1761=EDGE_CURVE('',#1340,#1344,#44,.T.);
#1763=EDGE_CURVE('',#1343,#1344,#48,.T.);
#1765=EDGE_CURVE('',#1339,#1343,#52,.T.);
#1769=EDGE_CURVE('',#1371,#1372,#56,.T.);
#1771=EDGE_CURVE('',#1372,#1376,#60,.T.);
#1773=EDGE_CURVE('',#1375,#1376,#64,.T.);
#1775=EDGE_CURVE('',#1371,#1375,#68,.T.);
#1779=EDGE_CURVE('',#1403,#1404,#72,.T.);
#1781=EDGE_CURVE('',#1404,#1408,#76,.T.);
#1783=EDGE_CURVE('',#1407,#1408,#80,.T.);
#1785=EDGE_CURVE('',#1403,#1407,#84,.T.);
#1789=EDGE_CURVE('',#1435,#1436,#88,.T.);
#1791=EDGE_CURVE('',#1436,#1440,#92,.T.);
#1793=EDGE_CURVE('',#1439,#1440,#96,.T.);
#1795=EDGE_CURVE('',#1435,#1439,#100,.T.);
#1799=ADVANCED_FACE('',(#1758,#1768,#1778,#1788,#1798),#1750,.T.);
#1806=EDGE_CURVE('',#1296,#1308,#104,.T.);
#1808=EDGE_CURVE('',#1308,#1310,#192,.T.);
#1813=ADVANCED_FACE('',(#1812),#1804,.T.);
#1820=EDGE_CURVE('',#1294,#1306,#108,.T.);
#1822=EDGE_CURVE('',#1306,#1308,#196,.T.);
#1827=ADVANCED_FACE('',(#1826),#1818,.T.);
#1835=EDGE_CURVE('',#1304,#1306,#200,.T.);
#1840=EDGE_CURVE('',#1331,#1332,#116,.T.);
#1842=EDGE_CURVE('',#1331,#1335,#120,.T.);
#1844=EDGE_CURVE('',#1335,#1336,#124,.T.);
#1846=EDGE_CURVE('',#1332,#1336,#128,.T.);
#1850=EDGE_CURVE('',#1363,#1364,#132,.T.);
#1852=EDGE_CURVE('',#1363,#1367,#136,.T.);
#1854=EDGE_CURVE('',#1367,#1368,#140,.T.);
#1856=EDGE_CURVE('',#1364,#1368,#144,.T.);
#1860=EDGE_CURVE('',#1395,#1396,#148,.T.);
#1862=EDGE_CURVE('',#1395,#1399,#152,.T.);
#1864=EDGE_CURVE('',#1399,#1400,#156,.T.);
#1866=EDGE_CURVE('',#1396,#1400,#160,.T.);
#1870=EDGE_CURVE('',#1427,#1428,#164,.T.);
#1872=EDGE_CURVE('',#1427,#1431,#168,.T.);
#1874=EDGE_CURVE('',#1431,#1432,#172,.T.);
#1876=EDGE_CURVE('',#1428,#1432,#176,.T.);
#1880=ADVANCED_FACE('',(#1839,#1849,#1859,#1869,#1879),#1832,.T.);
#1894=ADVANCED_FACE('',(#1893),#1885,.T.);
#1900=EDGE_CURVE('',#1523,#1615,#204,.T.);
#1902=EDGE_CURVE('',#1611,#1615,#281,.T.);
#1904=EDGE_CURVE('',#1611,#1331,#208,.T.);
#1907=EDGE_CURVE('',#1332,#1556,#212,.T.);
#1909=EDGE_CURVE('',#1555,#1556,#217,.T.);
#1911=EDGE_CURVE('',#1555,#1591,#221,.T.);
#1913=EDGE_CURVE('',#1587,#1591,#383,.T.);
#1915=EDGE_CURVE('',#1587,#1315,#225,.T.);
#1917=EDGE_CURVE('',#1315,#1316,#229,.T.);
#1919=EDGE_CURVE('',#1316,#1524,#233,.T.);
#1921=EDGE_CURVE('',#1523,#1524,#238,.T.);
#1925=ADVANCED_FACE('',(#1924),#1899,.F.);
#1931=EDGE_CURVE('',#1339,#1655,#242,.T.);
#1933=EDGE_CURVE('',#1651,#1655,#467,.T.);
#1935=EDGE_CURVE('',#1484,#1651,#462,.T.);
#1937=EDGE_CURVE('',#1483,#1484,#247,.T.);
#1939=EDGE_CURVE('',#1483,#1319,#251,.T.);
#1941=EDGE_CURVE('',#1319,#1320,#255,.T.);
#1943=EDGE_CURVE('',#1320,#1679,#259,.T.);
#1945=EDGE_CURVE('',#1675,#1679,#425,.T.);
#1947=EDGE_CURVE('',#1460,#1675,#420,.T.);
#1949=EDGE_CURVE('',#1459,#1460,#264,.T.);
#1951=EDGE_CURVE('',#1459,#1340,#268,.T.);
#1956=ADVANCED_FACE('',(#1955),#1930,.F.);
#1962=EDGE_CURVE('',#1615,#1616,#272,.T.);
#1965=EDGE_CURVE('',#1528,#1523,#276,.T.);
#1967=EDGE_CURVE('',#1528,#1616,#302,.T.);
#1971=ADVANCED_FACE('',(#1970),#1961,.T.);
#1977=EDGE_CURVE('',#1611,#1612,#290,.T.);
#1981=EDGE_CURVE('',#1616,#1612,#286,.T.);
#1985=ADVANCED_FACE('',(#1984),#1976,.F.);
#1992=EDGE_CURVE('',#1612,#1335,#298,.T.);
#1998=ADVANCED_FACE('',(#1997),#1990,.T.);
#2004=EDGE_CURVE('',#1655,#1656,#294,.T.);
#2008=EDGE_CURVE('',#1343,#1656,#336,.T.);
#2012=ADVANCED_FACE('',(#2011),#2003,.T.);
#2021=EDGE_CURVE('',#1526,#1528,#307,.T.);
#2023=EDGE_CURVE('',#1324,#1526,#311,.T.);
#2025=EDGE_CURVE('',#1323,#1324,#315,.T.);
#2027=EDGE_CURVE('',#1588,#1323,#319,.T.);
#2029=EDGE_CURVE('',#1592,#1588,#388,.T.);
#2031=EDGE_CURVE('',#1560,#1592,#323,.T.);
#2033=EDGE_CURVE('',#1558,#1560,#328,.T.);
#2035=EDGE_CURVE('',#1336,#1558,#332,.T.);
#2040=ADVANCED_FACE('',(#2039),#2017,.T.);
#2046=EDGE_CURVE('',#1652,#1486,#454,.T.);
#2048=EDGE_CURVE('',#1656,#1652,#472,.T.);
#2052=EDGE_CURVE('',#1464,#1344,#340,.T.);
#2054=EDGE_CURVE('',#1462,#1464,#345,.T.);
#2056=EDGE_CURVE('',#1676,#1462,#412,.T.);
#2058=EDGE_CURVE('',#1680,#1676,#430,.T.);
#2060=EDGE_CURVE('',#1328,#1680,#349,.T.);
#2062=EDGE_CURVE('',#1327,#1328,#353,.T.);
#2064=EDGE_CURVE('',#1488,#1327,#357,.T.);
#2066=EDGE_CURVE('',#1486,#1488,#362,.T.);
#2070=ADVANCED_FACE('',(#2069),#2045,.T.);
#2077=EDGE_CURVE('',#1526,#1524,#366,.T.);
#2083=ADVANCED_FACE('',(#2082),#2075,.T.);
#2091=EDGE_CURVE('',#1316,#1324,#370,.T.);
#2096=ADVANCED_FACE('',(#2095),#2088,.T.);
#2103=EDGE_CURVE('',#1315,#1323,#374,.T.);
#2109=ADVANCED_FACE('',(#2108),#2101,.T.);
#2115=EDGE_CURVE('',#1587,#1588,#378,.T.);
#2122=ADVANCED_FACE('',(#2121),#2114,.T.);
#2130=EDGE_CURVE('',#1591,#1592,#392,.T.);
#2135=ADVANCED_FACE('',(#2134),#2127,.F.);
#2143=EDGE_CURVE('',#1560,#1555,#396,.T.);
#2148=ADVANCED_FACE('',(#2147),#2140,.T.);
#2155=EDGE_CURVE('',#1558,#1556,#404,.T.);
#2161=ADVANCED_FACE('',(#2160),#2153,.T.);
#2167=EDGE_CURVE('',#1464,#1459,#400,.T.);
#2174=ADVANCED_FACE('',(#2173),#2166,.T.);
#2186=ADVANCED_FACE('',(#2185),#2179,.T.);
#2193=EDGE_CURVE('',#1462,#1460,#416,.T.);
#2199=ADVANCED_FACE('',(#2198),#2191,.T.);
#2205=EDGE_CURVE('',#1675,#1676,#408,.T.);
#2212=ADVANCED_FACE('',(#2211),#2204,.T.);
#2220=EDGE_CURVE('',#1679,#1680,#434,.T.);
#2225=ADVANCED_FACE('',(#2224),#2217,.F.);
#2233=EDGE_CURVE('',#1320,#1328,#438,.T.);
#2238=ADVANCED_FACE('',(#2237),#2230,.T.);
#2245=EDGE_CURVE('',#1319,#1327,#442,.T.);
#2251=ADVANCED_FACE('',(#2250),#2243,.T.);
#2257=EDGE_CURVE('',#1488,#1483,#446,.T.);
#2264=ADVANCED_FACE('',(#2263),#2256,.T.);
#2271=EDGE_CURVE('',#1486,#1484,#458,.T.);
#2277=ADVANCED_FACE('',(#2276),#2269,.T.);
#2283=EDGE_CURVE('',#1651,#1652,#450,.T.);
#2290=ADVANCED_FACE('',(#2289),#2282,.T.);
#2302=ADVANCED_FACE('',(#2301),#2295,.F.);
#2308=EDGE_CURVE('',#1515,#1623,#476,.T.);
#2310=EDGE_CURVE('',#1619,#1623,#553,.T.);
#2312=EDGE_CURVE('',#1619,#1363,#480,.T.);
#2315=EDGE_CURVE('',#1364,#1548,#484,.T.);
#2317=EDGE_CURVE('',#1547,#1548,#489,.T.);
#2319=EDGE_CURVE('',#1547,#1583,#493,.T.);
#2321=EDGE_CURVE('',#1579,#1583,#655,.T.);
#2323=EDGE_CURVE('',#1579,#1347,#497,.T.);
#2325=EDGE_CURVE('',#1347,#1348,#501,.T.);
#2327=EDGE_CURVE('',#1348,#1516,#505,.T.);
#2329=EDGE_CURVE('',#1515,#1516,#510,.T.);
#2333=ADVANCED_FACE('',(#2332),#2307,.F.);
#2339=EDGE_CURVE('',#1371,#1647,#514,.T.);
#2341=EDGE_CURVE('',#1643,#1647,#739,.T.);
#2343=EDGE_CURVE('',#1492,#1643,#734,.T.);
#2345=EDGE_CURVE('',#1491,#1492,#519,.T.);
#2347=EDGE_CURVE('',#1491,#1351,#523,.T.);
#2349=EDGE_CURVE('',#1351,#1352,#527,.T.);
#2351=EDGE_CURVE('',#1352,#1671,#531,.T.);
#2353=EDGE_CURVE('',#1667,#1671,#697,.T.);
#2355=EDGE_CURVE('',#1452,#1667,#692,.T.);
#2357=EDGE_CURVE('',#1451,#1452,#536,.T.);
#2359=EDGE_CURVE('',#1451,#1372,#540,.T.);
#2364=ADVANCED_FACE('',(#2363),#2338,.F.);
#2370=EDGE_CURVE('',#1623,#1624,#544,.T.);
#2373=EDGE_CURVE('',#1520,#1515,#548,.T.);
#2375=EDGE_CURVE('',#1520,#1624,#574,.T.);
#2379=ADVANCED_FACE('',(#2378),#2369,.T.);
#2385=EDGE_CURVE('',#1619,#1620,#562,.T.);
#2389=EDGE_CURVE('',#1624,#1620,#558,.T.);
#2393=ADVANCED_FACE('',(#2392),#2384,.F.);
#2400=EDGE_CURVE('',#1620,#1367,#570,.T.);
#2406=ADVANCED_FACE('',(#2405),#2398,.T.);
#2412=EDGE_CURVE('',#1647,#1648,#566,.T.);
#2416=EDGE_CURVE('',#1375,#1648,#608,.T.);
#2420=ADVANCED_FACE('',(#2419),#2411,.T.);
#2429=EDGE_CURVE('',#1518,#1520,#579,.T.);
#2431=EDGE_CURVE('',#1356,#1518,#583,.T.);
#2433=EDGE_CURVE('',#1355,#1356,#587,.T.);
#2435=EDGE_CURVE('',#1580,#1355,#591,.T.);
#2437=EDGE_CURVE('',#1584,#1580,#660,.T.);
#2439=EDGE_CURVE('',#1552,#1584,#595,.T.);
#2441=EDGE_CURVE('',#1550,#1552,#600,.T.);
#2443=EDGE_CURVE('',#1368,#1550,#604,.T.);
#2448=ADVANCED_FACE('',(#2447),#2425,.T.);
#2454=EDGE_CURVE('',#1644,#1494,#726,.T.);
#2456=EDGE_CURVE('',#1648,#1644,#744,.T.);
#2460=EDGE_CURVE('',#1456,#1376,#612,.T.);
#2462=EDGE_CURVE('',#1454,#1456,#617,.T.);
#2464=EDGE_CURVE('',#1668,#1454,#684,.T.);
#2466=EDGE_CURVE('',#1672,#1668,#702,.T.);
#2468=EDGE_CURVE('',#1360,#1672,#621,.T.);
#2470=EDGE_CURVE('',#1359,#1360,#625,.T.);
#2472=EDGE_CURVE('',#1496,#1359,#629,.T.);
#2474=EDGE_CURVE('',#1494,#1496,#634,.T.);
#2478=ADVANCED_FACE('',(#2477),#2453,.T.);
#2485=EDGE_CURVE('',#1518,#1516,#638,.T.);
#2491=ADVANCED_FACE('',(#2490),#2483,.T.);
#2499=EDGE_CURVE('',#1348,#1356,#642,.T.);
#2504=ADVANCED_FACE('',(#2503),#2496,.T.);
#2511=EDGE_CURVE('',#1347,#1355,#646,.T.);
#2517=ADVANCED_FACE('',(#2516),#2509,.T.);
#2523=EDGE_CURVE('',#1579,#1580,#650,.T.);
#2530=ADVANCED_FACE('',(#2529),#2522,.T.);
#2538=EDGE_CURVE('',#1583,#1584,#664,.T.);
#2543=ADVANCED_FACE('',(#2542),#2535,.F.);
#2551=EDGE_CURVE('',#1552,#1547,#668,.T.);
#2556=ADVANCED_FACE('',(#2555),#2548,.T.);
#2563=EDGE_CURVE('',#1550,#1548,#676,.T.);
#2569=ADVANCED_FACE('',(#2568),#2561,.T.);
#2575=EDGE_CURVE('',#1456,#1451,#672,.T.);
#2582=ADVANCED_FACE('',(#2581),#2574,.T.);
#2594=ADVANCED_FACE('',(#2593),#2587,.T.);
#2601=EDGE_CURVE('',#1454,#1452,#688,.T.);
#2607=ADVANCED_FACE('',(#2606),#2599,.T.);
#2613=EDGE_CURVE('',#1667,#1668,#680,.T.);
#2620=ADVANCED_FACE('',(#2619),#2612,.T.);
#2628=EDGE_CURVE('',#1671,#1672,#706,.T.);
#2633=ADVANCED_FACE('',(#2632),#2625,.F.);
#2641=EDGE_CURVE('',#1352,#1360,#710,.T.);
#2646=ADVANCED_FACE('',(#2645),#2638,.T.);
#2653=EDGE_CURVE('',#1351,#1359,#714,.T.);
#2659=ADVANCED_FACE('',(#2658),#2651,.T.);
#2665=EDGE_CURVE('',#1496,#1491,#718,.T.);
#2672=ADVANCED_FACE('',(#2671),#2664,.T.);
#2679=EDGE_CURVE('',#1494,#1492,#730,.T.);
#2685=ADVANCED_FACE('',(#2684),#2677,.T.);
#2691=EDGE_CURVE('',#1643,#1644,#722,.T.);
#2698=ADVANCED_FACE('',(#2697),#2690,.T.);
#2710=ADVANCED_FACE('',(#2709),#2703,.F.);
#2716=EDGE_CURVE('',#1531,#1607,#748,.T.);
#2718=EDGE_CURVE('',#1603,#1607,#825,.T.);
#2720=EDGE_CURVE('',#1603,#1395,#752,.T.);
#2723=EDGE_CURVE('',#1396,#1564,#756,.T.);
#2725=EDGE_CURVE('',#1563,#1564,#761,.T.);
#2727=EDGE_CURVE('',#1563,#1599,#765,.T.);
#2729=EDGE_CURVE('',#1595,#1599,#927,.T.);
#2731=EDGE_CURVE('',#1595,#1379,#769,.T.);
#2733=EDGE_CURVE('',#1379,#1380,#773,.T.);
#2735=EDGE_CURVE('',#1380,#1532,#777,.T.);
#2737=EDGE_CURVE('',#1531,#1532,#782,.T.);
#2741=ADVANCED_FACE('',(#2740),#2715,.F.);
#2747=EDGE_CURVE('',#1384,#1687,#786,.T.);
#2749=EDGE_CURVE('',#1683,#1687,#969,.T.);
#2751=EDGE_CURVE('',#1468,#1683,#964,.T.);
#2753=EDGE_CURVE('',#1467,#1468,#791,.T.);
#2755=EDGE_CURVE('',#1467,#1404,#795,.T.);
#2758=EDGE_CURVE('',#1403,#1695,#799,.T.);
#2760=EDGE_CURVE('',#1691,#1695,#1011,.T.);
#2762=EDGE_CURVE('',#1476,#1691,#1006,.T.);
#2764=EDGE_CURVE('',#1475,#1476,#804,.T.);
#2766=EDGE_CURVE('',#1475,#1383,#808,.T.);
#2768=EDGE_CURVE('',#1383,#1384,#812,.T.);
#2772=ADVANCED_FACE('',(#2771),#2746,.F.);
#2778=EDGE_CURVE('',#1607,#1608,#816,.T.);
#2781=EDGE_CURVE('',#1536,#1531,#820,.T.);
#2783=EDGE_CURVE('',#1536,#1608,#846,.T.);
#2787=ADVANCED_FACE('',(#2786),#2777,.T.);
#2793=EDGE_CURVE('',#1603,#1604,#834,.T.);
#2797=EDGE_CURVE('',#1608,#1604,#830,.T.);
#2801=ADVANCED_FACE('',(#2800),#2792,.F.);
#2808=EDGE_CURVE('',#1604,#1399,#842,.T.);
#2814=ADVANCED_FACE('',(#2813),#2806,.T.);
#2820=EDGE_CURVE('',#1695,#1696,#838,.T.);
#2824=EDGE_CURVE('',#1407,#1696,#897,.T.);
#2828=ADVANCED_FACE('',(#2827),#2819,.T.);
#2837=EDGE_CURVE('',#1534,#1536,#851,.T.);
#2839=EDGE_CURVE('',#1388,#1534,#855,.T.);
#2841=EDGE_CURVE('',#1387,#1388,#859,.T.);
#2843=EDGE_CURVE('',#1596,#1387,#863,.T.);
#2845=EDGE_CURVE('',#1600,#1596,#932,.T.);
#2847=EDGE_CURVE('',#1568,#1600,#867,.T.);
#2849=EDGE_CURVE('',#1566,#1568,#872,.T.);
#2851=EDGE_CURVE('',#1400,#1566,#876,.T.);
#2856=ADVANCED_FACE('',(#2855),#2833,.T.);
#2862=EDGE_CURVE('',#1684,#1470,#956,.T.);
#2864=EDGE_CURVE('',#1688,#1684,#974,.T.);
#2866=EDGE_CURVE('',#1392,#1688,#880,.T.);
#2868=EDGE_CURVE('',#1391,#1392,#884,.T.);
#2870=EDGE_CURVE('',#1480,#1391,#888,.T.);
#2872=EDGE_CURVE('',#1478,#1480,#893,.T.);
#2874=EDGE_CURVE('',#1692,#1478,#998,.T.);
#2876=EDGE_CURVE('',#1696,#1692,#1016,.T.);
#2880=EDGE_CURVE('',#1472,#1408,#901,.T.);
#2882=EDGE_CURVE('',#1470,#1472,#906,.T.);
#2886=ADVANCED_FACE('',(#2885),#2861,.T.);
#2893=EDGE_CURVE('',#1534,#1532,#910,.T.);
#2899=ADVANCED_FACE('',(#2898),#2891,.T.);
#2907=EDGE_CURVE('',#1380,#1388,#914,.T.);
#2912=ADVANCED_FACE('',(#2911),#2904,.T.);
#2919=EDGE_CURVE('',#1379,#1387,#918,.T.);
#2925=ADVANCED_FACE('',(#2924),#2917,.T.);
#2931=EDGE_CURVE('',#1595,#1596,#922,.T.);
#2938=ADVANCED_FACE('',(#2937),#2930,.T.);
#2946=EDGE_CURVE('',#1599,#1600,#936,.T.);
#2951=ADVANCED_FACE('',(#2950),#2943,.F.);
#2959=EDGE_CURVE('',#1568,#1563,#940,.T.);
#2964=ADVANCED_FACE('',(#2963),#2956,.T.);
#2971=EDGE_CURVE('',#1566,#1564,#948,.T.);
#2977=ADVANCED_FACE('',(#2976),#2969,.T.);
#2983=EDGE_CURVE('',#1472,#1467,#944,.T.);
#2990=ADVANCED_FACE('',(#2989),#2982,.T.);
#3002=ADVANCED_FACE('',(#3001),#2995,.T.);
#3009=EDGE_CURVE('',#1470,#1468,#960,.T.);
#3015=ADVANCED_FACE('',(#3014),#3007,.T.);
#3021=EDGE_CURVE('',#1683,#1684,#952,.T.);
#3028=ADVANCED_FACE('',(#3027),#3020,.T.);
#3036=EDGE_CURVE('',#1687,#1688,#978,.T.);
#3041=ADVANCED_FACE('',(#3040),#3033,.F.);
#3049=EDGE_CURVE('',#1384,#1392,#982,.T.);
#3054=ADVANCED_FACE('',(#3053),#3046,.T.);
#3061=EDGE_CURVE('',#1383,#1391,#986,.T.);
#3067=ADVANCED_FACE('',(#3066),#3059,.T.);
#3073=EDGE_CURVE('',#1480,#1475,#990,.T.);
#3080=ADVANCED_FACE('',(#3079),#3072,.T.);
#3087=EDGE_CURVE('',#1478,#1476,#1002,.T.);
#3093=ADVANCED_FACE('',(#3092),#3085,.T.);
#3099=EDGE_CURVE('',#1691,#1692,#994,.T.);
#3106=ADVANCED_FACE('',(#3105),#3098,.T.);
#3118=ADVANCED_FACE('',(#3117),#3111,.F.);
#3124=EDGE_CURVE('',#1507,#1631,#1020,.T.);
#3126=EDGE_CURVE('',#1627,#1631,#1097,.T.);
#3128=EDGE_CURVE('',#1627,#1427,#1024,.T.);
#3131=EDGE_CURVE('',#1428,#1540,#1028,.T.);
#3133=EDGE_CURVE('',#1539,#1540,#1033,.T.);
#3135=EDGE_CURVE('',#1539,#1575,#1037,.T.);
#3137=EDGE_CURVE('',#1571,#1575,#1199,.T.);
#3139=EDGE_CURVE('',#1571,#1411,#1041,.T.);
#3141=EDGE_CURVE('',#1411,#1412,#1045,.T.);
#3143=EDGE_CURVE('',#1412,#1508,#1049,.T.);
#3145=EDGE_CURVE('',#1507,#1508,#1054,.T.);
#3149=ADVANCED_FACE('',(#3148),#3123,.F.);
#3155=EDGE_CURVE('',#1435,#1639,#1058,.T.);
#3157=EDGE_CURVE('',#1635,#1639,#1283,.T.);
#3159=EDGE_CURVE('',#1500,#1635,#1278,.T.);
#3161=EDGE_CURVE('',#1499,#1500,#1063,.T.);
#3163=EDGE_CURVE('',#1499,#1415,#1067,.T.);
#3165=EDGE_CURVE('',#1415,#1416,#1071,.T.);
#3167=EDGE_CURVE('',#1416,#1663,#1075,.T.);
#3169=EDGE_CURVE('',#1659,#1663,#1241,.T.);
#3171=EDGE_CURVE('',#1444,#1659,#1236,.T.);
#3173=EDGE_CURVE('',#1443,#1444,#1080,.T.);
#3175=EDGE_CURVE('',#1443,#1436,#1084,.T.);
#3180=ADVANCED_FACE('',(#3179),#3154,.F.);
#3186=EDGE_CURVE('',#1631,#1632,#1088,.T.);
#3189=EDGE_CURVE('',#1512,#1507,#1092,.T.);
#3191=EDGE_CURVE('',#1512,#1632,#1118,.T.);
#3195=ADVANCED_FACE('',(#3194),#3185,.T.);
#3201=EDGE_CURVE('',#1627,#1628,#1106,.T.);
#3205=EDGE_CURVE('',#1632,#1628,#1102,.T.);
#3209=ADVANCED_FACE('',(#3208),#3200,.F.);
#3216=EDGE_CURVE('',#1628,#1431,#1114,.T.);
#3222=ADVANCED_FACE('',(#3221),#3214,.T.);
#3228=EDGE_CURVE('',#1639,#1640,#1110,.T.);
#3232=EDGE_CURVE('',#1439,#1640,#1152,.T.);
#3236=ADVANCED_FACE('',(#3235),#3227,.T.);
#3245=EDGE_CURVE('',#1510,#1512,#1123,.T.);
#3247=EDGE_CURVE('',#1420,#1510,#1127,.T.);
#3249=EDGE_CURVE('',#1419,#1420,#1131,.T.);
#3251=EDGE_CURVE('',#1572,#1419,#1135,.T.);
#3253=EDGE_CURVE('',#1576,#1572,#1204,.T.);
#3255=EDGE_CURVE('',#1544,#1576,#1139,.T.);
#3257=EDGE_CURVE('',#1542,#1544,#1144,.T.);
#3259=EDGE_CURVE('',#1432,#1542,#1148,.T.);
#3264=ADVANCED_FACE('',(#3263),#3241,.T.);
#3270=EDGE_CURVE('',#1636,#1502,#1270,.T.);
#3272=EDGE_CURVE('',#1640,#1636,#1288,.T.);
#3276=EDGE_CURVE('',#1448,#1440,#1156,.T.);
#3278=EDGE_CURVE('',#1446,#1448,#1161,.T.);
#3280=EDGE_CURVE('',#1660,#1446,#1228,.T.);
#3282=EDGE_CURVE('',#1664,#1660,#1246,.T.);
#3284=EDGE_CURVE('',#1424,#1664,#1165,.T.);
#3286=EDGE_CURVE('',#1423,#1424,#1169,.T.);
#3288=EDGE_CURVE('',#1504,#1423,#1173,.T.);
#3290=EDGE_CURVE('',#1502,#1504,#1178,.T.);
#3294=ADVANCED_FACE('',(#3293),#3269,.T.);
#3301=EDGE_CURVE('',#1510,#1508,#1182,.T.);
#3307=ADVANCED_FACE('',(#3306),#3299,.T.);
#3315=EDGE_CURVE('',#1412,#1420,#1186,.T.);
#3320=ADVANCED_FACE('',(#3319),#3312,.T.);
#3327=EDGE_CURVE('',#1411,#1419,#1190,.T.);
#3333=ADVANCED_FACE('',(#3332),#3325,.T.);
#3339=EDGE_CURVE('',#1571,#1572,#1194,.T.);
#3346=ADVANCED_FACE('',(#3345),#3338,.T.);
#3354=EDGE_CURVE('',#1575,#1576,#1208,.T.);
#3359=ADVANCED_FACE('',(#3358),#3351,.F.);
#3367=EDGE_CURVE('',#1544,#1539,#1212,.T.);
#3372=ADVANCED_FACE('',(#3371),#3364,.T.);
#3379=EDGE_CURVE('',#1542,#1540,#1220,.T.);
#3385=ADVANCED_FACE('',(#3384),#3377,.T.);
#3391=EDGE_CURVE('',#1448,#1443,#1216,.T.);
#3398=ADVANCED_FACE('',(#3397),#3390,.T.);
#3410=ADVANCED_FACE('',(#3409),#3403,.T.);
#3417=EDGE_CURVE('',#1446,#1444,#1232,.T.);
#3423=ADVANCED_FACE('',(#3422),#3415,.T.);
#3429=EDGE_CURVE('',#1659,#1660,#1224,.T.);
#3436=ADVANCED_FACE('',(#3435),#3428,.T.);
#3444=EDGE_CURVE('',#1663,#1664,#1250,.T.);
#3449=ADVANCED_FACE('',(#3448),#3441,.F.);
#3457=EDGE_CURVE('',#1416,#1424,#1254,.T.);
#3462=ADVANCED_FACE('',(#3461),#3454,.T.);
#3469=EDGE_CURVE('',#1415,#1423,#1258,.T.);
#3475=ADVANCED_FACE('',(#3474),#3467,.T.);
#3481=EDGE_CURVE('',#1504,#1499,#1262,.T.);
#3488=ADVANCED_FACE('',(#3487),#3480,.T.);
#3495=EDGE_CURVE('',#1502,#1500,#1274,.T.);
#3501=ADVANCED_FACE('',(#3500),#3493,.T.);
#3507=EDGE_CURVE('',#1635,#1636,#1266,.T.);
#3514=ADVANCED_FACE('',(#3513),#3506,.T.);
#3526=ADVANCED_FACE('',(#3525),#3519,.F.);
#3529=(LENGTH_UNIT()NAMED_UNIT(*)SI_UNIT(.MILLI.,.METRE.));
#3531=(NAMED_UNIT(*)PLANE_ANGLE_UNIT()SI_UNIT($,.RADIAN.));
#3534=(NAMED_UNIT(*)SI_UNIT($,.STERADIAN.)SOLID_ANGLE_UNIT());
#3536=(GEOMETRIC_REPRESENTATION_CONTEXT(3)GLOBAL_UNCERTAINTY_ASSIGNED_CONTEXT((
#3535))GLOBAL_UNIT_ASSIGNED_CONTEXT((#3529,#3533,#3534))REPRESENTATION_CONTEXT(
'ID1','3'));
#3537=ADVANCED_BREP_SHAPE_REPRESENTATION('',(#3528),#3536);
#3544=PRODUCT_DEFINITION('design','',#3543,#3540);
#3545=PRODUCT_DEFINITION_SHAPE('','SHAPE FOR CDNS08-T_SERIES.',#3544);
#3546=SHAPE_DEFINITION_REPRESENTATION(#3545,#3537);
ENDSEC;
END-ISO-10303-21;
