ISO-10303-21;
HEADER;
/* Generated by software containing ST-Developer
 * from STEP Tools, Inc. (www.steptools.com) 
 */
/* OPTION: using custom renumber hook */

FILE_DESCRIPTION(
/* description */ ('STEP AP214'),
/* implementation_level */ '2;1');

FILE_NAME(
/* name */ 'SQT-110-01-L-D',
/* time_stamp */ '2024-04-19T11:46:22+02:00',
/* author */ ('License CC BY-ND 4.0'),
/* organization */ ('CADENAS'),
/* preprocessor_version */ 'ST-DEVELOPER v19.3',
/* originating_system */ 'PARTsolutions',
/* authorisation */ '  ');

FILE_SCHEMA (('AUTOMOTIVE_DESIGN {1 0 10303 214 3 1 1}'));
ENDSEC;

DATA;
#10=PROPERTY_DEFINITION_REPRESENTATION(#14,#12);
#11=PROPERTY_DEFINITION_REPRESENTATION(#15,#13);
#12=REPRESENTATION('',(#16),#17577);
#13=REPRESENTATION('',(#17),#17577);
#14=PROPERTY_DEFINITION('pmi validation property','',#17589);
#15=PROPERTY_DEFINITION('pmi validation property','',#17589);
#16=VALUE_REPRESENTATION_ITEM('number of annotations',COUNT_MEASURE(0.));
#17=VALUE_REPRESENTATION_ITEM('number of views',COUNT_MEASURE(0.));
#18=CYLINDRICAL_SURFACE('',#11586,0.00750000000000002);
#19=CYLINDRICAL_SURFACE('',#11593,0.00750000000000002);
#20=CYLINDRICAL_SURFACE('',#11600,0.00749999999999999);
#21=CYLINDRICAL_SURFACE('',#11607,0.00749999999999999);
#22=CYLINDRICAL_SURFACE('',#11614,0.00750000000000002);
#23=CYLINDRICAL_SURFACE('',#11621,0.00750000000000002);
#24=CYLINDRICAL_SURFACE('',#11628,0.00749999999999999);
#25=CYLINDRICAL_SURFACE('',#11635,0.00749999999999999);
#26=CYLINDRICAL_SURFACE('',#11642,0.0075);
#27=CYLINDRICAL_SURFACE('',#11649,0.0075);
#28=CYLINDRICAL_SURFACE('',#11656,0.0075);
#29=CYLINDRICAL_SURFACE('',#11663,0.0075);
#30=CYLINDRICAL_SURFACE('',#11670,0.00749999999999999);
#31=CYLINDRICAL_SURFACE('',#11677,0.00749999999999999);
#32=CYLINDRICAL_SURFACE('',#11684,0.00750000000000003);
#33=CYLINDRICAL_SURFACE('',#11691,0.00750000000000003);
#34=CYLINDRICAL_SURFACE('',#11698,0.00749999999999999);
#35=CYLINDRICAL_SURFACE('',#11705,0.00749999999999999);
#36=CYLINDRICAL_SURFACE('',#11712,0.00749999999999996);
#37=CYLINDRICAL_SURFACE('',#11717,0.00749999999999996);
#38=CIRCLE('',#11277,0.00749999999999996);
#39=CIRCLE('',#11280,0.00749999999999996);
#40=CIRCLE('',#11282,0.00749999999999996);
#41=CIRCLE('',#11285,0.00749999999999996);
#42=CIRCLE('',#11287,0.00749999999999999);
#43=CIRCLE('',#11290,0.00749999999999999);
#44=CIRCLE('',#11292,0.00749999999999999);
#45=CIRCLE('',#11295,0.00749999999999999);
#46=CIRCLE('',#11297,0.00750000000000003);
#47=CIRCLE('',#11300,0.00750000000000003);
#48=CIRCLE('',#11302,0.00750000000000003);
#49=CIRCLE('',#11305,0.00750000000000003);
#50=CIRCLE('',#11307,0.00749999999999999);
#51=CIRCLE('',#11310,0.00749999999999999);
#52=CIRCLE('',#11312,0.00749999999999999);
#53=CIRCLE('',#11315,0.00749999999999999);
#54=CIRCLE('',#11317,0.0075);
#55=CIRCLE('',#11320,0.0075);
#56=CIRCLE('',#11322,0.0075);
#57=CIRCLE('',#11325,0.0075);
#58=CIRCLE('',#11327,0.0075);
#59=CIRCLE('',#11330,0.0075);
#60=CIRCLE('',#11332,0.0075);
#61=CIRCLE('',#11335,0.0075);
#62=CIRCLE('',#11337,0.00749999999999999);
#63=CIRCLE('',#11340,0.00749999999999999);
#64=CIRCLE('',#11342,0.00749999999999999);
#65=CIRCLE('',#11345,0.00749999999999999);
#66=CIRCLE('',#11347,0.00750000000000002);
#67=CIRCLE('',#11350,0.00750000000000002);
#68=CIRCLE('',#11352,0.00750000000000002);
#69=CIRCLE('',#11355,0.00750000000000002);
#70=CIRCLE('',#11357,0.00749999999999999);
#71=CIRCLE('',#11360,0.00749999999999999);
#72=CIRCLE('',#11362,0.00749999999999999);
#73=CIRCLE('',#11365,0.00749999999999999);
#74=CIRCLE('',#11367,0.00750000000000002);
#75=CIRCLE('',#11370,0.00750000000000002);
#76=CIRCLE('',#11372,0.00750000000000002);
#77=CIRCLE('',#11375,0.00750000000000002);
#78=DRAUGHTING_PRE_DEFINED_COLOUR('yellow');
#79=CONTEXT_DEPENDENT_SHAPE_REPRESENTATION(#83,#17591);
#80=CONTEXT_DEPENDENT_SHAPE_REPRESENTATION(#84,#17593);
#81=NEXT_ASSEMBLY_USAGE_OCCURRENCE('NAUO1','S1SQT-110-01-L-D',
'S1SQT-110-01-L-D',#17594,#17595,'');
#82=NEXT_ASSEMBLY_USAGE_OCCURRENCE('NAUO2','P1SQT-110-01-L-D',
'P1SQT-110-01-L-D',#17594,#17596,'');
#83=(
REPRESENTATION_RELATIONSHIP(' ',' ',#11082,#11081)
REPRESENTATION_RELATIONSHIP_WITH_TRANSFORMATION(#85)
SHAPE_REPRESENTATION_RELATIONSHIP()
);
#84=(
REPRESENTATION_RELATIONSHIP(' ',' ',#11083,#11081)
REPRESENTATION_RELATIONSHIP_WITH_TRANSFORMATION(#86)
SHAPE_REPRESENTATION_RELATIONSHIP()
);
#85=ITEM_DEFINED_TRANSFORMATION(' ',' ',#11084,#11275);
#86=ITEM_DEFINED_TRANSFORMATION(' ',' ',#11084,#11722);
#87=SHAPE_REPRESENTATION_RELATIONSHIP('','',#11082,#89);
#88=SHAPE_REPRESENTATION_RELATIONSHIP('','',#11083,#90);
#89=ADVANCED_BREP_SHAPE_REPRESENTATION('',(#11076),#17578);
#90=ADVANCED_BREP_SHAPE_REPRESENTATION('',(#11077),#17579);
#91=ORIENTED_EDGE('',*,*,#3123,.T.);
#92=ORIENTED_EDGE('',*,*,#3124,.F.);
#93=ORIENTED_EDGE('',*,*,#3125,.F.);
#94=ORIENTED_EDGE('',*,*,#3126,.F.);
#95=ORIENTED_EDGE('',*,*,#3127,.F.);
#96=ORIENTED_EDGE('',*,*,#3128,.F.);
#97=ORIENTED_EDGE('',*,*,#3129,.T.);
#98=ORIENTED_EDGE('',*,*,#3130,.F.);
#99=ORIENTED_EDGE('',*,*,#3131,.F.);
#100=ORIENTED_EDGE('',*,*,#3132,.F.);
#101=ORIENTED_EDGE('',*,*,#3133,.T.);
#102=ORIENTED_EDGE('',*,*,#3134,.F.);
#103=ORIENTED_EDGE('',*,*,#3135,.F.);
#104=ORIENTED_EDGE('',*,*,#3136,.F.);
#105=ORIENTED_EDGE('',*,*,#3137,.T.);
#106=ORIENTED_EDGE('',*,*,#3138,.F.);
#107=ORIENTED_EDGE('',*,*,#3139,.F.);
#108=ORIENTED_EDGE('',*,*,#3140,.F.);
#109=ORIENTED_EDGE('',*,*,#3141,.T.);
#110=ORIENTED_EDGE('',*,*,#3142,.F.);
#111=ORIENTED_EDGE('',*,*,#3143,.F.);
#112=ORIENTED_EDGE('',*,*,#3144,.F.);
#113=ORIENTED_EDGE('',*,*,#3145,.T.);
#114=ORIENTED_EDGE('',*,*,#3146,.F.);
#115=ORIENTED_EDGE('',*,*,#3147,.F.);
#116=ORIENTED_EDGE('',*,*,#3148,.F.);
#117=ORIENTED_EDGE('',*,*,#3149,.T.);
#118=ORIENTED_EDGE('',*,*,#3150,.F.);
#119=ORIENTED_EDGE('',*,*,#3151,.F.);
#120=ORIENTED_EDGE('',*,*,#3152,.F.);
#121=ORIENTED_EDGE('',*,*,#3153,.T.);
#122=ORIENTED_EDGE('',*,*,#3154,.F.);
#123=ORIENTED_EDGE('',*,*,#3155,.F.);
#124=ORIENTED_EDGE('',*,*,#3156,.F.);
#125=ORIENTED_EDGE('',*,*,#3157,.T.);
#126=ORIENTED_EDGE('',*,*,#3158,.F.);
#127=ORIENTED_EDGE('',*,*,#3159,.F.);
#128=ORIENTED_EDGE('',*,*,#3160,.F.);
#129=ORIENTED_EDGE('',*,*,#3161,.T.);
#130=ORIENTED_EDGE('',*,*,#3162,.F.);
#131=ORIENTED_EDGE('',*,*,#3163,.F.);
#132=ORIENTED_EDGE('',*,*,#3164,.F.);
#133=ORIENTED_EDGE('',*,*,#3165,.F.);
#134=ORIENTED_EDGE('',*,*,#3166,.F.);
#135=ORIENTED_EDGE('',*,*,#3167,.T.);
#136=ORIENTED_EDGE('',*,*,#3168,.F.);
#137=ORIENTED_EDGE('',*,*,#3169,.F.);
#138=ORIENTED_EDGE('',*,*,#3170,.T.);
#139=ORIENTED_EDGE('',*,*,#3171,.F.);
#140=ORIENTED_EDGE('',*,*,#3172,.T.);
#141=ORIENTED_EDGE('',*,*,#3173,.T.);
#142=ORIENTED_EDGE('',*,*,#3174,.F.);
#143=ORIENTED_EDGE('',*,*,#3175,.F.);
#144=ORIENTED_EDGE('',*,*,#3176,.T.);
#145=ORIENTED_EDGE('',*,*,#3177,.T.);
#146=ORIENTED_EDGE('',*,*,#3178,.F.);
#147=ORIENTED_EDGE('',*,*,#3179,.F.);
#148=ORIENTED_EDGE('',*,*,#3180,.T.);
#149=ORIENTED_EDGE('',*,*,#3181,.T.);
#150=ORIENTED_EDGE('',*,*,#3182,.F.);
#151=ORIENTED_EDGE('',*,*,#3183,.F.);
#152=ORIENTED_EDGE('',*,*,#3184,.T.);
#153=ORIENTED_EDGE('',*,*,#3185,.T.);
#154=ORIENTED_EDGE('',*,*,#3186,.F.);
#155=ORIENTED_EDGE('',*,*,#3187,.F.);
#156=ORIENTED_EDGE('',*,*,#3188,.T.);
#157=ORIENTED_EDGE('',*,*,#3189,.T.);
#158=ORIENTED_EDGE('',*,*,#3190,.F.);
#159=ORIENTED_EDGE('',*,*,#3191,.F.);
#160=ORIENTED_EDGE('',*,*,#3192,.T.);
#161=ORIENTED_EDGE('',*,*,#3193,.T.);
#162=ORIENTED_EDGE('',*,*,#3194,.F.);
#163=ORIENTED_EDGE('',*,*,#3195,.F.);
#164=ORIENTED_EDGE('',*,*,#3196,.T.);
#165=ORIENTED_EDGE('',*,*,#3197,.T.);
#166=ORIENTED_EDGE('',*,*,#3198,.F.);
#167=ORIENTED_EDGE('',*,*,#3199,.F.);
#168=ORIENTED_EDGE('',*,*,#3200,.T.);
#169=ORIENTED_EDGE('',*,*,#3201,.T.);
#170=ORIENTED_EDGE('',*,*,#3202,.F.);
#171=ORIENTED_EDGE('',*,*,#3203,.F.);
#172=ORIENTED_EDGE('',*,*,#3204,.T.);
#173=ORIENTED_EDGE('',*,*,#3205,.T.);
#174=ORIENTED_EDGE('',*,*,#3206,.F.);
#175=ORIENTED_EDGE('',*,*,#3207,.F.);
#176=ORIENTED_EDGE('',*,*,#3208,.T.);
#177=ORIENTED_EDGE('',*,*,#3209,.F.);
#178=ORIENTED_EDGE('',*,*,#3210,.F.);
#179=ORIENTED_EDGE('',*,*,#3211,.T.);
#180=ORIENTED_EDGE('',*,*,#3212,.T.);
#181=ORIENTED_EDGE('',*,*,#3213,.T.);
#182=ORIENTED_EDGE('',*,*,#3174,.T.);
#183=ORIENTED_EDGE('',*,*,#3214,.T.);
#184=ORIENTED_EDGE('',*,*,#3215,.T.);
#185=ORIENTED_EDGE('',*,*,#3216,.T.);
#186=ORIENTED_EDGE('',*,*,#3178,.T.);
#187=ORIENTED_EDGE('',*,*,#3217,.T.);
#188=ORIENTED_EDGE('',*,*,#3218,.T.);
#189=ORIENTED_EDGE('',*,*,#3219,.T.);
#190=ORIENTED_EDGE('',*,*,#3182,.T.);
#191=ORIENTED_EDGE('',*,*,#3220,.T.);
#192=ORIENTED_EDGE('',*,*,#3221,.T.);
#193=ORIENTED_EDGE('',*,*,#3222,.T.);
#194=ORIENTED_EDGE('',*,*,#3186,.T.);
#195=ORIENTED_EDGE('',*,*,#3223,.T.);
#196=ORIENTED_EDGE('',*,*,#3224,.T.);
#197=ORIENTED_EDGE('',*,*,#3225,.T.);
#198=ORIENTED_EDGE('',*,*,#3190,.T.);
#199=ORIENTED_EDGE('',*,*,#3226,.T.);
#200=ORIENTED_EDGE('',*,*,#3227,.T.);
#201=ORIENTED_EDGE('',*,*,#3228,.T.);
#202=ORIENTED_EDGE('',*,*,#3194,.T.);
#203=ORIENTED_EDGE('',*,*,#3229,.T.);
#204=ORIENTED_EDGE('',*,*,#3230,.T.);
#205=ORIENTED_EDGE('',*,*,#3231,.T.);
#206=ORIENTED_EDGE('',*,*,#3198,.T.);
#207=ORIENTED_EDGE('',*,*,#3232,.T.);
#208=ORIENTED_EDGE('',*,*,#3233,.T.);
#209=ORIENTED_EDGE('',*,*,#3234,.T.);
#210=ORIENTED_EDGE('',*,*,#3202,.T.);
#211=ORIENTED_EDGE('',*,*,#3235,.T.);
#212=ORIENTED_EDGE('',*,*,#3236,.T.);
#213=ORIENTED_EDGE('',*,*,#3237,.T.);
#214=ORIENTED_EDGE('',*,*,#3206,.T.);
#215=ORIENTED_EDGE('',*,*,#3238,.T.);
#216=ORIENTED_EDGE('',*,*,#3239,.T.);
#217=ORIENTED_EDGE('',*,*,#3240,.T.);
#218=ORIENTED_EDGE('',*,*,#3210,.T.);
#219=ORIENTED_EDGE('',*,*,#3241,.F.);
#220=ORIENTED_EDGE('',*,*,#3242,.F.);
#221=ORIENTED_EDGE('',*,*,#3243,.T.);
#222=ORIENTED_EDGE('',*,*,#3168,.T.);
#223=ORIENTED_EDGE('',*,*,#3244,.F.);
#224=ORIENTED_EDGE('',*,*,#3126,.T.);
#225=ORIENTED_EDGE('',*,*,#3245,.F.);
#226=ORIENTED_EDGE('',*,*,#3246,.F.);
#227=ORIENTED_EDGE('',*,*,#3247,.T.);
#228=ORIENTED_EDGE('',*,*,#3164,.T.);
#229=ORIENTED_EDGE('',*,*,#3248,.F.);
#230=ORIENTED_EDGE('',*,*,#3249,.F.);
#231=ORIENTED_EDGE('',*,*,#3250,.F.);
#232=ORIENTED_EDGE('',*,*,#3160,.T.);
#233=ORIENTED_EDGE('',*,*,#3251,.F.);
#234=ORIENTED_EDGE('',*,*,#3252,.F.);
#235=ORIENTED_EDGE('',*,*,#3253,.F.);
#236=ORIENTED_EDGE('',*,*,#3156,.T.);
#237=ORIENTED_EDGE('',*,*,#3254,.F.);
#238=ORIENTED_EDGE('',*,*,#3255,.F.);
#239=ORIENTED_EDGE('',*,*,#3256,.F.);
#240=ORIENTED_EDGE('',*,*,#3152,.T.);
#241=ORIENTED_EDGE('',*,*,#3257,.F.);
#242=ORIENTED_EDGE('',*,*,#3258,.F.);
#243=ORIENTED_EDGE('',*,*,#3259,.F.);
#244=ORIENTED_EDGE('',*,*,#3148,.T.);
#245=ORIENTED_EDGE('',*,*,#3260,.F.);
#246=ORIENTED_EDGE('',*,*,#3261,.F.);
#247=ORIENTED_EDGE('',*,*,#3262,.F.);
#248=ORIENTED_EDGE('',*,*,#3144,.T.);
#249=ORIENTED_EDGE('',*,*,#3263,.F.);
#250=ORIENTED_EDGE('',*,*,#3264,.F.);
#251=ORIENTED_EDGE('',*,*,#3265,.F.);
#252=ORIENTED_EDGE('',*,*,#3140,.T.);
#253=ORIENTED_EDGE('',*,*,#3266,.F.);
#254=ORIENTED_EDGE('',*,*,#3267,.F.);
#255=ORIENTED_EDGE('',*,*,#3268,.F.);
#256=ORIENTED_EDGE('',*,*,#3136,.T.);
#257=ORIENTED_EDGE('',*,*,#3269,.F.);
#258=ORIENTED_EDGE('',*,*,#3270,.F.);
#259=ORIENTED_EDGE('',*,*,#3271,.F.);
#260=ORIENTED_EDGE('',*,*,#3132,.T.);
#261=ORIENTED_EDGE('',*,*,#3272,.F.);
#262=ORIENTED_EDGE('',*,*,#3273,.F.);
#263=ORIENTED_EDGE('',*,*,#3274,.F.);
#264=ORIENTED_EDGE('',*,*,#3128,.T.);
#265=ORIENTED_EDGE('',*,*,#3275,.F.);
#266=ORIENTED_EDGE('',*,*,#3276,.F.);
#267=ORIENTED_EDGE('',*,*,#3124,.T.);
#268=ORIENTED_EDGE('',*,*,#3277,.T.);
#269=ORIENTED_EDGE('',*,*,#3278,.F.);
#270=ORIENTED_EDGE('',*,*,#3279,.T.);
#271=ORIENTED_EDGE('',*,*,#3280,.F.);
#272=ORIENTED_EDGE('',*,*,#3281,.T.);
#273=ORIENTED_EDGE('',*,*,#3130,.T.);
#274=ORIENTED_EDGE('',*,*,#3282,.T.);
#275=ORIENTED_EDGE('',*,*,#3283,.F.);
#276=ORIENTED_EDGE('',*,*,#3284,.T.);
#277=ORIENTED_EDGE('',*,*,#3134,.T.);
#278=ORIENTED_EDGE('',*,*,#3285,.T.);
#279=ORIENTED_EDGE('',*,*,#3286,.F.);
#280=ORIENTED_EDGE('',*,*,#3287,.T.);
#281=ORIENTED_EDGE('',*,*,#3138,.T.);
#282=ORIENTED_EDGE('',*,*,#3288,.T.);
#283=ORIENTED_EDGE('',*,*,#3289,.F.);
#284=ORIENTED_EDGE('',*,*,#3290,.T.);
#285=ORIENTED_EDGE('',*,*,#3142,.T.);
#286=ORIENTED_EDGE('',*,*,#3291,.T.);
#287=ORIENTED_EDGE('',*,*,#3292,.F.);
#288=ORIENTED_EDGE('',*,*,#3293,.T.);
#289=ORIENTED_EDGE('',*,*,#3146,.T.);
#290=ORIENTED_EDGE('',*,*,#3294,.T.);
#291=ORIENTED_EDGE('',*,*,#3295,.F.);
#292=ORIENTED_EDGE('',*,*,#3296,.T.);
#293=ORIENTED_EDGE('',*,*,#3150,.T.);
#294=ORIENTED_EDGE('',*,*,#3297,.T.);
#295=ORIENTED_EDGE('',*,*,#3298,.F.);
#296=ORIENTED_EDGE('',*,*,#3299,.T.);
#297=ORIENTED_EDGE('',*,*,#3154,.T.);
#298=ORIENTED_EDGE('',*,*,#3300,.T.);
#299=ORIENTED_EDGE('',*,*,#3301,.F.);
#300=ORIENTED_EDGE('',*,*,#3302,.T.);
#301=ORIENTED_EDGE('',*,*,#3158,.T.);
#302=ORIENTED_EDGE('',*,*,#3303,.T.);
#303=ORIENTED_EDGE('',*,*,#3304,.F.);
#304=ORIENTED_EDGE('',*,*,#3305,.T.);
#305=ORIENTED_EDGE('',*,*,#3162,.T.);
#306=ORIENTED_EDGE('',*,*,#3306,.T.);
#307=ORIENTED_EDGE('',*,*,#3307,.F.);
#308=ORIENTED_EDGE('',*,*,#3308,.T.);
#309=ORIENTED_EDGE('',*,*,#3166,.T.);
#310=ORIENTED_EDGE('',*,*,#3309,.F.);
#311=ORIENTED_EDGE('',*,*,#3310,.T.);
#312=ORIENTED_EDGE('',*,*,#3311,.T.);
#313=ORIENTED_EDGE('',*,*,#3170,.F.);
#314=ORIENTED_EDGE('',*,*,#3312,.T.);
#315=ORIENTED_EDGE('',*,*,#3172,.F.);
#316=ORIENTED_EDGE('',*,*,#3313,.T.);
#317=ORIENTED_EDGE('',*,*,#3314,.T.);
#318=ORIENTED_EDGE('',*,*,#3315,.T.);
#319=ORIENTED_EDGE('',*,*,#3176,.F.);
#320=ORIENTED_EDGE('',*,*,#3316,.T.);
#321=ORIENTED_EDGE('',*,*,#3317,.T.);
#322=ORIENTED_EDGE('',*,*,#3318,.T.);
#323=ORIENTED_EDGE('',*,*,#3180,.F.);
#324=ORIENTED_EDGE('',*,*,#3319,.T.);
#325=ORIENTED_EDGE('',*,*,#3320,.T.);
#326=ORIENTED_EDGE('',*,*,#3321,.T.);
#327=ORIENTED_EDGE('',*,*,#3184,.F.);
#328=ORIENTED_EDGE('',*,*,#3322,.T.);
#329=ORIENTED_EDGE('',*,*,#3323,.T.);
#330=ORIENTED_EDGE('',*,*,#3324,.T.);
#331=ORIENTED_EDGE('',*,*,#3188,.F.);
#332=ORIENTED_EDGE('',*,*,#3325,.T.);
#333=ORIENTED_EDGE('',*,*,#3326,.T.);
#334=ORIENTED_EDGE('',*,*,#3327,.T.);
#335=ORIENTED_EDGE('',*,*,#3192,.F.);
#336=ORIENTED_EDGE('',*,*,#3328,.T.);
#337=ORIENTED_EDGE('',*,*,#3329,.T.);
#338=ORIENTED_EDGE('',*,*,#3330,.T.);
#339=ORIENTED_EDGE('',*,*,#3196,.F.);
#340=ORIENTED_EDGE('',*,*,#3331,.T.);
#341=ORIENTED_EDGE('',*,*,#3332,.T.);
#342=ORIENTED_EDGE('',*,*,#3333,.T.);
#343=ORIENTED_EDGE('',*,*,#3200,.F.);
#344=ORIENTED_EDGE('',*,*,#3334,.T.);
#345=ORIENTED_EDGE('',*,*,#3335,.T.);
#346=ORIENTED_EDGE('',*,*,#3336,.T.);
#347=ORIENTED_EDGE('',*,*,#3204,.F.);
#348=ORIENTED_EDGE('',*,*,#3337,.T.);
#349=ORIENTED_EDGE('',*,*,#3338,.T.);
#350=ORIENTED_EDGE('',*,*,#3339,.T.);
#351=ORIENTED_EDGE('',*,*,#3208,.F.);
#352=ORIENTED_EDGE('',*,*,#3340,.T.);
#353=ORIENTED_EDGE('',*,*,#3341,.T.);
#354=ORIENTED_EDGE('',*,*,#3342,.F.);
#355=ORIENTED_EDGE('',*,*,#3309,.T.);
#356=ORIENTED_EDGE('',*,*,#3165,.T.);
#357=ORIENTED_EDGE('',*,*,#3247,.F.);
#358=ORIENTED_EDGE('',*,*,#3343,.F.);
#359=ORIENTED_EDGE('',*,*,#3241,.T.);
#360=ORIENTED_EDGE('',*,*,#3209,.T.);
#361=ORIENTED_EDGE('',*,*,#3342,.T.);
#362=ORIENTED_EDGE('',*,*,#3344,.T.);
#363=ORIENTED_EDGE('',*,*,#3279,.F.);
#364=ORIENTED_EDGE('',*,*,#3345,.F.);
#365=ORIENTED_EDGE('',*,*,#3312,.F.);
#366=ORIENTED_EDGE('',*,*,#3169,.T.);
#367=ORIENTED_EDGE('',*,*,#3243,.F.);
#368=ORIENTED_EDGE('',*,*,#3346,.F.);
#369=ORIENTED_EDGE('',*,*,#3245,.T.);
#370=ORIENTED_EDGE('',*,*,#3125,.T.);
#371=ORIENTED_EDGE('',*,*,#3347,.F.);
#372=ORIENTED_EDGE('',*,*,#3348,.F.);
#373=ORIENTED_EDGE('',*,*,#3349,.T.);
#374=ORIENTED_EDGE('',*,*,#3350,.T.);
#375=ORIENTED_EDGE('',*,*,#3351,.F.);
#376=ORIENTED_EDGE('',*,*,#3352,.F.);
#377=ORIENTED_EDGE('',*,*,#3353,.T.);
#378=ORIENTED_EDGE('',*,*,#3348,.T.);
#379=ORIENTED_EDGE('',*,*,#3354,.F.);
#380=ORIENTED_EDGE('',*,*,#3355,.F.);
#381=ORIENTED_EDGE('',*,*,#3356,.T.);
#382=ORIENTED_EDGE('',*,*,#3352,.T.);
#383=ORIENTED_EDGE('',*,*,#3357,.F.);
#384=ORIENTED_EDGE('',*,*,#3358,.F.);
#385=ORIENTED_EDGE('',*,*,#3359,.T.);
#386=ORIENTED_EDGE('',*,*,#3360,.T.);
#387=ORIENTED_EDGE('',*,*,#3361,.F.);
#388=ORIENTED_EDGE('',*,*,#3362,.F.);
#389=ORIENTED_EDGE('',*,*,#3363,.T.);
#390=ORIENTED_EDGE('',*,*,#3358,.T.);
#391=ORIENTED_EDGE('',*,*,#3364,.F.);
#392=ORIENTED_EDGE('',*,*,#3365,.F.);
#393=ORIENTED_EDGE('',*,*,#3366,.T.);
#394=ORIENTED_EDGE('',*,*,#3362,.T.);
#395=ORIENTED_EDGE('',*,*,#3367,.F.);
#396=ORIENTED_EDGE('',*,*,#3368,.F.);
#397=ORIENTED_EDGE('',*,*,#3369,.T.);
#398=ORIENTED_EDGE('',*,*,#3370,.T.);
#399=ORIENTED_EDGE('',*,*,#3371,.F.);
#400=ORIENTED_EDGE('',*,*,#3372,.F.);
#401=ORIENTED_EDGE('',*,*,#3373,.T.);
#402=ORIENTED_EDGE('',*,*,#3368,.T.);
#403=ORIENTED_EDGE('',*,*,#3374,.F.);
#404=ORIENTED_EDGE('',*,*,#3375,.F.);
#405=ORIENTED_EDGE('',*,*,#3376,.T.);
#406=ORIENTED_EDGE('',*,*,#3372,.T.);
#407=ORIENTED_EDGE('',*,*,#3377,.F.);
#408=ORIENTED_EDGE('',*,*,#3378,.F.);
#409=ORIENTED_EDGE('',*,*,#3379,.T.);
#410=ORIENTED_EDGE('',*,*,#3380,.T.);
#411=ORIENTED_EDGE('',*,*,#3381,.F.);
#412=ORIENTED_EDGE('',*,*,#3382,.F.);
#413=ORIENTED_EDGE('',*,*,#3383,.T.);
#414=ORIENTED_EDGE('',*,*,#3378,.T.);
#415=ORIENTED_EDGE('',*,*,#3384,.F.);
#416=ORIENTED_EDGE('',*,*,#3385,.F.);
#417=ORIENTED_EDGE('',*,*,#3386,.T.);
#418=ORIENTED_EDGE('',*,*,#3382,.T.);
#419=ORIENTED_EDGE('',*,*,#3387,.F.);
#420=ORIENTED_EDGE('',*,*,#3388,.F.);
#421=ORIENTED_EDGE('',*,*,#3389,.T.);
#422=ORIENTED_EDGE('',*,*,#3390,.T.);
#423=ORIENTED_EDGE('',*,*,#3391,.F.);
#424=ORIENTED_EDGE('',*,*,#3392,.F.);
#425=ORIENTED_EDGE('',*,*,#3393,.T.);
#426=ORIENTED_EDGE('',*,*,#3388,.T.);
#427=ORIENTED_EDGE('',*,*,#3394,.F.);
#428=ORIENTED_EDGE('',*,*,#3395,.F.);
#429=ORIENTED_EDGE('',*,*,#3396,.T.);
#430=ORIENTED_EDGE('',*,*,#3392,.T.);
#431=ORIENTED_EDGE('',*,*,#3397,.F.);
#432=ORIENTED_EDGE('',*,*,#3398,.F.);
#433=ORIENTED_EDGE('',*,*,#3399,.T.);
#434=ORIENTED_EDGE('',*,*,#3400,.T.);
#435=ORIENTED_EDGE('',*,*,#3401,.F.);
#436=ORIENTED_EDGE('',*,*,#3402,.F.);
#437=ORIENTED_EDGE('',*,*,#3403,.T.);
#438=ORIENTED_EDGE('',*,*,#3398,.T.);
#439=ORIENTED_EDGE('',*,*,#3404,.F.);
#440=ORIENTED_EDGE('',*,*,#3405,.F.);
#441=ORIENTED_EDGE('',*,*,#3406,.T.);
#442=ORIENTED_EDGE('',*,*,#3402,.T.);
#443=ORIENTED_EDGE('',*,*,#3407,.F.);
#444=ORIENTED_EDGE('',*,*,#3408,.F.);
#445=ORIENTED_EDGE('',*,*,#3409,.T.);
#446=ORIENTED_EDGE('',*,*,#3410,.T.);
#447=ORIENTED_EDGE('',*,*,#3411,.F.);
#448=ORIENTED_EDGE('',*,*,#3412,.F.);
#449=ORIENTED_EDGE('',*,*,#3413,.T.);
#450=ORIENTED_EDGE('',*,*,#3408,.T.);
#451=ORIENTED_EDGE('',*,*,#3414,.F.);
#452=ORIENTED_EDGE('',*,*,#3415,.F.);
#453=ORIENTED_EDGE('',*,*,#3416,.T.);
#454=ORIENTED_EDGE('',*,*,#3412,.T.);
#455=ORIENTED_EDGE('',*,*,#3417,.F.);
#456=ORIENTED_EDGE('',*,*,#3418,.F.);
#457=ORIENTED_EDGE('',*,*,#3419,.T.);
#458=ORIENTED_EDGE('',*,*,#3420,.T.);
#459=ORIENTED_EDGE('',*,*,#3421,.F.);
#460=ORIENTED_EDGE('',*,*,#3422,.F.);
#461=ORIENTED_EDGE('',*,*,#3423,.T.);
#462=ORIENTED_EDGE('',*,*,#3418,.T.);
#463=ORIENTED_EDGE('',*,*,#3424,.F.);
#464=ORIENTED_EDGE('',*,*,#3425,.F.);
#465=ORIENTED_EDGE('',*,*,#3426,.T.);
#466=ORIENTED_EDGE('',*,*,#3422,.T.);
#467=ORIENTED_EDGE('',*,*,#3427,.F.);
#468=ORIENTED_EDGE('',*,*,#3428,.F.);
#469=ORIENTED_EDGE('',*,*,#3429,.T.);
#470=ORIENTED_EDGE('',*,*,#3430,.T.);
#471=ORIENTED_EDGE('',*,*,#3431,.F.);
#472=ORIENTED_EDGE('',*,*,#3432,.F.);
#473=ORIENTED_EDGE('',*,*,#3433,.T.);
#474=ORIENTED_EDGE('',*,*,#3428,.T.);
#475=ORIENTED_EDGE('',*,*,#3434,.F.);
#476=ORIENTED_EDGE('',*,*,#3435,.F.);
#477=ORIENTED_EDGE('',*,*,#3436,.T.);
#478=ORIENTED_EDGE('',*,*,#3432,.T.);
#479=ORIENTED_EDGE('',*,*,#3437,.F.);
#480=ORIENTED_EDGE('',*,*,#3438,.F.);
#481=ORIENTED_EDGE('',*,*,#3439,.T.);
#482=ORIENTED_EDGE('',*,*,#3440,.T.);
#483=ORIENTED_EDGE('',*,*,#3441,.F.);
#484=ORIENTED_EDGE('',*,*,#3442,.F.);
#485=ORIENTED_EDGE('',*,*,#3443,.T.);
#486=ORIENTED_EDGE('',*,*,#3438,.T.);
#487=ORIENTED_EDGE('',*,*,#3444,.F.);
#488=ORIENTED_EDGE('',*,*,#3445,.F.);
#489=ORIENTED_EDGE('',*,*,#3446,.T.);
#490=ORIENTED_EDGE('',*,*,#3442,.T.);
#491=ORIENTED_EDGE('',*,*,#3447,.F.);
#492=ORIENTED_EDGE('',*,*,#3448,.F.);
#493=ORIENTED_EDGE('',*,*,#3449,.T.);
#494=ORIENTED_EDGE('',*,*,#3450,.T.);
#495=ORIENTED_EDGE('',*,*,#3451,.F.);
#496=ORIENTED_EDGE('',*,*,#3452,.F.);
#497=ORIENTED_EDGE('',*,*,#3453,.T.);
#498=ORIENTED_EDGE('',*,*,#3448,.T.);
#499=ORIENTED_EDGE('',*,*,#3454,.F.);
#500=ORIENTED_EDGE('',*,*,#3455,.F.);
#501=ORIENTED_EDGE('',*,*,#3456,.T.);
#502=ORIENTED_EDGE('',*,*,#3452,.T.);
#503=ORIENTED_EDGE('',*,*,#3457,.F.);
#504=ORIENTED_EDGE('',*,*,#3458,.F.);
#505=ORIENTED_EDGE('',*,*,#3459,.T.);
#506=ORIENTED_EDGE('',*,*,#3460,.T.);
#507=ORIENTED_EDGE('',*,*,#3461,.F.);
#508=ORIENTED_EDGE('',*,*,#3462,.F.);
#509=ORIENTED_EDGE('',*,*,#3463,.T.);
#510=ORIENTED_EDGE('',*,*,#3458,.T.);
#511=ORIENTED_EDGE('',*,*,#3464,.F.);
#512=ORIENTED_EDGE('',*,*,#3465,.F.);
#513=ORIENTED_EDGE('',*,*,#3466,.T.);
#514=ORIENTED_EDGE('',*,*,#3462,.T.);
#515=ORIENTED_EDGE('',*,*,#3467,.F.);
#516=ORIENTED_EDGE('',*,*,#3468,.F.);
#517=ORIENTED_EDGE('',*,*,#3469,.T.);
#518=ORIENTED_EDGE('',*,*,#3470,.T.);
#519=ORIENTED_EDGE('',*,*,#3471,.F.);
#520=ORIENTED_EDGE('',*,*,#3472,.F.);
#521=ORIENTED_EDGE('',*,*,#3473,.T.);
#522=ORIENTED_EDGE('',*,*,#3468,.T.);
#523=ORIENTED_EDGE('',*,*,#3474,.F.);
#524=ORIENTED_EDGE('',*,*,#3475,.F.);
#525=ORIENTED_EDGE('',*,*,#3476,.T.);
#526=ORIENTED_EDGE('',*,*,#3472,.T.);
#527=ORIENTED_EDGE('',*,*,#3477,.F.);
#528=ORIENTED_EDGE('',*,*,#3478,.F.);
#529=ORIENTED_EDGE('',*,*,#3479,.T.);
#530=ORIENTED_EDGE('',*,*,#3480,.T.);
#531=ORIENTED_EDGE('',*,*,#3481,.F.);
#532=ORIENTED_EDGE('',*,*,#3482,.F.);
#533=ORIENTED_EDGE('',*,*,#3483,.T.);
#534=ORIENTED_EDGE('',*,*,#3478,.T.);
#535=ORIENTED_EDGE('',*,*,#3484,.F.);
#536=ORIENTED_EDGE('',*,*,#3485,.F.);
#537=ORIENTED_EDGE('',*,*,#3486,.T.);
#538=ORIENTED_EDGE('',*,*,#3482,.T.);
#539=ORIENTED_EDGE('',*,*,#3487,.F.);
#540=ORIENTED_EDGE('',*,*,#3488,.F.);
#541=ORIENTED_EDGE('',*,*,#3489,.T.);
#542=ORIENTED_EDGE('',*,*,#3490,.T.);
#543=ORIENTED_EDGE('',*,*,#3491,.F.);
#544=ORIENTED_EDGE('',*,*,#3492,.F.);
#545=ORIENTED_EDGE('',*,*,#3493,.T.);
#546=ORIENTED_EDGE('',*,*,#3488,.T.);
#547=ORIENTED_EDGE('',*,*,#3494,.F.);
#548=ORIENTED_EDGE('',*,*,#3495,.F.);
#549=ORIENTED_EDGE('',*,*,#3496,.T.);
#550=ORIENTED_EDGE('',*,*,#3492,.T.);
#551=ORIENTED_EDGE('',*,*,#3497,.F.);
#552=ORIENTED_EDGE('',*,*,#3498,.F.);
#553=ORIENTED_EDGE('',*,*,#3499,.T.);
#554=ORIENTED_EDGE('',*,*,#3500,.T.);
#555=ORIENTED_EDGE('',*,*,#3501,.F.);
#556=ORIENTED_EDGE('',*,*,#3502,.F.);
#557=ORIENTED_EDGE('',*,*,#3503,.T.);
#558=ORIENTED_EDGE('',*,*,#3498,.T.);
#559=ORIENTED_EDGE('',*,*,#3504,.F.);
#560=ORIENTED_EDGE('',*,*,#3505,.F.);
#561=ORIENTED_EDGE('',*,*,#3506,.T.);
#562=ORIENTED_EDGE('',*,*,#3502,.T.);
#563=ORIENTED_EDGE('',*,*,#3507,.F.);
#564=ORIENTED_EDGE('',*,*,#3508,.F.);
#565=ORIENTED_EDGE('',*,*,#3509,.T.);
#566=ORIENTED_EDGE('',*,*,#3510,.T.);
#567=ORIENTED_EDGE('',*,*,#3511,.F.);
#568=ORIENTED_EDGE('',*,*,#3512,.F.);
#569=ORIENTED_EDGE('',*,*,#3513,.T.);
#570=ORIENTED_EDGE('',*,*,#3508,.T.);
#571=ORIENTED_EDGE('',*,*,#3514,.F.);
#572=ORIENTED_EDGE('',*,*,#3515,.F.);
#573=ORIENTED_EDGE('',*,*,#3516,.T.);
#574=ORIENTED_EDGE('',*,*,#3512,.T.);
#575=ORIENTED_EDGE('',*,*,#3517,.F.);
#576=ORIENTED_EDGE('',*,*,#3518,.F.);
#577=ORIENTED_EDGE('',*,*,#3519,.T.);
#578=ORIENTED_EDGE('',*,*,#3520,.T.);
#579=ORIENTED_EDGE('',*,*,#3521,.F.);
#580=ORIENTED_EDGE('',*,*,#3522,.F.);
#581=ORIENTED_EDGE('',*,*,#3523,.T.);
#582=ORIENTED_EDGE('',*,*,#3518,.T.);
#583=ORIENTED_EDGE('',*,*,#3524,.F.);
#584=ORIENTED_EDGE('',*,*,#3525,.F.);
#585=ORIENTED_EDGE('',*,*,#3526,.T.);
#586=ORIENTED_EDGE('',*,*,#3522,.T.);
#587=ORIENTED_EDGE('',*,*,#3527,.F.);
#588=ORIENTED_EDGE('',*,*,#3528,.F.);
#589=ORIENTED_EDGE('',*,*,#3529,.T.);
#590=ORIENTED_EDGE('',*,*,#3530,.T.);
#591=ORIENTED_EDGE('',*,*,#3531,.F.);
#592=ORIENTED_EDGE('',*,*,#3532,.F.);
#593=ORIENTED_EDGE('',*,*,#3533,.T.);
#594=ORIENTED_EDGE('',*,*,#3528,.T.);
#595=ORIENTED_EDGE('',*,*,#3534,.F.);
#596=ORIENTED_EDGE('',*,*,#3535,.F.);
#597=ORIENTED_EDGE('',*,*,#3536,.T.);
#598=ORIENTED_EDGE('',*,*,#3532,.T.);
#599=ORIENTED_EDGE('',*,*,#3537,.F.);
#600=ORIENTED_EDGE('',*,*,#3538,.F.);
#601=ORIENTED_EDGE('',*,*,#3539,.T.);
#602=ORIENTED_EDGE('',*,*,#3540,.T.);
#603=ORIENTED_EDGE('',*,*,#3541,.F.);
#604=ORIENTED_EDGE('',*,*,#3542,.F.);
#605=ORIENTED_EDGE('',*,*,#3543,.T.);
#606=ORIENTED_EDGE('',*,*,#3538,.T.);
#607=ORIENTED_EDGE('',*,*,#3544,.F.);
#608=ORIENTED_EDGE('',*,*,#3545,.F.);
#609=ORIENTED_EDGE('',*,*,#3546,.T.);
#610=ORIENTED_EDGE('',*,*,#3542,.T.);
#611=ORIENTED_EDGE('',*,*,#3547,.F.);
#612=ORIENTED_EDGE('',*,*,#3350,.F.);
#613=ORIENTED_EDGE('',*,*,#3548,.T.);
#614=ORIENTED_EDGE('',*,*,#3355,.T.);
#615=ORIENTED_EDGE('',*,*,#3549,.F.);
#616=ORIENTED_EDGE('',*,*,#3360,.F.);
#617=ORIENTED_EDGE('',*,*,#3550,.T.);
#618=ORIENTED_EDGE('',*,*,#3365,.T.);
#619=ORIENTED_EDGE('',*,*,#3551,.F.);
#620=ORIENTED_EDGE('',*,*,#3370,.F.);
#621=ORIENTED_EDGE('',*,*,#3552,.T.);
#622=ORIENTED_EDGE('',*,*,#3375,.T.);
#623=ORIENTED_EDGE('',*,*,#3553,.F.);
#624=ORIENTED_EDGE('',*,*,#3380,.F.);
#625=ORIENTED_EDGE('',*,*,#3554,.T.);
#626=ORIENTED_EDGE('',*,*,#3385,.T.);
#627=ORIENTED_EDGE('',*,*,#3555,.F.);
#628=ORIENTED_EDGE('',*,*,#3390,.F.);
#629=ORIENTED_EDGE('',*,*,#3556,.T.);
#630=ORIENTED_EDGE('',*,*,#3395,.T.);
#631=ORIENTED_EDGE('',*,*,#3557,.F.);
#632=ORIENTED_EDGE('',*,*,#3400,.F.);
#633=ORIENTED_EDGE('',*,*,#3558,.T.);
#634=ORIENTED_EDGE('',*,*,#3405,.T.);
#635=ORIENTED_EDGE('',*,*,#3559,.F.);
#636=ORIENTED_EDGE('',*,*,#3410,.F.);
#637=ORIENTED_EDGE('',*,*,#3560,.T.);
#638=ORIENTED_EDGE('',*,*,#3415,.T.);
#639=ORIENTED_EDGE('',*,*,#3561,.F.);
#640=ORIENTED_EDGE('',*,*,#3420,.F.);
#641=ORIENTED_EDGE('',*,*,#3562,.T.);
#642=ORIENTED_EDGE('',*,*,#3425,.T.);
#643=ORIENTED_EDGE('',*,*,#3563,.F.);
#644=ORIENTED_EDGE('',*,*,#3430,.F.);
#645=ORIENTED_EDGE('',*,*,#3564,.T.);
#646=ORIENTED_EDGE('',*,*,#3435,.T.);
#647=ORIENTED_EDGE('',*,*,#3565,.F.);
#648=ORIENTED_EDGE('',*,*,#3440,.F.);
#649=ORIENTED_EDGE('',*,*,#3566,.T.);
#650=ORIENTED_EDGE('',*,*,#3445,.T.);
#651=ORIENTED_EDGE('',*,*,#3567,.F.);
#652=ORIENTED_EDGE('',*,*,#3450,.F.);
#653=ORIENTED_EDGE('',*,*,#3568,.T.);
#654=ORIENTED_EDGE('',*,*,#3455,.T.);
#655=ORIENTED_EDGE('',*,*,#3569,.F.);
#656=ORIENTED_EDGE('',*,*,#3460,.F.);
#657=ORIENTED_EDGE('',*,*,#3570,.T.);
#658=ORIENTED_EDGE('',*,*,#3465,.T.);
#659=ORIENTED_EDGE('',*,*,#3571,.F.);
#660=ORIENTED_EDGE('',*,*,#3470,.F.);
#661=ORIENTED_EDGE('',*,*,#3572,.T.);
#662=ORIENTED_EDGE('',*,*,#3475,.T.);
#663=ORIENTED_EDGE('',*,*,#3573,.F.);
#664=ORIENTED_EDGE('',*,*,#3480,.F.);
#665=ORIENTED_EDGE('',*,*,#3574,.T.);
#666=ORIENTED_EDGE('',*,*,#3485,.T.);
#667=ORIENTED_EDGE('',*,*,#3575,.F.);
#668=ORIENTED_EDGE('',*,*,#3490,.F.);
#669=ORIENTED_EDGE('',*,*,#3576,.T.);
#670=ORIENTED_EDGE('',*,*,#3495,.T.);
#671=ORIENTED_EDGE('',*,*,#3577,.F.);
#672=ORIENTED_EDGE('',*,*,#3500,.F.);
#673=ORIENTED_EDGE('',*,*,#3578,.T.);
#674=ORIENTED_EDGE('',*,*,#3505,.T.);
#675=ORIENTED_EDGE('',*,*,#3579,.F.);
#676=ORIENTED_EDGE('',*,*,#3510,.F.);
#677=ORIENTED_EDGE('',*,*,#3580,.T.);
#678=ORIENTED_EDGE('',*,*,#3515,.T.);
#679=ORIENTED_EDGE('',*,*,#3581,.F.);
#680=ORIENTED_EDGE('',*,*,#3520,.F.);
#681=ORIENTED_EDGE('',*,*,#3582,.T.);
#682=ORIENTED_EDGE('',*,*,#3525,.T.);
#683=ORIENTED_EDGE('',*,*,#3583,.F.);
#684=ORIENTED_EDGE('',*,*,#3530,.F.);
#685=ORIENTED_EDGE('',*,*,#3584,.T.);
#686=ORIENTED_EDGE('',*,*,#3535,.T.);
#687=ORIENTED_EDGE('',*,*,#3585,.F.);
#688=ORIENTED_EDGE('',*,*,#3540,.F.);
#689=ORIENTED_EDGE('',*,*,#3586,.T.);
#690=ORIENTED_EDGE('',*,*,#3545,.T.);
#691=ORIENTED_EDGE('',*,*,#3539,.F.);
#692=ORIENTED_EDGE('',*,*,#3543,.F.);
#693=ORIENTED_EDGE('',*,*,#3546,.F.);
#694=ORIENTED_EDGE('',*,*,#3586,.F.);
#695=ORIENTED_EDGE('',*,*,#3529,.F.);
#696=ORIENTED_EDGE('',*,*,#3533,.F.);
#697=ORIENTED_EDGE('',*,*,#3536,.F.);
#698=ORIENTED_EDGE('',*,*,#3584,.F.);
#699=ORIENTED_EDGE('',*,*,#3519,.F.);
#700=ORIENTED_EDGE('',*,*,#3523,.F.);
#701=ORIENTED_EDGE('',*,*,#3526,.F.);
#702=ORIENTED_EDGE('',*,*,#3582,.F.);
#703=ORIENTED_EDGE('',*,*,#3509,.F.);
#704=ORIENTED_EDGE('',*,*,#3513,.F.);
#705=ORIENTED_EDGE('',*,*,#3516,.F.);
#706=ORIENTED_EDGE('',*,*,#3580,.F.);
#707=ORIENTED_EDGE('',*,*,#3499,.F.);
#708=ORIENTED_EDGE('',*,*,#3503,.F.);
#709=ORIENTED_EDGE('',*,*,#3506,.F.);
#710=ORIENTED_EDGE('',*,*,#3578,.F.);
#711=ORIENTED_EDGE('',*,*,#3489,.F.);
#712=ORIENTED_EDGE('',*,*,#3493,.F.);
#713=ORIENTED_EDGE('',*,*,#3496,.F.);
#714=ORIENTED_EDGE('',*,*,#3576,.F.);
#715=ORIENTED_EDGE('',*,*,#3479,.F.);
#716=ORIENTED_EDGE('',*,*,#3483,.F.);
#717=ORIENTED_EDGE('',*,*,#3486,.F.);
#718=ORIENTED_EDGE('',*,*,#3574,.F.);
#719=ORIENTED_EDGE('',*,*,#3469,.F.);
#720=ORIENTED_EDGE('',*,*,#3473,.F.);
#721=ORIENTED_EDGE('',*,*,#3476,.F.);
#722=ORIENTED_EDGE('',*,*,#3572,.F.);
#723=ORIENTED_EDGE('',*,*,#3459,.F.);
#724=ORIENTED_EDGE('',*,*,#3463,.F.);
#725=ORIENTED_EDGE('',*,*,#3466,.F.);
#726=ORIENTED_EDGE('',*,*,#3570,.F.);
#727=ORIENTED_EDGE('',*,*,#3449,.F.);
#728=ORIENTED_EDGE('',*,*,#3453,.F.);
#729=ORIENTED_EDGE('',*,*,#3456,.F.);
#730=ORIENTED_EDGE('',*,*,#3568,.F.);
#731=ORIENTED_EDGE('',*,*,#3439,.F.);
#732=ORIENTED_EDGE('',*,*,#3443,.F.);
#733=ORIENTED_EDGE('',*,*,#3446,.F.);
#734=ORIENTED_EDGE('',*,*,#3566,.F.);
#735=ORIENTED_EDGE('',*,*,#3429,.F.);
#736=ORIENTED_EDGE('',*,*,#3433,.F.);
#737=ORIENTED_EDGE('',*,*,#3436,.F.);
#738=ORIENTED_EDGE('',*,*,#3564,.F.);
#739=ORIENTED_EDGE('',*,*,#3419,.F.);
#740=ORIENTED_EDGE('',*,*,#3423,.F.);
#741=ORIENTED_EDGE('',*,*,#3426,.F.);
#742=ORIENTED_EDGE('',*,*,#3562,.F.);
#743=ORIENTED_EDGE('',*,*,#3409,.F.);
#744=ORIENTED_EDGE('',*,*,#3413,.F.);
#745=ORIENTED_EDGE('',*,*,#3416,.F.);
#746=ORIENTED_EDGE('',*,*,#3560,.F.);
#747=ORIENTED_EDGE('',*,*,#3399,.F.);
#748=ORIENTED_EDGE('',*,*,#3403,.F.);
#749=ORIENTED_EDGE('',*,*,#3406,.F.);
#750=ORIENTED_EDGE('',*,*,#3558,.F.);
#751=ORIENTED_EDGE('',*,*,#3389,.F.);
#752=ORIENTED_EDGE('',*,*,#3393,.F.);
#753=ORIENTED_EDGE('',*,*,#3396,.F.);
#754=ORIENTED_EDGE('',*,*,#3556,.F.);
#755=ORIENTED_EDGE('',*,*,#3379,.F.);
#756=ORIENTED_EDGE('',*,*,#3383,.F.);
#757=ORIENTED_EDGE('',*,*,#3386,.F.);
#758=ORIENTED_EDGE('',*,*,#3554,.F.);
#759=ORIENTED_EDGE('',*,*,#3369,.F.);
#760=ORIENTED_EDGE('',*,*,#3373,.F.);
#761=ORIENTED_EDGE('',*,*,#3376,.F.);
#762=ORIENTED_EDGE('',*,*,#3552,.F.);
#763=ORIENTED_EDGE('',*,*,#3359,.F.);
#764=ORIENTED_EDGE('',*,*,#3363,.F.);
#765=ORIENTED_EDGE('',*,*,#3366,.F.);
#766=ORIENTED_EDGE('',*,*,#3550,.F.);
#767=ORIENTED_EDGE('',*,*,#3349,.F.);
#768=ORIENTED_EDGE('',*,*,#3353,.F.);
#769=ORIENTED_EDGE('',*,*,#3356,.F.);
#770=ORIENTED_EDGE('',*,*,#3548,.F.);
#771=ORIENTED_EDGE('',*,*,#3242,.T.);
#772=ORIENTED_EDGE('',*,*,#3343,.T.);
#773=ORIENTED_EDGE('',*,*,#3246,.T.);
#774=ORIENTED_EDGE('',*,*,#3346,.T.);
#775=ORIENTED_EDGE('',*,*,#3541,.T.);
#776=ORIENTED_EDGE('',*,*,#3537,.T.);
#777=ORIENTED_EDGE('',*,*,#3585,.T.);
#778=ORIENTED_EDGE('',*,*,#3544,.T.);
#779=ORIENTED_EDGE('',*,*,#3531,.T.);
#780=ORIENTED_EDGE('',*,*,#3527,.T.);
#781=ORIENTED_EDGE('',*,*,#3583,.T.);
#782=ORIENTED_EDGE('',*,*,#3534,.T.);
#783=ORIENTED_EDGE('',*,*,#3521,.T.);
#784=ORIENTED_EDGE('',*,*,#3517,.T.);
#785=ORIENTED_EDGE('',*,*,#3581,.T.);
#786=ORIENTED_EDGE('',*,*,#3524,.T.);
#787=ORIENTED_EDGE('',*,*,#3511,.T.);
#788=ORIENTED_EDGE('',*,*,#3507,.T.);
#789=ORIENTED_EDGE('',*,*,#3579,.T.);
#790=ORIENTED_EDGE('',*,*,#3514,.T.);
#791=ORIENTED_EDGE('',*,*,#3501,.T.);
#792=ORIENTED_EDGE('',*,*,#3497,.T.);
#793=ORIENTED_EDGE('',*,*,#3577,.T.);
#794=ORIENTED_EDGE('',*,*,#3504,.T.);
#795=ORIENTED_EDGE('',*,*,#3491,.T.);
#796=ORIENTED_EDGE('',*,*,#3487,.T.);
#797=ORIENTED_EDGE('',*,*,#3575,.T.);
#798=ORIENTED_EDGE('',*,*,#3494,.T.);
#799=ORIENTED_EDGE('',*,*,#3481,.T.);
#800=ORIENTED_EDGE('',*,*,#3477,.T.);
#801=ORIENTED_EDGE('',*,*,#3573,.T.);
#802=ORIENTED_EDGE('',*,*,#3484,.T.);
#803=ORIENTED_EDGE('',*,*,#3471,.T.);
#804=ORIENTED_EDGE('',*,*,#3467,.T.);
#805=ORIENTED_EDGE('',*,*,#3571,.T.);
#806=ORIENTED_EDGE('',*,*,#3474,.T.);
#807=ORIENTED_EDGE('',*,*,#3461,.T.);
#808=ORIENTED_EDGE('',*,*,#3457,.T.);
#809=ORIENTED_EDGE('',*,*,#3569,.T.);
#810=ORIENTED_EDGE('',*,*,#3464,.T.);
#811=ORIENTED_EDGE('',*,*,#3451,.T.);
#812=ORIENTED_EDGE('',*,*,#3447,.T.);
#813=ORIENTED_EDGE('',*,*,#3567,.T.);
#814=ORIENTED_EDGE('',*,*,#3454,.T.);
#815=ORIENTED_EDGE('',*,*,#3441,.T.);
#816=ORIENTED_EDGE('',*,*,#3437,.T.);
#817=ORIENTED_EDGE('',*,*,#3565,.T.);
#818=ORIENTED_EDGE('',*,*,#3444,.T.);
#819=ORIENTED_EDGE('',*,*,#3431,.T.);
#820=ORIENTED_EDGE('',*,*,#3427,.T.);
#821=ORIENTED_EDGE('',*,*,#3563,.T.);
#822=ORIENTED_EDGE('',*,*,#3434,.T.);
#823=ORIENTED_EDGE('',*,*,#3421,.T.);
#824=ORIENTED_EDGE('',*,*,#3417,.T.);
#825=ORIENTED_EDGE('',*,*,#3561,.T.);
#826=ORIENTED_EDGE('',*,*,#3424,.T.);
#827=ORIENTED_EDGE('',*,*,#3411,.T.);
#828=ORIENTED_EDGE('',*,*,#3407,.T.);
#829=ORIENTED_EDGE('',*,*,#3559,.T.);
#830=ORIENTED_EDGE('',*,*,#3414,.T.);
#831=ORIENTED_EDGE('',*,*,#3401,.T.);
#832=ORIENTED_EDGE('',*,*,#3397,.T.);
#833=ORIENTED_EDGE('',*,*,#3557,.T.);
#834=ORIENTED_EDGE('',*,*,#3404,.T.);
#835=ORIENTED_EDGE('',*,*,#3391,.T.);
#836=ORIENTED_EDGE('',*,*,#3387,.T.);
#837=ORIENTED_EDGE('',*,*,#3555,.T.);
#838=ORIENTED_EDGE('',*,*,#3394,.T.);
#839=ORIENTED_EDGE('',*,*,#3381,.T.);
#840=ORIENTED_EDGE('',*,*,#3377,.T.);
#841=ORIENTED_EDGE('',*,*,#3553,.T.);
#842=ORIENTED_EDGE('',*,*,#3384,.T.);
#843=ORIENTED_EDGE('',*,*,#3371,.T.);
#844=ORIENTED_EDGE('',*,*,#3367,.T.);
#845=ORIENTED_EDGE('',*,*,#3551,.T.);
#846=ORIENTED_EDGE('',*,*,#3374,.T.);
#847=ORIENTED_EDGE('',*,*,#3361,.T.);
#848=ORIENTED_EDGE('',*,*,#3357,.T.);
#849=ORIENTED_EDGE('',*,*,#3549,.T.);
#850=ORIENTED_EDGE('',*,*,#3364,.T.);
#851=ORIENTED_EDGE('',*,*,#3351,.T.);
#852=ORIENTED_EDGE('',*,*,#3347,.T.);
#853=ORIENTED_EDGE('',*,*,#3547,.T.);
#854=ORIENTED_EDGE('',*,*,#3354,.T.);
#855=ORIENTED_EDGE('',*,*,#3587,.F.);
#856=ORIENTED_EDGE('',*,*,#3338,.F.);
#857=ORIENTED_EDGE('',*,*,#3588,.T.);
#858=ORIENTED_EDGE('',*,*,#3236,.F.);
#859=ORIENTED_EDGE('',*,*,#3589,.F.);
#860=ORIENTED_EDGE('',*,*,#3335,.F.);
#861=ORIENTED_EDGE('',*,*,#3590,.T.);
#862=ORIENTED_EDGE('',*,*,#3233,.F.);
#863=ORIENTED_EDGE('',*,*,#3591,.F.);
#864=ORIENTED_EDGE('',*,*,#3332,.F.);
#865=ORIENTED_EDGE('',*,*,#3592,.T.);
#866=ORIENTED_EDGE('',*,*,#3230,.F.);
#867=ORIENTED_EDGE('',*,*,#3593,.F.);
#868=ORIENTED_EDGE('',*,*,#3329,.F.);
#869=ORIENTED_EDGE('',*,*,#3594,.T.);
#870=ORIENTED_EDGE('',*,*,#3227,.F.);
#871=ORIENTED_EDGE('',*,*,#3595,.F.);
#872=ORIENTED_EDGE('',*,*,#3326,.F.);
#873=ORIENTED_EDGE('',*,*,#3596,.T.);
#874=ORIENTED_EDGE('',*,*,#3224,.F.);
#875=ORIENTED_EDGE('',*,*,#3597,.F.);
#876=ORIENTED_EDGE('',*,*,#3323,.F.);
#877=ORIENTED_EDGE('',*,*,#3598,.T.);
#878=ORIENTED_EDGE('',*,*,#3221,.F.);
#879=ORIENTED_EDGE('',*,*,#3599,.F.);
#880=ORIENTED_EDGE('',*,*,#3320,.F.);
#881=ORIENTED_EDGE('',*,*,#3600,.T.);
#882=ORIENTED_EDGE('',*,*,#3218,.F.);
#883=ORIENTED_EDGE('',*,*,#3601,.F.);
#884=ORIENTED_EDGE('',*,*,#3317,.F.);
#885=ORIENTED_EDGE('',*,*,#3602,.T.);
#886=ORIENTED_EDGE('',*,*,#3215,.F.);
#887=ORIENTED_EDGE('',*,*,#3603,.F.);
#888=ORIENTED_EDGE('',*,*,#3314,.F.);
#889=ORIENTED_EDGE('',*,*,#3604,.T.);
#890=ORIENTED_EDGE('',*,*,#3212,.F.);
#891=ORIENTED_EDGE('',*,*,#3605,.F.);
#892=ORIENTED_EDGE('',*,*,#3310,.F.);
#893=ORIENTED_EDGE('',*,*,#3345,.T.);
#894=ORIENTED_EDGE('',*,*,#3278,.T.);
#895=ORIENTED_EDGE('',*,*,#3606,.F.);
#896=ORIENTED_EDGE('',*,*,#3276,.T.);
#897=ORIENTED_EDGE('',*,*,#3607,.T.);
#898=ORIENTED_EDGE('',*,*,#3280,.T.);
#899=ORIENTED_EDGE('',*,*,#3608,.F.);
#900=ORIENTED_EDGE('',*,*,#3273,.T.);
#901=ORIENTED_EDGE('',*,*,#3609,.T.);
#902=ORIENTED_EDGE('',*,*,#3283,.T.);
#903=ORIENTED_EDGE('',*,*,#3610,.F.);
#904=ORIENTED_EDGE('',*,*,#3270,.T.);
#905=ORIENTED_EDGE('',*,*,#3611,.T.);
#906=ORIENTED_EDGE('',*,*,#3286,.T.);
#907=ORIENTED_EDGE('',*,*,#3612,.F.);
#908=ORIENTED_EDGE('',*,*,#3267,.T.);
#909=ORIENTED_EDGE('',*,*,#3613,.T.);
#910=ORIENTED_EDGE('',*,*,#3289,.T.);
#911=ORIENTED_EDGE('',*,*,#3614,.F.);
#912=ORIENTED_EDGE('',*,*,#3264,.T.);
#913=ORIENTED_EDGE('',*,*,#3615,.T.);
#914=ORIENTED_EDGE('',*,*,#3292,.T.);
#915=ORIENTED_EDGE('',*,*,#3616,.F.);
#916=ORIENTED_EDGE('',*,*,#3261,.T.);
#917=ORIENTED_EDGE('',*,*,#3617,.T.);
#918=ORIENTED_EDGE('',*,*,#3295,.T.);
#919=ORIENTED_EDGE('',*,*,#3618,.F.);
#920=ORIENTED_EDGE('',*,*,#3258,.T.);
#921=ORIENTED_EDGE('',*,*,#3619,.T.);
#922=ORIENTED_EDGE('',*,*,#3298,.T.);
#923=ORIENTED_EDGE('',*,*,#3620,.F.);
#924=ORIENTED_EDGE('',*,*,#3255,.T.);
#925=ORIENTED_EDGE('',*,*,#3621,.T.);
#926=ORIENTED_EDGE('',*,*,#3301,.T.);
#927=ORIENTED_EDGE('',*,*,#3622,.F.);
#928=ORIENTED_EDGE('',*,*,#3252,.T.);
#929=ORIENTED_EDGE('',*,*,#3623,.T.);
#930=ORIENTED_EDGE('',*,*,#3304,.T.);
#931=ORIENTED_EDGE('',*,*,#3624,.F.);
#932=ORIENTED_EDGE('',*,*,#3249,.T.);
#933=ORIENTED_EDGE('',*,*,#3625,.T.);
#934=ORIENTED_EDGE('',*,*,#3307,.T.);
#935=ORIENTED_EDGE('',*,*,#3344,.F.);
#936=ORIENTED_EDGE('',*,*,#3341,.F.);
#937=ORIENTED_EDGE('',*,*,#3626,.T.);
#938=ORIENTED_EDGE('',*,*,#3239,.F.);
#939=ORIENTED_EDGE('',*,*,#3207,.T.);
#940=ORIENTED_EDGE('',*,*,#3240,.F.);
#941=ORIENTED_EDGE('',*,*,#3626,.F.);
#942=ORIENTED_EDGE('',*,*,#3340,.F.);
#943=ORIENTED_EDGE('',*,*,#3587,.T.);
#944=ORIENTED_EDGE('',*,*,#3238,.F.);
#945=ORIENTED_EDGE('',*,*,#3205,.F.);
#946=ORIENTED_EDGE('',*,*,#3339,.F.);
#947=ORIENTED_EDGE('',*,*,#3203,.T.);
#948=ORIENTED_EDGE('',*,*,#3237,.F.);
#949=ORIENTED_EDGE('',*,*,#3588,.F.);
#950=ORIENTED_EDGE('',*,*,#3337,.F.);
#951=ORIENTED_EDGE('',*,*,#3589,.T.);
#952=ORIENTED_EDGE('',*,*,#3235,.F.);
#953=ORIENTED_EDGE('',*,*,#3201,.F.);
#954=ORIENTED_EDGE('',*,*,#3336,.F.);
#955=ORIENTED_EDGE('',*,*,#3199,.T.);
#956=ORIENTED_EDGE('',*,*,#3234,.F.);
#957=ORIENTED_EDGE('',*,*,#3590,.F.);
#958=ORIENTED_EDGE('',*,*,#3334,.F.);
#959=ORIENTED_EDGE('',*,*,#3591,.T.);
#960=ORIENTED_EDGE('',*,*,#3232,.F.);
#961=ORIENTED_EDGE('',*,*,#3197,.F.);
#962=ORIENTED_EDGE('',*,*,#3333,.F.);
#963=ORIENTED_EDGE('',*,*,#3195,.T.);
#964=ORIENTED_EDGE('',*,*,#3231,.F.);
#965=ORIENTED_EDGE('',*,*,#3592,.F.);
#966=ORIENTED_EDGE('',*,*,#3331,.F.);
#967=ORIENTED_EDGE('',*,*,#3593,.T.);
#968=ORIENTED_EDGE('',*,*,#3229,.F.);
#969=ORIENTED_EDGE('',*,*,#3193,.F.);
#970=ORIENTED_EDGE('',*,*,#3330,.F.);
#971=ORIENTED_EDGE('',*,*,#3191,.T.);
#972=ORIENTED_EDGE('',*,*,#3228,.F.);
#973=ORIENTED_EDGE('',*,*,#3594,.F.);
#974=ORIENTED_EDGE('',*,*,#3328,.F.);
#975=ORIENTED_EDGE('',*,*,#3595,.T.);
#976=ORIENTED_EDGE('',*,*,#3226,.F.);
#977=ORIENTED_EDGE('',*,*,#3189,.F.);
#978=ORIENTED_EDGE('',*,*,#3327,.F.);
#979=ORIENTED_EDGE('',*,*,#3187,.T.);
#980=ORIENTED_EDGE('',*,*,#3225,.F.);
#981=ORIENTED_EDGE('',*,*,#3596,.F.);
#982=ORIENTED_EDGE('',*,*,#3325,.F.);
#983=ORIENTED_EDGE('',*,*,#3597,.T.);
#984=ORIENTED_EDGE('',*,*,#3223,.F.);
#985=ORIENTED_EDGE('',*,*,#3185,.F.);
#986=ORIENTED_EDGE('',*,*,#3324,.F.);
#987=ORIENTED_EDGE('',*,*,#3183,.T.);
#988=ORIENTED_EDGE('',*,*,#3222,.F.);
#989=ORIENTED_EDGE('',*,*,#3598,.F.);
#990=ORIENTED_EDGE('',*,*,#3322,.F.);
#991=ORIENTED_EDGE('',*,*,#3599,.T.);
#992=ORIENTED_EDGE('',*,*,#3220,.F.);
#993=ORIENTED_EDGE('',*,*,#3181,.F.);
#994=ORIENTED_EDGE('',*,*,#3321,.F.);
#995=ORIENTED_EDGE('',*,*,#3179,.T.);
#996=ORIENTED_EDGE('',*,*,#3219,.F.);
#997=ORIENTED_EDGE('',*,*,#3600,.F.);
#998=ORIENTED_EDGE('',*,*,#3319,.F.);
#999=ORIENTED_EDGE('',*,*,#3601,.T.);
#1000=ORIENTED_EDGE('',*,*,#3217,.F.);
#1001=ORIENTED_EDGE('',*,*,#3177,.F.);
#1002=ORIENTED_EDGE('',*,*,#3318,.F.);
#1003=ORIENTED_EDGE('',*,*,#3175,.T.);
#1004=ORIENTED_EDGE('',*,*,#3216,.F.);
#1005=ORIENTED_EDGE('',*,*,#3602,.F.);
#1006=ORIENTED_EDGE('',*,*,#3316,.F.);
#1007=ORIENTED_EDGE('',*,*,#3603,.T.);
#1008=ORIENTED_EDGE('',*,*,#3214,.F.);
#1009=ORIENTED_EDGE('',*,*,#3173,.F.);
#1010=ORIENTED_EDGE('',*,*,#3315,.F.);
#1011=ORIENTED_EDGE('',*,*,#3171,.T.);
#1012=ORIENTED_EDGE('',*,*,#3213,.F.);
#1013=ORIENTED_EDGE('',*,*,#3604,.F.);
#1014=ORIENTED_EDGE('',*,*,#3313,.F.);
#1015=ORIENTED_EDGE('',*,*,#3605,.T.);
#1016=ORIENTED_EDGE('',*,*,#3211,.F.);
#1017=ORIENTED_EDGE('',*,*,#3167,.F.);
#1018=ORIENTED_EDGE('',*,*,#3311,.F.);
#1019=ORIENTED_EDGE('',*,*,#3625,.F.);
#1020=ORIENTED_EDGE('',*,*,#3248,.T.);
#1021=ORIENTED_EDGE('',*,*,#3163,.T.);
#1022=ORIENTED_EDGE('',*,*,#3308,.F.);
#1023=ORIENTED_EDGE('',*,*,#3161,.F.);
#1024=ORIENTED_EDGE('',*,*,#3250,.T.);
#1025=ORIENTED_EDGE('',*,*,#3624,.T.);
#1026=ORIENTED_EDGE('',*,*,#3306,.F.);
#1027=ORIENTED_EDGE('',*,*,#3623,.F.);
#1028=ORIENTED_EDGE('',*,*,#3251,.T.);
#1029=ORIENTED_EDGE('',*,*,#3159,.T.);
#1030=ORIENTED_EDGE('',*,*,#3305,.F.);
#1031=ORIENTED_EDGE('',*,*,#3157,.F.);
#1032=ORIENTED_EDGE('',*,*,#3253,.T.);
#1033=ORIENTED_EDGE('',*,*,#3622,.T.);
#1034=ORIENTED_EDGE('',*,*,#3303,.F.);
#1035=ORIENTED_EDGE('',*,*,#3621,.F.);
#1036=ORIENTED_EDGE('',*,*,#3254,.T.);
#1037=ORIENTED_EDGE('',*,*,#3155,.T.);
#1038=ORIENTED_EDGE('',*,*,#3302,.F.);
#1039=ORIENTED_EDGE('',*,*,#3153,.F.);
#1040=ORIENTED_EDGE('',*,*,#3256,.T.);
#1041=ORIENTED_EDGE('',*,*,#3620,.T.);
#1042=ORIENTED_EDGE('',*,*,#3300,.F.);
#1043=ORIENTED_EDGE('',*,*,#3619,.F.);
#1044=ORIENTED_EDGE('',*,*,#3257,.T.);
#1045=ORIENTED_EDGE('',*,*,#3151,.T.);
#1046=ORIENTED_EDGE('',*,*,#3299,.F.);
#1047=ORIENTED_EDGE('',*,*,#3149,.F.);
#1048=ORIENTED_EDGE('',*,*,#3259,.T.);
#1049=ORIENTED_EDGE('',*,*,#3618,.T.);
#1050=ORIENTED_EDGE('',*,*,#3297,.F.);
#1051=ORIENTED_EDGE('',*,*,#3617,.F.);
#1052=ORIENTED_EDGE('',*,*,#3260,.T.);
#1053=ORIENTED_EDGE('',*,*,#3147,.T.);
#1054=ORIENTED_EDGE('',*,*,#3296,.F.);
#1055=ORIENTED_EDGE('',*,*,#3145,.F.);
#1056=ORIENTED_EDGE('',*,*,#3262,.T.);
#1057=ORIENTED_EDGE('',*,*,#3616,.T.);
#1058=ORIENTED_EDGE('',*,*,#3294,.F.);
#1059=ORIENTED_EDGE('',*,*,#3615,.F.);
#1060=ORIENTED_EDGE('',*,*,#3263,.T.);
#1061=ORIENTED_EDGE('',*,*,#3143,.T.);
#1062=ORIENTED_EDGE('',*,*,#3293,.F.);
#1063=ORIENTED_EDGE('',*,*,#3141,.F.);
#1064=ORIENTED_EDGE('',*,*,#3265,.T.);
#1065=ORIENTED_EDGE('',*,*,#3614,.T.);
#1066=ORIENTED_EDGE('',*,*,#3291,.F.);
#1067=ORIENTED_EDGE('',*,*,#3613,.F.);
#1068=ORIENTED_EDGE('',*,*,#3266,.T.);
#1069=ORIENTED_EDGE('',*,*,#3139,.T.);
#1070=ORIENTED_EDGE('',*,*,#3290,.F.);
#1071=ORIENTED_EDGE('',*,*,#3137,.F.);
#1072=ORIENTED_EDGE('',*,*,#3268,.T.);
#1073=ORIENTED_EDGE('',*,*,#3612,.T.);
#1074=ORIENTED_EDGE('',*,*,#3288,.F.);
#1075=ORIENTED_EDGE('',*,*,#3611,.F.);
#1076=ORIENTED_EDGE('',*,*,#3269,.T.);
#1077=ORIENTED_EDGE('',*,*,#3135,.T.);
#1078=ORIENTED_EDGE('',*,*,#3287,.F.);
#1079=ORIENTED_EDGE('',*,*,#3133,.F.);
#1080=ORIENTED_EDGE('',*,*,#3271,.T.);
#1081=ORIENTED_EDGE('',*,*,#3610,.T.);
#1082=ORIENTED_EDGE('',*,*,#3285,.F.);
#1083=ORIENTED_EDGE('',*,*,#3609,.F.);
#1084=ORIENTED_EDGE('',*,*,#3272,.T.);
#1085=ORIENTED_EDGE('',*,*,#3131,.T.);
#1086=ORIENTED_EDGE('',*,*,#3284,.F.);
#1087=ORIENTED_EDGE('',*,*,#3129,.F.);
#1088=ORIENTED_EDGE('',*,*,#3274,.T.);
#1089=ORIENTED_EDGE('',*,*,#3608,.T.);
#1090=ORIENTED_EDGE('',*,*,#3282,.F.);
#1091=ORIENTED_EDGE('',*,*,#3123,.F.);
#1092=ORIENTED_EDGE('',*,*,#3244,.T.);
#1093=ORIENTED_EDGE('',*,*,#3606,.T.);
#1094=ORIENTED_EDGE('',*,*,#3277,.F.);
#1095=ORIENTED_EDGE('',*,*,#3607,.F.);
#1096=ORIENTED_EDGE('',*,*,#3275,.T.);
#1097=ORIENTED_EDGE('',*,*,#3127,.T.);
#1098=ORIENTED_EDGE('',*,*,#3281,.F.);
#1099=ORIENTED_EDGE('',*,*,#3627,.F.);
#1100=ORIENTED_EDGE('',*,*,#3628,.F.);
#1101=ORIENTED_EDGE('',*,*,#3629,.F.);
#1102=ORIENTED_EDGE('',*,*,#3630,.F.);
#1103=ORIENTED_EDGE('',*,*,#3631,.F.);
#1104=ORIENTED_EDGE('',*,*,#3632,.F.);
#1105=ORIENTED_EDGE('',*,*,#3633,.F.);
#1106=ORIENTED_EDGE('',*,*,#3634,.T.);
#1107=ORIENTED_EDGE('',*,*,#3635,.T.);
#1108=ORIENTED_EDGE('',*,*,#3636,.F.);
#1109=ORIENTED_EDGE('',*,*,#3637,.F.);
#1110=ORIENTED_EDGE('',*,*,#3638,.T.);
#1111=ORIENTED_EDGE('',*,*,#3639,.T.);
#1112=ORIENTED_EDGE('',*,*,#3634,.F.);
#1113=ORIENTED_EDGE('',*,*,#3640,.F.);
#1114=ORIENTED_EDGE('',*,*,#3641,.T.);
#1115=ORIENTED_EDGE('',*,*,#3642,.T.);
#1116=ORIENTED_EDGE('',*,*,#3638,.F.);
#1117=ORIENTED_EDGE('',*,*,#3643,.F.);
#1118=ORIENTED_EDGE('',*,*,#3644,.F.);
#1119=ORIENTED_EDGE('',*,*,#3645,.F.);
#1120=ORIENTED_EDGE('',*,*,#3646,.F.);
#1121=ORIENTED_EDGE('',*,*,#3647,.F.);
#1122=ORIENTED_EDGE('',*,*,#3648,.F.);
#1123=ORIENTED_EDGE('',*,*,#3649,.F.);
#1124=ORIENTED_EDGE('',*,*,#3650,.F.);
#1125=ORIENTED_EDGE('',*,*,#3651,.F.);
#1126=ORIENTED_EDGE('',*,*,#3652,.F.);
#1127=ORIENTED_EDGE('',*,*,#3653,.F.);
#1128=ORIENTED_EDGE('',*,*,#3654,.F.);
#1129=ORIENTED_EDGE('',*,*,#3655,.F.);
#1130=ORIENTED_EDGE('',*,*,#3656,.T.);
#1131=ORIENTED_EDGE('',*,*,#3657,.T.);
#1132=ORIENTED_EDGE('',*,*,#3658,.F.);
#1133=ORIENTED_EDGE('',*,*,#3659,.F.);
#1134=ORIENTED_EDGE('',*,*,#3660,.T.);
#1135=ORIENTED_EDGE('',*,*,#3661,.T.);
#1136=ORIENTED_EDGE('',*,*,#3656,.F.);
#1137=ORIENTED_EDGE('',*,*,#3662,.F.);
#1138=ORIENTED_EDGE('',*,*,#3663,.T.);
#1139=ORIENTED_EDGE('',*,*,#3664,.T.);
#1140=ORIENTED_EDGE('',*,*,#3660,.F.);
#1141=ORIENTED_EDGE('',*,*,#3665,.F.);
#1142=ORIENTED_EDGE('',*,*,#3666,.F.);
#1143=ORIENTED_EDGE('',*,*,#3667,.F.);
#1144=ORIENTED_EDGE('',*,*,#3668,.F.);
#1145=ORIENTED_EDGE('',*,*,#3669,.F.);
#1146=ORIENTED_EDGE('',*,*,#3670,.F.);
#1147=ORIENTED_EDGE('',*,*,#3671,.F.);
#1148=ORIENTED_EDGE('',*,*,#3672,.F.);
#1149=ORIENTED_EDGE('',*,*,#3673,.F.);
#1150=ORIENTED_EDGE('',*,*,#3674,.F.);
#1151=ORIENTED_EDGE('',*,*,#3675,.F.);
#1152=ORIENTED_EDGE('',*,*,#3676,.F.);
#1153=ORIENTED_EDGE('',*,*,#3677,.F.);
#1154=ORIENTED_EDGE('',*,*,#3678,.T.);
#1155=ORIENTED_EDGE('',*,*,#3679,.T.);
#1156=ORIENTED_EDGE('',*,*,#3680,.F.);
#1157=ORIENTED_EDGE('',*,*,#3681,.F.);
#1158=ORIENTED_EDGE('',*,*,#3682,.T.);
#1159=ORIENTED_EDGE('',*,*,#3683,.T.);
#1160=ORIENTED_EDGE('',*,*,#3678,.F.);
#1161=ORIENTED_EDGE('',*,*,#3684,.F.);
#1162=ORIENTED_EDGE('',*,*,#3685,.T.);
#1163=ORIENTED_EDGE('',*,*,#3686,.T.);
#1164=ORIENTED_EDGE('',*,*,#3682,.F.);
#1165=ORIENTED_EDGE('',*,*,#3687,.F.);
#1166=ORIENTED_EDGE('',*,*,#3688,.F.);
#1167=ORIENTED_EDGE('',*,*,#3689,.F.);
#1168=ORIENTED_EDGE('',*,*,#3690,.F.);
#1169=ORIENTED_EDGE('',*,*,#3691,.F.);
#1170=ORIENTED_EDGE('',*,*,#3692,.F.);
#1171=ORIENTED_EDGE('',*,*,#3693,.F.);
#1172=ORIENTED_EDGE('',*,*,#3694,.F.);
#1173=ORIENTED_EDGE('',*,*,#3695,.F.);
#1174=ORIENTED_EDGE('',*,*,#3696,.F.);
#1175=ORIENTED_EDGE('',*,*,#3697,.F.);
#1176=ORIENTED_EDGE('',*,*,#3698,.F.);
#1177=ORIENTED_EDGE('',*,*,#3699,.F.);
#1178=ORIENTED_EDGE('',*,*,#3700,.T.);
#1179=ORIENTED_EDGE('',*,*,#3701,.T.);
#1180=ORIENTED_EDGE('',*,*,#3702,.F.);
#1181=ORIENTED_EDGE('',*,*,#3703,.F.);
#1182=ORIENTED_EDGE('',*,*,#3704,.T.);
#1183=ORIENTED_EDGE('',*,*,#3705,.T.);
#1184=ORIENTED_EDGE('',*,*,#3700,.F.);
#1185=ORIENTED_EDGE('',*,*,#3706,.F.);
#1186=ORIENTED_EDGE('',*,*,#3707,.T.);
#1187=ORIENTED_EDGE('',*,*,#3708,.T.);
#1188=ORIENTED_EDGE('',*,*,#3704,.F.);
#1189=ORIENTED_EDGE('',*,*,#3709,.F.);
#1190=ORIENTED_EDGE('',*,*,#3710,.F.);
#1191=ORIENTED_EDGE('',*,*,#3711,.F.);
#1192=ORIENTED_EDGE('',*,*,#3712,.F.);
#1193=ORIENTED_EDGE('',*,*,#3713,.F.);
#1194=ORIENTED_EDGE('',*,*,#3714,.F.);
#1195=ORIENTED_EDGE('',*,*,#3715,.F.);
#1196=ORIENTED_EDGE('',*,*,#3716,.F.);
#1197=ORIENTED_EDGE('',*,*,#3717,.F.);
#1198=ORIENTED_EDGE('',*,*,#3718,.F.);
#1199=ORIENTED_EDGE('',*,*,#3719,.F.);
#1200=ORIENTED_EDGE('',*,*,#3720,.F.);
#1201=ORIENTED_EDGE('',*,*,#3721,.F.);
#1202=ORIENTED_EDGE('',*,*,#3722,.T.);
#1203=ORIENTED_EDGE('',*,*,#3723,.T.);
#1204=ORIENTED_EDGE('',*,*,#3724,.F.);
#1205=ORIENTED_EDGE('',*,*,#3725,.F.);
#1206=ORIENTED_EDGE('',*,*,#3726,.T.);
#1207=ORIENTED_EDGE('',*,*,#3727,.T.);
#1208=ORIENTED_EDGE('',*,*,#3722,.F.);
#1209=ORIENTED_EDGE('',*,*,#3728,.F.);
#1210=ORIENTED_EDGE('',*,*,#3729,.T.);
#1211=ORIENTED_EDGE('',*,*,#3730,.T.);
#1212=ORIENTED_EDGE('',*,*,#3726,.F.);
#1213=ORIENTED_EDGE('',*,*,#3731,.F.);
#1214=ORIENTED_EDGE('',*,*,#3732,.F.);
#1215=ORIENTED_EDGE('',*,*,#3733,.F.);
#1216=ORIENTED_EDGE('',*,*,#3734,.F.);
#1217=ORIENTED_EDGE('',*,*,#3735,.F.);
#1218=ORIENTED_EDGE('',*,*,#3736,.F.);
#1219=ORIENTED_EDGE('',*,*,#3737,.F.);
#1220=ORIENTED_EDGE('',*,*,#3738,.F.);
#1221=ORIENTED_EDGE('',*,*,#3739,.F.);
#1222=ORIENTED_EDGE('',*,*,#3740,.F.);
#1223=ORIENTED_EDGE('',*,*,#3741,.F.);
#1224=ORIENTED_EDGE('',*,*,#3742,.F.);
#1225=ORIENTED_EDGE('',*,*,#3743,.F.);
#1226=ORIENTED_EDGE('',*,*,#3744,.T.);
#1227=ORIENTED_EDGE('',*,*,#3745,.T.);
#1228=ORIENTED_EDGE('',*,*,#3746,.F.);
#1229=ORIENTED_EDGE('',*,*,#3747,.F.);
#1230=ORIENTED_EDGE('',*,*,#3748,.T.);
#1231=ORIENTED_EDGE('',*,*,#3749,.T.);
#1232=ORIENTED_EDGE('',*,*,#3744,.F.);
#1233=ORIENTED_EDGE('',*,*,#3750,.F.);
#1234=ORIENTED_EDGE('',*,*,#3751,.T.);
#1235=ORIENTED_EDGE('',*,*,#3752,.T.);
#1236=ORIENTED_EDGE('',*,*,#3748,.F.);
#1237=ORIENTED_EDGE('',*,*,#3753,.F.);
#1238=ORIENTED_EDGE('',*,*,#3754,.F.);
#1239=ORIENTED_EDGE('',*,*,#3755,.F.);
#1240=ORIENTED_EDGE('',*,*,#3756,.F.);
#1241=ORIENTED_EDGE('',*,*,#3757,.F.);
#1242=ORIENTED_EDGE('',*,*,#3758,.F.);
#1243=ORIENTED_EDGE('',*,*,#3759,.F.);
#1244=ORIENTED_EDGE('',*,*,#3760,.F.);
#1245=ORIENTED_EDGE('',*,*,#3761,.F.);
#1246=ORIENTED_EDGE('',*,*,#3762,.F.);
#1247=ORIENTED_EDGE('',*,*,#3763,.F.);
#1248=ORIENTED_EDGE('',*,*,#3764,.F.);
#1249=ORIENTED_EDGE('',*,*,#3765,.F.);
#1250=ORIENTED_EDGE('',*,*,#3766,.T.);
#1251=ORIENTED_EDGE('',*,*,#3767,.T.);
#1252=ORIENTED_EDGE('',*,*,#3768,.F.);
#1253=ORIENTED_EDGE('',*,*,#3769,.F.);
#1254=ORIENTED_EDGE('',*,*,#3770,.T.);
#1255=ORIENTED_EDGE('',*,*,#3771,.T.);
#1256=ORIENTED_EDGE('',*,*,#3766,.F.);
#1257=ORIENTED_EDGE('',*,*,#3772,.F.);
#1258=ORIENTED_EDGE('',*,*,#3773,.T.);
#1259=ORIENTED_EDGE('',*,*,#3774,.T.);
#1260=ORIENTED_EDGE('',*,*,#3770,.F.);
#1261=ORIENTED_EDGE('',*,*,#3775,.F.);
#1262=ORIENTED_EDGE('',*,*,#3776,.F.);
#1263=ORIENTED_EDGE('',*,*,#3777,.F.);
#1264=ORIENTED_EDGE('',*,*,#3778,.F.);
#1265=ORIENTED_EDGE('',*,*,#3779,.F.);
#1266=ORIENTED_EDGE('',*,*,#3780,.F.);
#1267=ORIENTED_EDGE('',*,*,#3781,.F.);
#1268=ORIENTED_EDGE('',*,*,#3782,.F.);
#1269=ORIENTED_EDGE('',*,*,#3783,.F.);
#1270=ORIENTED_EDGE('',*,*,#3784,.F.);
#1271=ORIENTED_EDGE('',*,*,#3785,.F.);
#1272=ORIENTED_EDGE('',*,*,#3786,.F.);
#1273=ORIENTED_EDGE('',*,*,#3787,.F.);
#1274=ORIENTED_EDGE('',*,*,#3788,.T.);
#1275=ORIENTED_EDGE('',*,*,#3789,.T.);
#1276=ORIENTED_EDGE('',*,*,#3790,.F.);
#1277=ORIENTED_EDGE('',*,*,#3791,.F.);
#1278=ORIENTED_EDGE('',*,*,#3792,.T.);
#1279=ORIENTED_EDGE('',*,*,#3793,.T.);
#1280=ORIENTED_EDGE('',*,*,#3788,.F.);
#1281=ORIENTED_EDGE('',*,*,#3794,.F.);
#1282=ORIENTED_EDGE('',*,*,#3795,.T.);
#1283=ORIENTED_EDGE('',*,*,#3796,.T.);
#1284=ORIENTED_EDGE('',*,*,#3792,.F.);
#1285=ORIENTED_EDGE('',*,*,#3797,.F.);
#1286=ORIENTED_EDGE('',*,*,#3798,.F.);
#1287=ORIENTED_EDGE('',*,*,#3799,.F.);
#1288=ORIENTED_EDGE('',*,*,#3800,.F.);
#1289=ORIENTED_EDGE('',*,*,#3801,.F.);
#1290=ORIENTED_EDGE('',*,*,#3802,.F.);
#1291=ORIENTED_EDGE('',*,*,#3803,.F.);
#1292=ORIENTED_EDGE('',*,*,#3804,.F.);
#1293=ORIENTED_EDGE('',*,*,#3805,.F.);
#1294=ORIENTED_EDGE('',*,*,#3806,.F.);
#1295=ORIENTED_EDGE('',*,*,#3807,.F.);
#1296=ORIENTED_EDGE('',*,*,#3808,.F.);
#1297=ORIENTED_EDGE('',*,*,#3809,.F.);
#1298=ORIENTED_EDGE('',*,*,#3810,.T.);
#1299=ORIENTED_EDGE('',*,*,#3811,.T.);
#1300=ORIENTED_EDGE('',*,*,#3812,.F.);
#1301=ORIENTED_EDGE('',*,*,#3813,.F.);
#1302=ORIENTED_EDGE('',*,*,#3814,.T.);
#1303=ORIENTED_EDGE('',*,*,#3815,.T.);
#1304=ORIENTED_EDGE('',*,*,#3810,.F.);
#1305=ORIENTED_EDGE('',*,*,#3816,.F.);
#1306=ORIENTED_EDGE('',*,*,#3817,.T.);
#1307=ORIENTED_EDGE('',*,*,#3818,.T.);
#1308=ORIENTED_EDGE('',*,*,#3814,.F.);
#1309=ORIENTED_EDGE('',*,*,#3819,.F.);
#1310=ORIENTED_EDGE('',*,*,#3820,.F.);
#1311=ORIENTED_EDGE('',*,*,#3821,.F.);
#1312=ORIENTED_EDGE('',*,*,#3822,.F.);
#1313=ORIENTED_EDGE('',*,*,#3823,.F.);
#1314=ORIENTED_EDGE('',*,*,#3824,.F.);
#1315=ORIENTED_EDGE('',*,*,#3825,.F.);
#1316=ORIENTED_EDGE('',*,*,#3826,.F.);
#1317=ORIENTED_EDGE('',*,*,#3827,.F.);
#1318=ORIENTED_EDGE('',*,*,#3828,.F.);
#1319=ORIENTED_EDGE('',*,*,#3829,.F.);
#1320=ORIENTED_EDGE('',*,*,#3830,.F.);
#1321=ORIENTED_EDGE('',*,*,#3831,.F.);
#1322=ORIENTED_EDGE('',*,*,#3832,.T.);
#1323=ORIENTED_EDGE('',*,*,#3833,.T.);
#1324=ORIENTED_EDGE('',*,*,#3834,.F.);
#1325=ORIENTED_EDGE('',*,*,#3835,.F.);
#1326=ORIENTED_EDGE('',*,*,#3836,.T.);
#1327=ORIENTED_EDGE('',*,*,#3837,.T.);
#1328=ORIENTED_EDGE('',*,*,#3832,.F.);
#1329=ORIENTED_EDGE('',*,*,#3838,.F.);
#1330=ORIENTED_EDGE('',*,*,#3839,.T.);
#1331=ORIENTED_EDGE('',*,*,#3840,.T.);
#1332=ORIENTED_EDGE('',*,*,#3836,.F.);
#1333=ORIENTED_EDGE('',*,*,#3841,.F.);
#1334=ORIENTED_EDGE('',*,*,#3842,.F.);
#1335=ORIENTED_EDGE('',*,*,#3843,.F.);
#1336=ORIENTED_EDGE('',*,*,#3844,.F.);
#1337=ORIENTED_EDGE('',*,*,#3845,.F.);
#1338=ORIENTED_EDGE('',*,*,#3846,.F.);
#1339=ORIENTED_EDGE('',*,*,#3847,.F.);
#1340=ORIENTED_EDGE('',*,*,#3848,.F.);
#1341=ORIENTED_EDGE('',*,*,#3849,.F.);
#1342=ORIENTED_EDGE('',*,*,#3850,.F.);
#1343=ORIENTED_EDGE('',*,*,#3851,.F.);
#1344=ORIENTED_EDGE('',*,*,#3852,.F.);
#1345=ORIENTED_EDGE('',*,*,#3853,.F.);
#1346=ORIENTED_EDGE('',*,*,#3854,.T.);
#1347=ORIENTED_EDGE('',*,*,#3855,.T.);
#1348=ORIENTED_EDGE('',*,*,#3856,.F.);
#1349=ORIENTED_EDGE('',*,*,#3857,.F.);
#1350=ORIENTED_EDGE('',*,*,#3858,.T.);
#1351=ORIENTED_EDGE('',*,*,#3859,.T.);
#1352=ORIENTED_EDGE('',*,*,#3854,.F.);
#1353=ORIENTED_EDGE('',*,*,#3860,.F.);
#1354=ORIENTED_EDGE('',*,*,#3861,.T.);
#1355=ORIENTED_EDGE('',*,*,#3862,.T.);
#1356=ORIENTED_EDGE('',*,*,#3858,.F.);
#1357=ORIENTED_EDGE('',*,*,#3863,.F.);
#1358=ORIENTED_EDGE('',*,*,#3864,.F.);
#1359=ORIENTED_EDGE('',*,*,#3865,.F.);
#1360=ORIENTED_EDGE('',*,*,#3866,.F.);
#1361=ORIENTED_EDGE('',*,*,#3867,.F.);
#1362=ORIENTED_EDGE('',*,*,#3868,.F.);
#1363=ORIENTED_EDGE('',*,*,#3869,.F.);
#1364=ORIENTED_EDGE('',*,*,#3870,.F.);
#1365=ORIENTED_EDGE('',*,*,#3871,.F.);
#1366=ORIENTED_EDGE('',*,*,#3872,.F.);
#1367=ORIENTED_EDGE('',*,*,#3873,.F.);
#1368=ORIENTED_EDGE('',*,*,#3874,.F.);
#1369=ORIENTED_EDGE('',*,*,#3875,.F.);
#1370=ORIENTED_EDGE('',*,*,#3876,.T.);
#1371=ORIENTED_EDGE('',*,*,#3877,.T.);
#1372=ORIENTED_EDGE('',*,*,#3878,.F.);
#1373=ORIENTED_EDGE('',*,*,#3879,.F.);
#1374=ORIENTED_EDGE('',*,*,#3880,.T.);
#1375=ORIENTED_EDGE('',*,*,#3881,.T.);
#1376=ORIENTED_EDGE('',*,*,#3876,.F.);
#1377=ORIENTED_EDGE('',*,*,#3882,.F.);
#1378=ORIENTED_EDGE('',*,*,#3883,.T.);
#1379=ORIENTED_EDGE('',*,*,#3884,.T.);
#1380=ORIENTED_EDGE('',*,*,#3880,.F.);
#1381=ORIENTED_EDGE('',*,*,#3885,.F.);
#1382=ORIENTED_EDGE('',*,*,#3886,.F.);
#1383=ORIENTED_EDGE('',*,*,#3887,.F.);
#1384=ORIENTED_EDGE('',*,*,#3888,.F.);
#1385=ORIENTED_EDGE('',*,*,#3889,.F.);
#1386=ORIENTED_EDGE('',*,*,#3890,.F.);
#1387=ORIENTED_EDGE('',*,*,#3891,.F.);
#1388=ORIENTED_EDGE('',*,*,#3892,.F.);
#1389=ORIENTED_EDGE('',*,*,#3893,.F.);
#1390=ORIENTED_EDGE('',*,*,#3894,.F.);
#1391=ORIENTED_EDGE('',*,*,#3895,.F.);
#1392=ORIENTED_EDGE('',*,*,#3896,.F.);
#1393=ORIENTED_EDGE('',*,*,#3897,.F.);
#1394=ORIENTED_EDGE('',*,*,#3898,.T.);
#1395=ORIENTED_EDGE('',*,*,#3899,.T.);
#1396=ORIENTED_EDGE('',*,*,#3900,.F.);
#1397=ORIENTED_EDGE('',*,*,#3901,.F.);
#1398=ORIENTED_EDGE('',*,*,#3902,.T.);
#1399=ORIENTED_EDGE('',*,*,#3903,.T.);
#1400=ORIENTED_EDGE('',*,*,#3898,.F.);
#1401=ORIENTED_EDGE('',*,*,#3904,.F.);
#1402=ORIENTED_EDGE('',*,*,#3905,.T.);
#1403=ORIENTED_EDGE('',*,*,#3906,.T.);
#1404=ORIENTED_EDGE('',*,*,#3902,.F.);
#1405=ORIENTED_EDGE('',*,*,#3907,.F.);
#1406=ORIENTED_EDGE('',*,*,#3908,.F.);
#1407=ORIENTED_EDGE('',*,*,#3909,.F.);
#1408=ORIENTED_EDGE('',*,*,#3910,.F.);
#1409=ORIENTED_EDGE('',*,*,#3911,.F.);
#1410=ORIENTED_EDGE('',*,*,#3912,.F.);
#1411=ORIENTED_EDGE('',*,*,#3913,.F.);
#1412=ORIENTED_EDGE('',*,*,#3914,.F.);
#1413=ORIENTED_EDGE('',*,*,#3915,.F.);
#1414=ORIENTED_EDGE('',*,*,#3916,.F.);
#1415=ORIENTED_EDGE('',*,*,#3917,.F.);
#1416=ORIENTED_EDGE('',*,*,#3918,.F.);
#1417=ORIENTED_EDGE('',*,*,#3919,.F.);
#1418=ORIENTED_EDGE('',*,*,#3920,.T.);
#1419=ORIENTED_EDGE('',*,*,#3921,.T.);
#1420=ORIENTED_EDGE('',*,*,#3922,.F.);
#1421=ORIENTED_EDGE('',*,*,#3923,.F.);
#1422=ORIENTED_EDGE('',*,*,#3924,.T.);
#1423=ORIENTED_EDGE('',*,*,#3925,.T.);
#1424=ORIENTED_EDGE('',*,*,#3920,.F.);
#1425=ORIENTED_EDGE('',*,*,#3926,.F.);
#1426=ORIENTED_EDGE('',*,*,#3927,.T.);
#1427=ORIENTED_EDGE('',*,*,#3928,.T.);
#1428=ORIENTED_EDGE('',*,*,#3924,.F.);
#1429=ORIENTED_EDGE('',*,*,#3929,.F.);
#1430=ORIENTED_EDGE('',*,*,#3930,.F.);
#1431=ORIENTED_EDGE('',*,*,#3931,.F.);
#1432=ORIENTED_EDGE('',*,*,#3932,.F.);
#1433=ORIENTED_EDGE('',*,*,#3933,.F.);
#1434=ORIENTED_EDGE('',*,*,#3934,.F.);
#1435=ORIENTED_EDGE('',*,*,#3935,.F.);
#1436=ORIENTED_EDGE('',*,*,#3936,.F.);
#1437=ORIENTED_EDGE('',*,*,#3937,.F.);
#1438=ORIENTED_EDGE('',*,*,#3938,.F.);
#1439=ORIENTED_EDGE('',*,*,#3939,.F.);
#1440=ORIENTED_EDGE('',*,*,#3940,.F.);
#1441=ORIENTED_EDGE('',*,*,#3941,.F.);
#1442=ORIENTED_EDGE('',*,*,#3942,.T.);
#1443=ORIENTED_EDGE('',*,*,#3943,.T.);
#1444=ORIENTED_EDGE('',*,*,#3944,.F.);
#1445=ORIENTED_EDGE('',*,*,#3945,.F.);
#1446=ORIENTED_EDGE('',*,*,#3946,.T.);
#1447=ORIENTED_EDGE('',*,*,#3947,.T.);
#1448=ORIENTED_EDGE('',*,*,#3942,.F.);
#1449=ORIENTED_EDGE('',*,*,#3948,.F.);
#1450=ORIENTED_EDGE('',*,*,#3949,.T.);
#1451=ORIENTED_EDGE('',*,*,#3950,.T.);
#1452=ORIENTED_EDGE('',*,*,#3946,.F.);
#1453=ORIENTED_EDGE('',*,*,#3951,.F.);
#1454=ORIENTED_EDGE('',*,*,#3952,.F.);
#1455=ORIENTED_EDGE('',*,*,#3953,.F.);
#1456=ORIENTED_EDGE('',*,*,#3954,.F.);
#1457=ORIENTED_EDGE('',*,*,#3955,.F.);
#1458=ORIENTED_EDGE('',*,*,#3956,.F.);
#1459=ORIENTED_EDGE('',*,*,#3957,.F.);
#1460=ORIENTED_EDGE('',*,*,#3958,.F.);
#1461=ORIENTED_EDGE('',*,*,#3959,.F.);
#1462=ORIENTED_EDGE('',*,*,#3960,.F.);
#1463=ORIENTED_EDGE('',*,*,#3961,.F.);
#1464=ORIENTED_EDGE('',*,*,#3962,.F.);
#1465=ORIENTED_EDGE('',*,*,#3963,.F.);
#1466=ORIENTED_EDGE('',*,*,#3964,.T.);
#1467=ORIENTED_EDGE('',*,*,#3965,.T.);
#1468=ORIENTED_EDGE('',*,*,#3966,.F.);
#1469=ORIENTED_EDGE('',*,*,#3967,.F.);
#1470=ORIENTED_EDGE('',*,*,#3968,.T.);
#1471=ORIENTED_EDGE('',*,*,#3969,.T.);
#1472=ORIENTED_EDGE('',*,*,#3964,.F.);
#1473=ORIENTED_EDGE('',*,*,#3970,.F.);
#1474=ORIENTED_EDGE('',*,*,#3971,.T.);
#1475=ORIENTED_EDGE('',*,*,#3972,.T.);
#1476=ORIENTED_EDGE('',*,*,#3968,.F.);
#1477=ORIENTED_EDGE('',*,*,#3973,.F.);
#1478=ORIENTED_EDGE('',*,*,#3974,.F.);
#1479=ORIENTED_EDGE('',*,*,#3975,.F.);
#1480=ORIENTED_EDGE('',*,*,#3976,.F.);
#1481=ORIENTED_EDGE('',*,*,#3977,.F.);
#1482=ORIENTED_EDGE('',*,*,#3978,.F.);
#1483=ORIENTED_EDGE('',*,*,#3979,.F.);
#1484=ORIENTED_EDGE('',*,*,#3980,.F.);
#1485=ORIENTED_EDGE('',*,*,#3981,.F.);
#1486=ORIENTED_EDGE('',*,*,#3982,.F.);
#1487=ORIENTED_EDGE('',*,*,#3983,.F.);
#1488=ORIENTED_EDGE('',*,*,#3984,.F.);
#1489=ORIENTED_EDGE('',*,*,#3985,.F.);
#1490=ORIENTED_EDGE('',*,*,#3986,.T.);
#1491=ORIENTED_EDGE('',*,*,#3987,.T.);
#1492=ORIENTED_EDGE('',*,*,#3988,.F.);
#1493=ORIENTED_EDGE('',*,*,#3989,.F.);
#1494=ORIENTED_EDGE('',*,*,#3990,.T.);
#1495=ORIENTED_EDGE('',*,*,#3991,.T.);
#1496=ORIENTED_EDGE('',*,*,#3986,.F.);
#1497=ORIENTED_EDGE('',*,*,#3992,.F.);
#1498=ORIENTED_EDGE('',*,*,#3993,.T.);
#1499=ORIENTED_EDGE('',*,*,#3994,.T.);
#1500=ORIENTED_EDGE('',*,*,#3990,.F.);
#1501=ORIENTED_EDGE('',*,*,#3995,.F.);
#1502=ORIENTED_EDGE('',*,*,#3996,.F.);
#1503=ORIENTED_EDGE('',*,*,#3997,.F.);
#1504=ORIENTED_EDGE('',*,*,#3998,.F.);
#1505=ORIENTED_EDGE('',*,*,#3999,.F.);
#1506=ORIENTED_EDGE('',*,*,#4000,.F.);
#1507=ORIENTED_EDGE('',*,*,#4001,.F.);
#1508=ORIENTED_EDGE('',*,*,#4002,.F.);
#1509=ORIENTED_EDGE('',*,*,#4003,.F.);
#1510=ORIENTED_EDGE('',*,*,#4004,.F.);
#1511=ORIENTED_EDGE('',*,*,#4005,.F.);
#1512=ORIENTED_EDGE('',*,*,#4006,.F.);
#1513=ORIENTED_EDGE('',*,*,#4007,.F.);
#1514=ORIENTED_EDGE('',*,*,#4008,.T.);
#1515=ORIENTED_EDGE('',*,*,#4009,.T.);
#1516=ORIENTED_EDGE('',*,*,#4010,.F.);
#1517=ORIENTED_EDGE('',*,*,#4011,.F.);
#1518=ORIENTED_EDGE('',*,*,#4012,.T.);
#1519=ORIENTED_EDGE('',*,*,#4013,.T.);
#1520=ORIENTED_EDGE('',*,*,#4008,.F.);
#1521=ORIENTED_EDGE('',*,*,#4014,.F.);
#1522=ORIENTED_EDGE('',*,*,#4015,.T.);
#1523=ORIENTED_EDGE('',*,*,#4016,.T.);
#1524=ORIENTED_EDGE('',*,*,#4012,.F.);
#1525=ORIENTED_EDGE('',*,*,#4017,.F.);
#1526=ORIENTED_EDGE('',*,*,#4018,.F.);
#1527=ORIENTED_EDGE('',*,*,#4019,.F.);
#1528=ORIENTED_EDGE('',*,*,#4020,.F.);
#1529=ORIENTED_EDGE('',*,*,#4021,.F.);
#1530=ORIENTED_EDGE('',*,*,#4022,.F.);
#1531=ORIENTED_EDGE('',*,*,#4023,.F.);
#1532=ORIENTED_EDGE('',*,*,#4024,.F.);
#1533=ORIENTED_EDGE('',*,*,#4025,.F.);
#1534=ORIENTED_EDGE('',*,*,#4026,.F.);
#1535=ORIENTED_EDGE('',*,*,#4027,.F.);
#1536=ORIENTED_EDGE('',*,*,#4028,.F.);
#1537=ORIENTED_EDGE('',*,*,#4029,.F.);
#1538=ORIENTED_EDGE('',*,*,#4030,.T.);
#1539=ORIENTED_EDGE('',*,*,#4031,.T.);
#1540=ORIENTED_EDGE('',*,*,#4032,.F.);
#1541=ORIENTED_EDGE('',*,*,#4033,.F.);
#1542=ORIENTED_EDGE('',*,*,#4034,.T.);
#1543=ORIENTED_EDGE('',*,*,#4035,.T.);
#1544=ORIENTED_EDGE('',*,*,#4030,.F.);
#1545=ORIENTED_EDGE('',*,*,#4036,.F.);
#1546=ORIENTED_EDGE('',*,*,#4037,.T.);
#1547=ORIENTED_EDGE('',*,*,#4038,.T.);
#1548=ORIENTED_EDGE('',*,*,#4034,.F.);
#1549=ORIENTED_EDGE('',*,*,#4039,.F.);
#1550=ORIENTED_EDGE('',*,*,#4040,.F.);
#1551=ORIENTED_EDGE('',*,*,#4041,.F.);
#1552=ORIENTED_EDGE('',*,*,#4042,.F.);
#1553=ORIENTED_EDGE('',*,*,#4043,.F.);
#1554=ORIENTED_EDGE('',*,*,#4044,.F.);
#1555=ORIENTED_EDGE('',*,*,#4045,.F.);
#1556=ORIENTED_EDGE('',*,*,#4046,.F.);
#1557=ORIENTED_EDGE('',*,*,#4047,.F.);
#1558=ORIENTED_EDGE('',*,*,#4048,.F.);
#1559=ORIENTED_EDGE('',*,*,#4049,.F.);
#1560=ORIENTED_EDGE('',*,*,#4050,.F.);
#1561=ORIENTED_EDGE('',*,*,#4051,.F.);
#1562=ORIENTED_EDGE('',*,*,#4052,.T.);
#1563=ORIENTED_EDGE('',*,*,#4053,.T.);
#1564=ORIENTED_EDGE('',*,*,#4054,.F.);
#1565=ORIENTED_EDGE('',*,*,#4055,.F.);
#1566=ORIENTED_EDGE('',*,*,#4056,.T.);
#1567=ORIENTED_EDGE('',*,*,#4057,.T.);
#1568=ORIENTED_EDGE('',*,*,#4052,.F.);
#1569=ORIENTED_EDGE('',*,*,#4058,.F.);
#1570=ORIENTED_EDGE('',*,*,#4059,.T.);
#1571=ORIENTED_EDGE('',*,*,#4060,.T.);
#1572=ORIENTED_EDGE('',*,*,#4056,.F.);
#1573=ORIENTED_EDGE('',*,*,#4061,.F.);
#1574=ORIENTED_EDGE('',*,*,#4062,.F.);
#1575=ORIENTED_EDGE('',*,*,#4063,.F.);
#1576=ORIENTED_EDGE('',*,*,#4064,.F.);
#1577=ORIENTED_EDGE('',*,*,#4065,.F.);
#1578=ORIENTED_EDGE('',*,*,#4066,.F.);
#1579=ORIENTED_EDGE('',*,*,#4067,.F.);
#1580=ORIENTED_EDGE('',*,*,#3636,.T.);
#1581=ORIENTED_EDGE('',*,*,#4068,.T.);
#1582=ORIENTED_EDGE('',*,*,#3641,.F.);
#1583=ORIENTED_EDGE('',*,*,#4069,.F.);
#1584=ORIENTED_EDGE('',*,*,#3658,.T.);
#1585=ORIENTED_EDGE('',*,*,#4070,.T.);
#1586=ORIENTED_EDGE('',*,*,#3663,.F.);
#1587=ORIENTED_EDGE('',*,*,#4071,.F.);
#1588=ORIENTED_EDGE('',*,*,#3680,.T.);
#1589=ORIENTED_EDGE('',*,*,#4072,.T.);
#1590=ORIENTED_EDGE('',*,*,#3685,.F.);
#1591=ORIENTED_EDGE('',*,*,#4073,.F.);
#1592=ORIENTED_EDGE('',*,*,#3702,.T.);
#1593=ORIENTED_EDGE('',*,*,#4074,.T.);
#1594=ORIENTED_EDGE('',*,*,#3707,.F.);
#1595=ORIENTED_EDGE('',*,*,#4075,.F.);
#1596=ORIENTED_EDGE('',*,*,#3724,.T.);
#1597=ORIENTED_EDGE('',*,*,#4076,.T.);
#1598=ORIENTED_EDGE('',*,*,#3729,.F.);
#1599=ORIENTED_EDGE('',*,*,#4077,.F.);
#1600=ORIENTED_EDGE('',*,*,#3746,.T.);
#1601=ORIENTED_EDGE('',*,*,#4078,.T.);
#1602=ORIENTED_EDGE('',*,*,#3751,.F.);
#1603=ORIENTED_EDGE('',*,*,#4079,.F.);
#1604=ORIENTED_EDGE('',*,*,#3768,.T.);
#1605=ORIENTED_EDGE('',*,*,#4080,.T.);
#1606=ORIENTED_EDGE('',*,*,#3773,.F.);
#1607=ORIENTED_EDGE('',*,*,#4081,.F.);
#1608=ORIENTED_EDGE('',*,*,#3790,.T.);
#1609=ORIENTED_EDGE('',*,*,#4082,.T.);
#1610=ORIENTED_EDGE('',*,*,#3795,.F.);
#1611=ORIENTED_EDGE('',*,*,#4083,.F.);
#1612=ORIENTED_EDGE('',*,*,#3812,.T.);
#1613=ORIENTED_EDGE('',*,*,#4084,.T.);
#1614=ORIENTED_EDGE('',*,*,#3817,.F.);
#1615=ORIENTED_EDGE('',*,*,#4085,.F.);
#1616=ORIENTED_EDGE('',*,*,#3834,.T.);
#1617=ORIENTED_EDGE('',*,*,#4086,.T.);
#1618=ORIENTED_EDGE('',*,*,#3839,.F.);
#1619=ORIENTED_EDGE('',*,*,#4087,.F.);
#1620=ORIENTED_EDGE('',*,*,#3856,.T.);
#1621=ORIENTED_EDGE('',*,*,#4088,.T.);
#1622=ORIENTED_EDGE('',*,*,#3861,.F.);
#1623=ORIENTED_EDGE('',*,*,#4089,.F.);
#1624=ORIENTED_EDGE('',*,*,#3878,.T.);
#1625=ORIENTED_EDGE('',*,*,#4090,.T.);
#1626=ORIENTED_EDGE('',*,*,#3883,.F.);
#1627=ORIENTED_EDGE('',*,*,#4091,.F.);
#1628=ORIENTED_EDGE('',*,*,#3900,.T.);
#1629=ORIENTED_EDGE('',*,*,#4092,.T.);
#1630=ORIENTED_EDGE('',*,*,#3905,.F.);
#1631=ORIENTED_EDGE('',*,*,#4093,.F.);
#1632=ORIENTED_EDGE('',*,*,#3922,.T.);
#1633=ORIENTED_EDGE('',*,*,#4094,.T.);
#1634=ORIENTED_EDGE('',*,*,#3927,.F.);
#1635=ORIENTED_EDGE('',*,*,#4095,.F.);
#1636=ORIENTED_EDGE('',*,*,#3944,.T.);
#1637=ORIENTED_EDGE('',*,*,#4096,.T.);
#1638=ORIENTED_EDGE('',*,*,#3949,.F.);
#1639=ORIENTED_EDGE('',*,*,#4097,.F.);
#1640=ORIENTED_EDGE('',*,*,#3966,.T.);
#1641=ORIENTED_EDGE('',*,*,#4098,.T.);
#1642=ORIENTED_EDGE('',*,*,#3971,.F.);
#1643=ORIENTED_EDGE('',*,*,#4099,.F.);
#1644=ORIENTED_EDGE('',*,*,#3988,.T.);
#1645=ORIENTED_EDGE('',*,*,#4100,.T.);
#1646=ORIENTED_EDGE('',*,*,#3993,.F.);
#1647=ORIENTED_EDGE('',*,*,#4101,.F.);
#1648=ORIENTED_EDGE('',*,*,#4010,.T.);
#1649=ORIENTED_EDGE('',*,*,#4102,.T.);
#1650=ORIENTED_EDGE('',*,*,#4015,.F.);
#1651=ORIENTED_EDGE('',*,*,#4103,.F.);
#1652=ORIENTED_EDGE('',*,*,#4032,.T.);
#1653=ORIENTED_EDGE('',*,*,#4104,.T.);
#1654=ORIENTED_EDGE('',*,*,#4037,.F.);
#1655=ORIENTED_EDGE('',*,*,#4105,.F.);
#1656=ORIENTED_EDGE('',*,*,#4054,.T.);
#1657=ORIENTED_EDGE('',*,*,#4106,.T.);
#1658=ORIENTED_EDGE('',*,*,#4059,.F.);
#1659=ORIENTED_EDGE('',*,*,#4107,.F.);
#1660=ORIENTED_EDGE('',*,*,#4108,.T.);
#1661=ORIENTED_EDGE('',*,*,#4109,.T.);
#1662=ORIENTED_EDGE('',*,*,#4110,.F.);
#1663=ORIENTED_EDGE('',*,*,#4111,.F.);
#1664=ORIENTED_EDGE('',*,*,#4112,.F.);
#1665=ORIENTED_EDGE('',*,*,#4113,.T.);
#1666=ORIENTED_EDGE('',*,*,#4114,.F.);
#1667=ORIENTED_EDGE('',*,*,#4115,.F.);
#1668=ORIENTED_EDGE('',*,*,#4116,.T.);
#1669=ORIENTED_EDGE('',*,*,#4117,.T.);
#1670=ORIENTED_EDGE('',*,*,#4118,.F.);
#1671=ORIENTED_EDGE('',*,*,#4119,.F.);
#1672=ORIENTED_EDGE('',*,*,#4120,.F.);
#1673=ORIENTED_EDGE('',*,*,#4121,.T.);
#1674=ORIENTED_EDGE('',*,*,#4122,.F.);
#1675=ORIENTED_EDGE('',*,*,#4123,.F.);
#1676=ORIENTED_EDGE('',*,*,#4124,.T.);
#1677=ORIENTED_EDGE('',*,*,#4125,.T.);
#1678=ORIENTED_EDGE('',*,*,#4126,.F.);
#1679=ORIENTED_EDGE('',*,*,#4127,.F.);
#1680=ORIENTED_EDGE('',*,*,#4128,.F.);
#1681=ORIENTED_EDGE('',*,*,#4129,.T.);
#1682=ORIENTED_EDGE('',*,*,#4130,.F.);
#1683=ORIENTED_EDGE('',*,*,#4131,.F.);
#1684=ORIENTED_EDGE('',*,*,#4132,.T.);
#1685=ORIENTED_EDGE('',*,*,#4133,.T.);
#1686=ORIENTED_EDGE('',*,*,#4134,.F.);
#1687=ORIENTED_EDGE('',*,*,#4135,.F.);
#1688=ORIENTED_EDGE('',*,*,#4136,.F.);
#1689=ORIENTED_EDGE('',*,*,#4137,.T.);
#1690=ORIENTED_EDGE('',*,*,#4138,.F.);
#1691=ORIENTED_EDGE('',*,*,#4139,.F.);
#1692=ORIENTED_EDGE('',*,*,#4140,.T.);
#1693=ORIENTED_EDGE('',*,*,#4141,.T.);
#1694=ORIENTED_EDGE('',*,*,#4142,.F.);
#1695=ORIENTED_EDGE('',*,*,#4143,.F.);
#1696=ORIENTED_EDGE('',*,*,#4144,.F.);
#1697=ORIENTED_EDGE('',*,*,#4145,.T.);
#1698=ORIENTED_EDGE('',*,*,#4146,.F.);
#1699=ORIENTED_EDGE('',*,*,#4147,.F.);
#1700=ORIENTED_EDGE('',*,*,#4148,.T.);
#1701=ORIENTED_EDGE('',*,*,#4149,.T.);
#1702=ORIENTED_EDGE('',*,*,#4150,.F.);
#1703=ORIENTED_EDGE('',*,*,#4151,.F.);
#1704=ORIENTED_EDGE('',*,*,#4152,.F.);
#1705=ORIENTED_EDGE('',*,*,#4153,.T.);
#1706=ORIENTED_EDGE('',*,*,#4154,.F.);
#1707=ORIENTED_EDGE('',*,*,#4155,.F.);
#1708=ORIENTED_EDGE('',*,*,#4156,.T.);
#1709=ORIENTED_EDGE('',*,*,#4157,.T.);
#1710=ORIENTED_EDGE('',*,*,#4158,.F.);
#1711=ORIENTED_EDGE('',*,*,#4159,.F.);
#1712=ORIENTED_EDGE('',*,*,#4160,.F.);
#1713=ORIENTED_EDGE('',*,*,#4161,.T.);
#1714=ORIENTED_EDGE('',*,*,#4162,.F.);
#1715=ORIENTED_EDGE('',*,*,#4163,.F.);
#1716=ORIENTED_EDGE('',*,*,#4164,.T.);
#1717=ORIENTED_EDGE('',*,*,#4165,.T.);
#1718=ORIENTED_EDGE('',*,*,#4166,.F.);
#1719=ORIENTED_EDGE('',*,*,#4167,.F.);
#1720=ORIENTED_EDGE('',*,*,#4168,.F.);
#1721=ORIENTED_EDGE('',*,*,#4169,.T.);
#1722=ORIENTED_EDGE('',*,*,#4170,.F.);
#1723=ORIENTED_EDGE('',*,*,#4171,.F.);
#1724=ORIENTED_EDGE('',*,*,#4172,.T.);
#1725=ORIENTED_EDGE('',*,*,#4173,.T.);
#1726=ORIENTED_EDGE('',*,*,#4174,.F.);
#1727=ORIENTED_EDGE('',*,*,#4175,.F.);
#1728=ORIENTED_EDGE('',*,*,#4176,.F.);
#1729=ORIENTED_EDGE('',*,*,#4177,.T.);
#1730=ORIENTED_EDGE('',*,*,#4178,.F.);
#1731=ORIENTED_EDGE('',*,*,#4179,.F.);
#1732=ORIENTED_EDGE('',*,*,#4180,.T.);
#1733=ORIENTED_EDGE('',*,*,#4181,.T.);
#1734=ORIENTED_EDGE('',*,*,#4182,.F.);
#1735=ORIENTED_EDGE('',*,*,#4183,.F.);
#1736=ORIENTED_EDGE('',*,*,#4184,.F.);
#1737=ORIENTED_EDGE('',*,*,#4185,.T.);
#1738=ORIENTED_EDGE('',*,*,#4186,.F.);
#1739=ORIENTED_EDGE('',*,*,#4187,.F.);
#1740=ORIENTED_EDGE('',*,*,#4188,.T.);
#1741=ORIENTED_EDGE('',*,*,#4189,.T.);
#1742=ORIENTED_EDGE('',*,*,#4190,.F.);
#1743=ORIENTED_EDGE('',*,*,#4191,.F.);
#1744=ORIENTED_EDGE('',*,*,#4192,.F.);
#1745=ORIENTED_EDGE('',*,*,#4193,.T.);
#1746=ORIENTED_EDGE('',*,*,#4194,.F.);
#1747=ORIENTED_EDGE('',*,*,#4195,.F.);
#1748=ORIENTED_EDGE('',*,*,#4196,.T.);
#1749=ORIENTED_EDGE('',*,*,#4197,.T.);
#1750=ORIENTED_EDGE('',*,*,#4198,.F.);
#1751=ORIENTED_EDGE('',*,*,#4199,.F.);
#1752=ORIENTED_EDGE('',*,*,#4200,.F.);
#1753=ORIENTED_EDGE('',*,*,#4201,.T.);
#1754=ORIENTED_EDGE('',*,*,#4202,.F.);
#1755=ORIENTED_EDGE('',*,*,#4203,.F.);
#1756=ORIENTED_EDGE('',*,*,#4204,.T.);
#1757=ORIENTED_EDGE('',*,*,#4205,.T.);
#1758=ORIENTED_EDGE('',*,*,#4206,.F.);
#1759=ORIENTED_EDGE('',*,*,#4207,.F.);
#1760=ORIENTED_EDGE('',*,*,#4208,.F.);
#1761=ORIENTED_EDGE('',*,*,#4209,.T.);
#1762=ORIENTED_EDGE('',*,*,#4210,.F.);
#1763=ORIENTED_EDGE('',*,*,#4211,.F.);
#1764=ORIENTED_EDGE('',*,*,#4212,.T.);
#1765=ORIENTED_EDGE('',*,*,#4213,.T.);
#1766=ORIENTED_EDGE('',*,*,#4214,.F.);
#1767=ORIENTED_EDGE('',*,*,#4215,.F.);
#1768=ORIENTED_EDGE('',*,*,#4216,.F.);
#1769=ORIENTED_EDGE('',*,*,#4217,.T.);
#1770=ORIENTED_EDGE('',*,*,#4218,.F.);
#1771=ORIENTED_EDGE('',*,*,#4219,.F.);
#1772=ORIENTED_EDGE('',*,*,#4220,.T.);
#1773=ORIENTED_EDGE('',*,*,#4221,.T.);
#1774=ORIENTED_EDGE('',*,*,#4222,.F.);
#1775=ORIENTED_EDGE('',*,*,#4223,.F.);
#1776=ORIENTED_EDGE('',*,*,#4224,.F.);
#1777=ORIENTED_EDGE('',*,*,#4225,.T.);
#1778=ORIENTED_EDGE('',*,*,#4226,.F.);
#1779=ORIENTED_EDGE('',*,*,#4227,.F.);
#1780=ORIENTED_EDGE('',*,*,#4228,.T.);
#1781=ORIENTED_EDGE('',*,*,#4229,.T.);
#1782=ORIENTED_EDGE('',*,*,#4230,.F.);
#1783=ORIENTED_EDGE('',*,*,#4231,.F.);
#1784=ORIENTED_EDGE('',*,*,#4232,.F.);
#1785=ORIENTED_EDGE('',*,*,#4233,.T.);
#1786=ORIENTED_EDGE('',*,*,#4234,.F.);
#1787=ORIENTED_EDGE('',*,*,#4235,.F.);
#1788=ORIENTED_EDGE('',*,*,#4236,.T.);
#1789=ORIENTED_EDGE('',*,*,#4237,.T.);
#1790=ORIENTED_EDGE('',*,*,#4238,.F.);
#1791=ORIENTED_EDGE('',*,*,#4239,.F.);
#1792=ORIENTED_EDGE('',*,*,#4240,.F.);
#1793=ORIENTED_EDGE('',*,*,#4241,.T.);
#1794=ORIENTED_EDGE('',*,*,#4242,.F.);
#1795=ORIENTED_EDGE('',*,*,#4243,.F.);
#1796=ORIENTED_EDGE('',*,*,#4244,.T.);
#1797=ORIENTED_EDGE('',*,*,#4245,.T.);
#1798=ORIENTED_EDGE('',*,*,#4246,.F.);
#1799=ORIENTED_EDGE('',*,*,#4247,.F.);
#1800=ORIENTED_EDGE('',*,*,#4248,.F.);
#1801=ORIENTED_EDGE('',*,*,#4249,.T.);
#1802=ORIENTED_EDGE('',*,*,#4250,.F.);
#1803=ORIENTED_EDGE('',*,*,#4251,.F.);
#1804=ORIENTED_EDGE('',*,*,#4252,.T.);
#1805=ORIENTED_EDGE('',*,*,#4253,.T.);
#1806=ORIENTED_EDGE('',*,*,#4254,.F.);
#1807=ORIENTED_EDGE('',*,*,#4255,.F.);
#1808=ORIENTED_EDGE('',*,*,#4256,.F.);
#1809=ORIENTED_EDGE('',*,*,#4257,.T.);
#1810=ORIENTED_EDGE('',*,*,#4258,.F.);
#1811=ORIENTED_EDGE('',*,*,#4259,.F.);
#1812=ORIENTED_EDGE('',*,*,#4260,.T.);
#1813=ORIENTED_EDGE('',*,*,#4261,.T.);
#1814=ORIENTED_EDGE('',*,*,#4262,.F.);
#1815=ORIENTED_EDGE('',*,*,#4263,.F.);
#1816=ORIENTED_EDGE('',*,*,#4264,.F.);
#1817=ORIENTED_EDGE('',*,*,#4265,.T.);
#1818=ORIENTED_EDGE('',*,*,#4266,.F.);
#1819=ORIENTED_EDGE('',*,*,#4267,.F.);
#1820=ORIENTED_EDGE('',*,*,#4268,.F.);
#1821=ORIENTED_EDGE('',*,*,#4269,.F.);
#1822=ORIENTED_EDGE('',*,*,#4270,.F.);
#1823=ORIENTED_EDGE('',*,*,#4271,.F.);
#1824=ORIENTED_EDGE('',*,*,#4272,.F.);
#1825=ORIENTED_EDGE('',*,*,#4273,.F.);
#1826=ORIENTED_EDGE('',*,*,#4274,.F.);
#1827=ORIENTED_EDGE('',*,*,#4275,.F.);
#1828=ORIENTED_EDGE('',*,*,#4276,.F.);
#1829=ORIENTED_EDGE('',*,*,#4277,.F.);
#1830=ORIENTED_EDGE('',*,*,#4278,.F.);
#1831=ORIENTED_EDGE('',*,*,#4279,.F.);
#1832=ORIENTED_EDGE('',*,*,#4280,.F.);
#1833=ORIENTED_EDGE('',*,*,#4281,.F.);
#1834=ORIENTED_EDGE('',*,*,#4282,.F.);
#1835=ORIENTED_EDGE('',*,*,#4283,.F.);
#1836=ORIENTED_EDGE('',*,*,#4284,.F.);
#1837=ORIENTED_EDGE('',*,*,#4285,.F.);
#1838=ORIENTED_EDGE('',*,*,#4286,.F.);
#1839=ORIENTED_EDGE('',*,*,#4287,.F.);
#1840=ORIENTED_EDGE('',*,*,#4288,.F.);
#1841=ORIENTED_EDGE('',*,*,#4289,.F.);
#1842=ORIENTED_EDGE('',*,*,#4290,.F.);
#1843=ORIENTED_EDGE('',*,*,#4291,.F.);
#1844=ORIENTED_EDGE('',*,*,#4292,.F.);
#1845=ORIENTED_EDGE('',*,*,#4293,.F.);
#1846=ORIENTED_EDGE('',*,*,#4294,.F.);
#1847=ORIENTED_EDGE('',*,*,#4295,.F.);
#1848=ORIENTED_EDGE('',*,*,#4296,.F.);
#1849=ORIENTED_EDGE('',*,*,#4297,.F.);
#1850=ORIENTED_EDGE('',*,*,#4298,.F.);
#1851=ORIENTED_EDGE('',*,*,#4299,.F.);
#1852=ORIENTED_EDGE('',*,*,#4300,.F.);
#1853=ORIENTED_EDGE('',*,*,#4301,.F.);
#1854=ORIENTED_EDGE('',*,*,#4302,.F.);
#1855=ORIENTED_EDGE('',*,*,#4303,.F.);
#1856=ORIENTED_EDGE('',*,*,#4304,.F.);
#1857=ORIENTED_EDGE('',*,*,#4305,.F.);
#1858=ORIENTED_EDGE('',*,*,#4306,.F.);
#1859=ORIENTED_EDGE('',*,*,#4307,.F.);
#1860=ORIENTED_EDGE('',*,*,#4308,.F.);
#1861=ORIENTED_EDGE('',*,*,#4309,.F.);
#1862=ORIENTED_EDGE('',*,*,#4310,.F.);
#1863=ORIENTED_EDGE('',*,*,#4311,.F.);
#1864=ORIENTED_EDGE('',*,*,#4312,.F.);
#1865=ORIENTED_EDGE('',*,*,#4313,.F.);
#1866=ORIENTED_EDGE('',*,*,#4314,.F.);
#1867=ORIENTED_EDGE('',*,*,#4315,.F.);
#1868=ORIENTED_EDGE('',*,*,#4316,.F.);
#1869=ORIENTED_EDGE('',*,*,#4317,.F.);
#1870=ORIENTED_EDGE('',*,*,#4318,.F.);
#1871=ORIENTED_EDGE('',*,*,#4319,.F.);
#1872=ORIENTED_EDGE('',*,*,#4320,.F.);
#1873=ORIENTED_EDGE('',*,*,#4321,.F.);
#1874=ORIENTED_EDGE('',*,*,#4322,.F.);
#1875=ORIENTED_EDGE('',*,*,#4323,.F.);
#1876=ORIENTED_EDGE('',*,*,#4324,.F.);
#1877=ORIENTED_EDGE('',*,*,#4325,.F.);
#1878=ORIENTED_EDGE('',*,*,#4326,.F.);
#1879=ORIENTED_EDGE('',*,*,#4327,.F.);
#1880=ORIENTED_EDGE('',*,*,#4328,.F.);
#1881=ORIENTED_EDGE('',*,*,#4329,.F.);
#1882=ORIENTED_EDGE('',*,*,#4330,.F.);
#1883=ORIENTED_EDGE('',*,*,#4331,.F.);
#1884=ORIENTED_EDGE('',*,*,#4332,.F.);
#1885=ORIENTED_EDGE('',*,*,#4333,.F.);
#1886=ORIENTED_EDGE('',*,*,#4334,.F.);
#1887=ORIENTED_EDGE('',*,*,#4335,.F.);
#1888=ORIENTED_EDGE('',*,*,#4336,.F.);
#1889=ORIENTED_EDGE('',*,*,#4337,.F.);
#1890=ORIENTED_EDGE('',*,*,#4338,.F.);
#1891=ORIENTED_EDGE('',*,*,#4339,.F.);
#1892=ORIENTED_EDGE('',*,*,#4340,.F.);
#1893=ORIENTED_EDGE('',*,*,#4341,.F.);
#1894=ORIENTED_EDGE('',*,*,#4342,.F.);
#1895=ORIENTED_EDGE('',*,*,#4343,.F.);
#1896=ORIENTED_EDGE('',*,*,#4344,.F.);
#1897=ORIENTED_EDGE('',*,*,#4345,.F.);
#1898=ORIENTED_EDGE('',*,*,#4346,.F.);
#1899=ORIENTED_EDGE('',*,*,#4347,.T.);
#1900=ORIENTED_EDGE('',*,*,#4348,.T.);
#1901=ORIENTED_EDGE('',*,*,#4346,.T.);
#1902=ORIENTED_EDGE('',*,*,#4349,.T.);
#1903=ORIENTED_EDGE('',*,*,#4344,.T.);
#1904=ORIENTED_EDGE('',*,*,#4350,.T.);
#1905=ORIENTED_EDGE('',*,*,#4351,.F.);
#1906=ORIENTED_EDGE('',*,*,#4352,.T.);
#1907=ORIENTED_EDGE('',*,*,#4353,.T.);
#1908=ORIENTED_EDGE('',*,*,#4354,.T.);
#1909=ORIENTED_EDGE('',*,*,#4342,.T.);
#1910=ORIENTED_EDGE('',*,*,#4355,.T.);
#1911=ORIENTED_EDGE('',*,*,#4340,.T.);
#1912=ORIENTED_EDGE('',*,*,#4356,.T.);
#1913=ORIENTED_EDGE('',*,*,#4357,.F.);
#1914=ORIENTED_EDGE('',*,*,#4358,.T.);
#1915=ORIENTED_EDGE('',*,*,#4359,.T.);
#1916=ORIENTED_EDGE('',*,*,#4360,.T.);
#1917=ORIENTED_EDGE('',*,*,#4338,.T.);
#1918=ORIENTED_EDGE('',*,*,#4361,.T.);
#1919=ORIENTED_EDGE('',*,*,#4336,.T.);
#1920=ORIENTED_EDGE('',*,*,#4362,.T.);
#1921=ORIENTED_EDGE('',*,*,#4363,.F.);
#1922=ORIENTED_EDGE('',*,*,#4364,.T.);
#1923=ORIENTED_EDGE('',*,*,#4365,.T.);
#1924=ORIENTED_EDGE('',*,*,#4366,.T.);
#1925=ORIENTED_EDGE('',*,*,#4334,.T.);
#1926=ORIENTED_EDGE('',*,*,#4367,.T.);
#1927=ORIENTED_EDGE('',*,*,#4332,.T.);
#1928=ORIENTED_EDGE('',*,*,#4368,.T.);
#1929=ORIENTED_EDGE('',*,*,#4369,.F.);
#1930=ORIENTED_EDGE('',*,*,#4370,.T.);
#1931=ORIENTED_EDGE('',*,*,#4371,.T.);
#1932=ORIENTED_EDGE('',*,*,#4372,.T.);
#1933=ORIENTED_EDGE('',*,*,#4330,.T.);
#1934=ORIENTED_EDGE('',*,*,#4373,.T.);
#1935=ORIENTED_EDGE('',*,*,#4328,.T.);
#1936=ORIENTED_EDGE('',*,*,#4374,.T.);
#1937=ORIENTED_EDGE('',*,*,#4375,.F.);
#1938=ORIENTED_EDGE('',*,*,#4376,.T.);
#1939=ORIENTED_EDGE('',*,*,#4377,.T.);
#1940=ORIENTED_EDGE('',*,*,#4378,.T.);
#1941=ORIENTED_EDGE('',*,*,#4326,.T.);
#1942=ORIENTED_EDGE('',*,*,#4379,.T.);
#1943=ORIENTED_EDGE('',*,*,#4324,.T.);
#1944=ORIENTED_EDGE('',*,*,#4380,.T.);
#1945=ORIENTED_EDGE('',*,*,#4381,.F.);
#1946=ORIENTED_EDGE('',*,*,#4382,.T.);
#1947=ORIENTED_EDGE('',*,*,#4383,.T.);
#1948=ORIENTED_EDGE('',*,*,#4384,.T.);
#1949=ORIENTED_EDGE('',*,*,#4322,.T.);
#1950=ORIENTED_EDGE('',*,*,#4385,.T.);
#1951=ORIENTED_EDGE('',*,*,#4320,.T.);
#1952=ORIENTED_EDGE('',*,*,#4386,.T.);
#1953=ORIENTED_EDGE('',*,*,#4387,.F.);
#1954=ORIENTED_EDGE('',*,*,#4388,.T.);
#1955=ORIENTED_EDGE('',*,*,#4389,.T.);
#1956=ORIENTED_EDGE('',*,*,#4390,.T.);
#1957=ORIENTED_EDGE('',*,*,#4318,.T.);
#1958=ORIENTED_EDGE('',*,*,#4391,.T.);
#1959=ORIENTED_EDGE('',*,*,#4316,.T.);
#1960=ORIENTED_EDGE('',*,*,#4392,.T.);
#1961=ORIENTED_EDGE('',*,*,#4393,.F.);
#1962=ORIENTED_EDGE('',*,*,#4394,.T.);
#1963=ORIENTED_EDGE('',*,*,#4395,.T.);
#1964=ORIENTED_EDGE('',*,*,#4396,.T.);
#1965=ORIENTED_EDGE('',*,*,#4314,.T.);
#1966=ORIENTED_EDGE('',*,*,#4397,.T.);
#1967=ORIENTED_EDGE('',*,*,#4312,.T.);
#1968=ORIENTED_EDGE('',*,*,#4398,.T.);
#1969=ORIENTED_EDGE('',*,*,#4399,.F.);
#1970=ORIENTED_EDGE('',*,*,#4400,.T.);
#1971=ORIENTED_EDGE('',*,*,#4401,.T.);
#1972=ORIENTED_EDGE('',*,*,#4402,.T.);
#1973=ORIENTED_EDGE('',*,*,#4310,.T.);
#1974=ORIENTED_EDGE('',*,*,#4403,.T.);
#1975=ORIENTED_EDGE('',*,*,#4308,.T.);
#1976=ORIENTED_EDGE('',*,*,#4404,.T.);
#1977=ORIENTED_EDGE('',*,*,#4405,.F.);
#1978=ORIENTED_EDGE('',*,*,#4406,.T.);
#1979=ORIENTED_EDGE('',*,*,#4407,.T.);
#1980=ORIENTED_EDGE('',*,*,#4408,.T.);
#1981=ORIENTED_EDGE('',*,*,#4306,.T.);
#1982=ORIENTED_EDGE('',*,*,#4409,.T.);
#1983=ORIENTED_EDGE('',*,*,#4304,.T.);
#1984=ORIENTED_EDGE('',*,*,#4410,.T.);
#1985=ORIENTED_EDGE('',*,*,#4411,.F.);
#1986=ORIENTED_EDGE('',*,*,#4412,.T.);
#1987=ORIENTED_EDGE('',*,*,#4413,.T.);
#1988=ORIENTED_EDGE('',*,*,#4414,.T.);
#1989=ORIENTED_EDGE('',*,*,#4302,.T.);
#1990=ORIENTED_EDGE('',*,*,#4415,.T.);
#1991=ORIENTED_EDGE('',*,*,#4300,.T.);
#1992=ORIENTED_EDGE('',*,*,#4416,.T.);
#1993=ORIENTED_EDGE('',*,*,#4417,.F.);
#1994=ORIENTED_EDGE('',*,*,#4418,.T.);
#1995=ORIENTED_EDGE('',*,*,#4419,.T.);
#1996=ORIENTED_EDGE('',*,*,#4420,.T.);
#1997=ORIENTED_EDGE('',*,*,#4298,.T.);
#1998=ORIENTED_EDGE('',*,*,#4421,.T.);
#1999=ORIENTED_EDGE('',*,*,#4296,.T.);
#2000=ORIENTED_EDGE('',*,*,#4422,.T.);
#2001=ORIENTED_EDGE('',*,*,#4423,.F.);
#2002=ORIENTED_EDGE('',*,*,#4424,.T.);
#2003=ORIENTED_EDGE('',*,*,#4425,.T.);
#2004=ORIENTED_EDGE('',*,*,#4426,.T.);
#2005=ORIENTED_EDGE('',*,*,#4294,.T.);
#2006=ORIENTED_EDGE('',*,*,#4427,.T.);
#2007=ORIENTED_EDGE('',*,*,#4292,.T.);
#2008=ORIENTED_EDGE('',*,*,#4428,.T.);
#2009=ORIENTED_EDGE('',*,*,#4429,.F.);
#2010=ORIENTED_EDGE('',*,*,#4430,.T.);
#2011=ORIENTED_EDGE('',*,*,#4431,.T.);
#2012=ORIENTED_EDGE('',*,*,#4432,.T.);
#2013=ORIENTED_EDGE('',*,*,#4290,.T.);
#2014=ORIENTED_EDGE('',*,*,#4433,.T.);
#2015=ORIENTED_EDGE('',*,*,#4288,.T.);
#2016=ORIENTED_EDGE('',*,*,#4434,.T.);
#2017=ORIENTED_EDGE('',*,*,#4435,.F.);
#2018=ORIENTED_EDGE('',*,*,#4436,.T.);
#2019=ORIENTED_EDGE('',*,*,#4437,.T.);
#2020=ORIENTED_EDGE('',*,*,#4438,.T.);
#2021=ORIENTED_EDGE('',*,*,#4286,.T.);
#2022=ORIENTED_EDGE('',*,*,#4439,.T.);
#2023=ORIENTED_EDGE('',*,*,#4284,.T.);
#2024=ORIENTED_EDGE('',*,*,#4440,.T.);
#2025=ORIENTED_EDGE('',*,*,#4441,.F.);
#2026=ORIENTED_EDGE('',*,*,#4442,.T.);
#2027=ORIENTED_EDGE('',*,*,#4443,.T.);
#2028=ORIENTED_EDGE('',*,*,#4444,.T.);
#2029=ORIENTED_EDGE('',*,*,#4282,.T.);
#2030=ORIENTED_EDGE('',*,*,#4445,.T.);
#2031=ORIENTED_EDGE('',*,*,#4280,.T.);
#2032=ORIENTED_EDGE('',*,*,#4446,.T.);
#2033=ORIENTED_EDGE('',*,*,#4447,.F.);
#2034=ORIENTED_EDGE('',*,*,#4448,.T.);
#2035=ORIENTED_EDGE('',*,*,#4449,.T.);
#2036=ORIENTED_EDGE('',*,*,#4450,.T.);
#2037=ORIENTED_EDGE('',*,*,#4278,.T.);
#2038=ORIENTED_EDGE('',*,*,#4451,.T.);
#2039=ORIENTED_EDGE('',*,*,#4276,.T.);
#2040=ORIENTED_EDGE('',*,*,#4452,.T.);
#2041=ORIENTED_EDGE('',*,*,#4453,.F.);
#2042=ORIENTED_EDGE('',*,*,#4454,.T.);
#2043=ORIENTED_EDGE('',*,*,#4455,.T.);
#2044=ORIENTED_EDGE('',*,*,#4456,.T.);
#2045=ORIENTED_EDGE('',*,*,#4274,.T.);
#2046=ORIENTED_EDGE('',*,*,#4457,.T.);
#2047=ORIENTED_EDGE('',*,*,#4272,.T.);
#2048=ORIENTED_EDGE('',*,*,#4458,.T.);
#2049=ORIENTED_EDGE('',*,*,#4459,.F.);
#2050=ORIENTED_EDGE('',*,*,#4460,.T.);
#2051=ORIENTED_EDGE('',*,*,#4461,.T.);
#2052=ORIENTED_EDGE('',*,*,#4462,.T.);
#2053=ORIENTED_EDGE('',*,*,#4270,.T.);
#2054=ORIENTED_EDGE('',*,*,#4463,.T.);
#2055=ORIENTED_EDGE('',*,*,#4268,.T.);
#2056=ORIENTED_EDGE('',*,*,#4464,.T.);
#2057=ORIENTED_EDGE('',*,*,#4465,.F.);
#2058=ORIENTED_EDGE('',*,*,#4466,.T.);
#2059=ORIENTED_EDGE('',*,*,#4113,.F.);
#2060=ORIENTED_EDGE('',*,*,#4357,.T.);
#2061=ORIENTED_EDGE('',*,*,#4107,.T.);
#2062=ORIENTED_EDGE('',*,*,#4467,.F.);
#2063=ORIENTED_EDGE('',*,*,#4121,.F.);
#2064=ORIENTED_EDGE('',*,*,#4363,.T.);
#2065=ORIENTED_EDGE('',*,*,#4115,.T.);
#2066=ORIENTED_EDGE('',*,*,#4468,.F.);
#2067=ORIENTED_EDGE('',*,*,#4129,.F.);
#2068=ORIENTED_EDGE('',*,*,#4369,.T.);
#2069=ORIENTED_EDGE('',*,*,#4123,.T.);
#2070=ORIENTED_EDGE('',*,*,#4469,.F.);
#2071=ORIENTED_EDGE('',*,*,#4137,.F.);
#2072=ORIENTED_EDGE('',*,*,#4375,.T.);
#2073=ORIENTED_EDGE('',*,*,#4131,.T.);
#2074=ORIENTED_EDGE('',*,*,#4470,.F.);
#2075=ORIENTED_EDGE('',*,*,#4145,.F.);
#2076=ORIENTED_EDGE('',*,*,#4381,.T.);
#2077=ORIENTED_EDGE('',*,*,#4139,.T.);
#2078=ORIENTED_EDGE('',*,*,#4471,.F.);
#2079=ORIENTED_EDGE('',*,*,#4153,.F.);
#2080=ORIENTED_EDGE('',*,*,#4387,.T.);
#2081=ORIENTED_EDGE('',*,*,#4147,.T.);
#2082=ORIENTED_EDGE('',*,*,#4472,.F.);
#2083=ORIENTED_EDGE('',*,*,#4161,.F.);
#2084=ORIENTED_EDGE('',*,*,#4393,.T.);
#2085=ORIENTED_EDGE('',*,*,#4155,.T.);
#2086=ORIENTED_EDGE('',*,*,#4473,.F.);
#2087=ORIENTED_EDGE('',*,*,#4169,.F.);
#2088=ORIENTED_EDGE('',*,*,#4399,.T.);
#2089=ORIENTED_EDGE('',*,*,#4163,.T.);
#2090=ORIENTED_EDGE('',*,*,#4474,.F.);
#2091=ORIENTED_EDGE('',*,*,#4177,.F.);
#2092=ORIENTED_EDGE('',*,*,#4405,.T.);
#2093=ORIENTED_EDGE('',*,*,#4171,.T.);
#2094=ORIENTED_EDGE('',*,*,#4475,.F.);
#2095=ORIENTED_EDGE('',*,*,#4185,.F.);
#2096=ORIENTED_EDGE('',*,*,#4411,.T.);
#2097=ORIENTED_EDGE('',*,*,#4179,.T.);
#2098=ORIENTED_EDGE('',*,*,#4476,.F.);
#2099=ORIENTED_EDGE('',*,*,#4193,.F.);
#2100=ORIENTED_EDGE('',*,*,#4417,.T.);
#2101=ORIENTED_EDGE('',*,*,#4187,.T.);
#2102=ORIENTED_EDGE('',*,*,#4477,.F.);
#2103=ORIENTED_EDGE('',*,*,#4201,.F.);
#2104=ORIENTED_EDGE('',*,*,#4423,.T.);
#2105=ORIENTED_EDGE('',*,*,#4195,.T.);
#2106=ORIENTED_EDGE('',*,*,#4478,.F.);
#2107=ORIENTED_EDGE('',*,*,#4209,.F.);
#2108=ORIENTED_EDGE('',*,*,#4429,.T.);
#2109=ORIENTED_EDGE('',*,*,#4203,.T.);
#2110=ORIENTED_EDGE('',*,*,#4479,.F.);
#2111=ORIENTED_EDGE('',*,*,#4217,.F.);
#2112=ORIENTED_EDGE('',*,*,#4435,.T.);
#2113=ORIENTED_EDGE('',*,*,#4211,.T.);
#2114=ORIENTED_EDGE('',*,*,#4480,.F.);
#2115=ORIENTED_EDGE('',*,*,#4225,.F.);
#2116=ORIENTED_EDGE('',*,*,#4441,.T.);
#2117=ORIENTED_EDGE('',*,*,#4219,.T.);
#2118=ORIENTED_EDGE('',*,*,#4481,.F.);
#2119=ORIENTED_EDGE('',*,*,#4233,.F.);
#2120=ORIENTED_EDGE('',*,*,#4447,.T.);
#2121=ORIENTED_EDGE('',*,*,#4227,.T.);
#2122=ORIENTED_EDGE('',*,*,#4482,.F.);
#2123=ORIENTED_EDGE('',*,*,#4241,.F.);
#2124=ORIENTED_EDGE('',*,*,#4453,.T.);
#2125=ORIENTED_EDGE('',*,*,#4235,.T.);
#2126=ORIENTED_EDGE('',*,*,#4483,.F.);
#2127=ORIENTED_EDGE('',*,*,#4249,.F.);
#2128=ORIENTED_EDGE('',*,*,#4459,.T.);
#2129=ORIENTED_EDGE('',*,*,#4243,.T.);
#2130=ORIENTED_EDGE('',*,*,#4484,.F.);
#2131=ORIENTED_EDGE('',*,*,#4257,.F.);
#2132=ORIENTED_EDGE('',*,*,#4465,.T.);
#2133=ORIENTED_EDGE('',*,*,#4251,.T.);
#2134=ORIENTED_EDGE('',*,*,#4485,.F.);
#2135=ORIENTED_EDGE('',*,*,#4265,.F.);
#2136=ORIENTED_EDGE('',*,*,#4351,.T.);
#2137=ORIENTED_EDGE('',*,*,#4259,.T.);
#2138=ORIENTED_EDGE('',*,*,#4486,.F.);
#2139=ORIENTED_EDGE('',*,*,#4109,.F.);
#2140=ORIENTED_EDGE('',*,*,#4353,.F.);
#2141=ORIENTED_EDGE('',*,*,#4111,.T.);
#2142=ORIENTED_EDGE('',*,*,#4487,.F.);
#2143=ORIENTED_EDGE('',*,*,#4117,.F.);
#2144=ORIENTED_EDGE('',*,*,#4359,.F.);
#2145=ORIENTED_EDGE('',*,*,#4119,.T.);
#2146=ORIENTED_EDGE('',*,*,#4488,.F.);
#2147=ORIENTED_EDGE('',*,*,#4125,.F.);
#2148=ORIENTED_EDGE('',*,*,#4365,.F.);
#2149=ORIENTED_EDGE('',*,*,#4127,.T.);
#2150=ORIENTED_EDGE('',*,*,#4489,.F.);
#2151=ORIENTED_EDGE('',*,*,#4133,.F.);
#2152=ORIENTED_EDGE('',*,*,#4371,.F.);
#2153=ORIENTED_EDGE('',*,*,#4135,.T.);
#2154=ORIENTED_EDGE('',*,*,#4490,.F.);
#2155=ORIENTED_EDGE('',*,*,#4141,.F.);
#2156=ORIENTED_EDGE('',*,*,#4377,.F.);
#2157=ORIENTED_EDGE('',*,*,#4143,.T.);
#2158=ORIENTED_EDGE('',*,*,#4491,.F.);
#2159=ORIENTED_EDGE('',*,*,#4149,.F.);
#2160=ORIENTED_EDGE('',*,*,#4383,.F.);
#2161=ORIENTED_EDGE('',*,*,#4151,.T.);
#2162=ORIENTED_EDGE('',*,*,#4492,.F.);
#2163=ORIENTED_EDGE('',*,*,#4157,.F.);
#2164=ORIENTED_EDGE('',*,*,#4389,.F.);
#2165=ORIENTED_EDGE('',*,*,#4159,.T.);
#2166=ORIENTED_EDGE('',*,*,#4493,.F.);
#2167=ORIENTED_EDGE('',*,*,#4165,.F.);
#2168=ORIENTED_EDGE('',*,*,#4395,.F.);
#2169=ORIENTED_EDGE('',*,*,#4167,.T.);
#2170=ORIENTED_EDGE('',*,*,#4494,.F.);
#2171=ORIENTED_EDGE('',*,*,#4173,.F.);
#2172=ORIENTED_EDGE('',*,*,#4401,.F.);
#2173=ORIENTED_EDGE('',*,*,#4175,.T.);
#2174=ORIENTED_EDGE('',*,*,#4495,.F.);
#2175=ORIENTED_EDGE('',*,*,#4181,.F.);
#2176=ORIENTED_EDGE('',*,*,#4407,.F.);
#2177=ORIENTED_EDGE('',*,*,#4183,.T.);
#2178=ORIENTED_EDGE('',*,*,#4496,.F.);
#2179=ORIENTED_EDGE('',*,*,#4189,.F.);
#2180=ORIENTED_EDGE('',*,*,#4413,.F.);
#2181=ORIENTED_EDGE('',*,*,#4191,.T.);
#2182=ORIENTED_EDGE('',*,*,#4497,.F.);
#2183=ORIENTED_EDGE('',*,*,#4197,.F.);
#2184=ORIENTED_EDGE('',*,*,#4419,.F.);
#2185=ORIENTED_EDGE('',*,*,#4199,.T.);
#2186=ORIENTED_EDGE('',*,*,#4498,.F.);
#2187=ORIENTED_EDGE('',*,*,#4205,.F.);
#2188=ORIENTED_EDGE('',*,*,#4425,.F.);
#2189=ORIENTED_EDGE('',*,*,#4207,.T.);
#2190=ORIENTED_EDGE('',*,*,#4499,.F.);
#2191=ORIENTED_EDGE('',*,*,#4213,.F.);
#2192=ORIENTED_EDGE('',*,*,#4431,.F.);
#2193=ORIENTED_EDGE('',*,*,#4215,.T.);
#2194=ORIENTED_EDGE('',*,*,#4500,.F.);
#2195=ORIENTED_EDGE('',*,*,#4221,.F.);
#2196=ORIENTED_EDGE('',*,*,#4437,.F.);
#2197=ORIENTED_EDGE('',*,*,#4223,.T.);
#2198=ORIENTED_EDGE('',*,*,#4501,.F.);
#2199=ORIENTED_EDGE('',*,*,#4229,.F.);
#2200=ORIENTED_EDGE('',*,*,#4443,.F.);
#2201=ORIENTED_EDGE('',*,*,#4231,.T.);
#2202=ORIENTED_EDGE('',*,*,#4502,.F.);
#2203=ORIENTED_EDGE('',*,*,#4237,.F.);
#2204=ORIENTED_EDGE('',*,*,#4449,.F.);
#2205=ORIENTED_EDGE('',*,*,#4239,.T.);
#2206=ORIENTED_EDGE('',*,*,#4503,.F.);
#2207=ORIENTED_EDGE('',*,*,#4245,.F.);
#2208=ORIENTED_EDGE('',*,*,#4455,.F.);
#2209=ORIENTED_EDGE('',*,*,#4247,.T.);
#2210=ORIENTED_EDGE('',*,*,#4504,.F.);
#2211=ORIENTED_EDGE('',*,*,#4253,.F.);
#2212=ORIENTED_EDGE('',*,*,#4461,.F.);
#2213=ORIENTED_EDGE('',*,*,#4255,.T.);
#2214=ORIENTED_EDGE('',*,*,#4505,.F.);
#2215=ORIENTED_EDGE('',*,*,#4261,.F.);
#2216=ORIENTED_EDGE('',*,*,#4347,.F.);
#2217=ORIENTED_EDGE('',*,*,#4263,.T.);
#2218=ORIENTED_EDGE('',*,*,#4506,.F.);
#2219=ORIENTED_EDGE('',*,*,#4507,.F.);
#2220=ORIENTED_EDGE('',*,*,#4508,.T.);
#2221=ORIENTED_EDGE('',*,*,#4509,.T.);
#2222=ORIENTED_EDGE('',*,*,#4510,.F.);
#2223=ORIENTED_EDGE('',*,*,#4511,.F.);
#2224=ORIENTED_EDGE('',*,*,#4510,.T.);
#2225=ORIENTED_EDGE('',*,*,#4512,.T.);
#2226=ORIENTED_EDGE('',*,*,#4513,.F.);
#2227=ORIENTED_EDGE('',*,*,#4514,.F.);
#2228=ORIENTED_EDGE('',*,*,#4513,.T.);
#2229=ORIENTED_EDGE('',*,*,#4515,.T.);
#2230=ORIENTED_EDGE('',*,*,#4516,.F.);
#2231=ORIENTED_EDGE('',*,*,#4517,.F.);
#2232=ORIENTED_EDGE('',*,*,#4516,.T.);
#2233=ORIENTED_EDGE('',*,*,#4518,.T.);
#2234=ORIENTED_EDGE('',*,*,#4508,.F.);
#2235=ORIENTED_EDGE('',*,*,#4110,.T.);
#2236=ORIENTED_EDGE('',*,*,#4487,.T.);
#2237=ORIENTED_EDGE('',*,*,#4114,.T.);
#2238=ORIENTED_EDGE('',*,*,#4467,.T.);
#2239=ORIENTED_EDGE('',*,*,#4118,.T.);
#2240=ORIENTED_EDGE('',*,*,#4488,.T.);
#2241=ORIENTED_EDGE('',*,*,#4122,.T.);
#2242=ORIENTED_EDGE('',*,*,#4468,.T.);
#2243=ORIENTED_EDGE('',*,*,#4126,.T.);
#2244=ORIENTED_EDGE('',*,*,#4489,.T.);
#2245=ORIENTED_EDGE('',*,*,#4130,.T.);
#2246=ORIENTED_EDGE('',*,*,#4469,.T.);
#2247=ORIENTED_EDGE('',*,*,#4134,.T.);
#2248=ORIENTED_EDGE('',*,*,#4490,.T.);
#2249=ORIENTED_EDGE('',*,*,#4138,.T.);
#2250=ORIENTED_EDGE('',*,*,#4470,.T.);
#2251=ORIENTED_EDGE('',*,*,#4142,.T.);
#2252=ORIENTED_EDGE('',*,*,#4491,.T.);
#2253=ORIENTED_EDGE('',*,*,#4146,.T.);
#2254=ORIENTED_EDGE('',*,*,#4471,.T.);
#2255=ORIENTED_EDGE('',*,*,#4150,.T.);
#2256=ORIENTED_EDGE('',*,*,#4492,.T.);
#2257=ORIENTED_EDGE('',*,*,#4154,.T.);
#2258=ORIENTED_EDGE('',*,*,#4472,.T.);
#2259=ORIENTED_EDGE('',*,*,#4158,.T.);
#2260=ORIENTED_EDGE('',*,*,#4493,.T.);
#2261=ORIENTED_EDGE('',*,*,#4162,.T.);
#2262=ORIENTED_EDGE('',*,*,#4473,.T.);
#2263=ORIENTED_EDGE('',*,*,#4166,.T.);
#2264=ORIENTED_EDGE('',*,*,#4494,.T.);
#2265=ORIENTED_EDGE('',*,*,#4170,.T.);
#2266=ORIENTED_EDGE('',*,*,#4474,.T.);
#2267=ORIENTED_EDGE('',*,*,#4174,.T.);
#2268=ORIENTED_EDGE('',*,*,#4495,.T.);
#2269=ORIENTED_EDGE('',*,*,#4178,.T.);
#2270=ORIENTED_EDGE('',*,*,#4475,.T.);
#2271=ORIENTED_EDGE('',*,*,#4182,.T.);
#2272=ORIENTED_EDGE('',*,*,#4496,.T.);
#2273=ORIENTED_EDGE('',*,*,#4186,.T.);
#2274=ORIENTED_EDGE('',*,*,#4476,.T.);
#2275=ORIENTED_EDGE('',*,*,#4190,.T.);
#2276=ORIENTED_EDGE('',*,*,#4497,.T.);
#2277=ORIENTED_EDGE('',*,*,#4194,.T.);
#2278=ORIENTED_EDGE('',*,*,#4477,.T.);
#2279=ORIENTED_EDGE('',*,*,#4198,.T.);
#2280=ORIENTED_EDGE('',*,*,#4498,.T.);
#2281=ORIENTED_EDGE('',*,*,#4202,.T.);
#2282=ORIENTED_EDGE('',*,*,#4478,.T.);
#2283=ORIENTED_EDGE('',*,*,#4206,.T.);
#2284=ORIENTED_EDGE('',*,*,#4499,.T.);
#2285=ORIENTED_EDGE('',*,*,#4210,.T.);
#2286=ORIENTED_EDGE('',*,*,#4479,.T.);
#2287=ORIENTED_EDGE('',*,*,#4214,.T.);
#2288=ORIENTED_EDGE('',*,*,#4500,.T.);
#2289=ORIENTED_EDGE('',*,*,#4218,.T.);
#2290=ORIENTED_EDGE('',*,*,#4480,.T.);
#2291=ORIENTED_EDGE('',*,*,#4222,.T.);
#2292=ORIENTED_EDGE('',*,*,#4501,.T.);
#2293=ORIENTED_EDGE('',*,*,#4226,.T.);
#2294=ORIENTED_EDGE('',*,*,#4481,.T.);
#2295=ORIENTED_EDGE('',*,*,#4230,.T.);
#2296=ORIENTED_EDGE('',*,*,#4502,.T.);
#2297=ORIENTED_EDGE('',*,*,#4234,.T.);
#2298=ORIENTED_EDGE('',*,*,#4482,.T.);
#2299=ORIENTED_EDGE('',*,*,#4238,.T.);
#2300=ORIENTED_EDGE('',*,*,#4503,.T.);
#2301=ORIENTED_EDGE('',*,*,#4242,.T.);
#2302=ORIENTED_EDGE('',*,*,#4483,.T.);
#2303=ORIENTED_EDGE('',*,*,#4246,.T.);
#2304=ORIENTED_EDGE('',*,*,#4504,.T.);
#2305=ORIENTED_EDGE('',*,*,#4250,.T.);
#2306=ORIENTED_EDGE('',*,*,#4484,.T.);
#2307=ORIENTED_EDGE('',*,*,#4254,.T.);
#2308=ORIENTED_EDGE('',*,*,#4505,.T.);
#2309=ORIENTED_EDGE('',*,*,#4258,.T.);
#2310=ORIENTED_EDGE('',*,*,#4485,.T.);
#2311=ORIENTED_EDGE('',*,*,#4262,.T.);
#2312=ORIENTED_EDGE('',*,*,#4506,.T.);
#2313=ORIENTED_EDGE('',*,*,#4266,.T.);
#2314=ORIENTED_EDGE('',*,*,#4486,.T.);
#2315=ORIENTED_EDGE('',*,*,#4518,.F.);
#2316=ORIENTED_EDGE('',*,*,#4515,.F.);
#2317=ORIENTED_EDGE('',*,*,#4512,.F.);
#2318=ORIENTED_EDGE('',*,*,#4509,.F.);
#2319=ORIENTED_EDGE('',*,*,#3635,.F.);
#2320=ORIENTED_EDGE('',*,*,#3639,.F.);
#2321=ORIENTED_EDGE('',*,*,#3642,.F.);
#2322=ORIENTED_EDGE('',*,*,#4068,.F.);
#2323=ORIENTED_EDGE('',*,*,#3657,.F.);
#2324=ORIENTED_EDGE('',*,*,#3661,.F.);
#2325=ORIENTED_EDGE('',*,*,#3664,.F.);
#2326=ORIENTED_EDGE('',*,*,#4070,.F.);
#2327=ORIENTED_EDGE('',*,*,#3679,.F.);
#2328=ORIENTED_EDGE('',*,*,#3683,.F.);
#2329=ORIENTED_EDGE('',*,*,#3686,.F.);
#2330=ORIENTED_EDGE('',*,*,#4072,.F.);
#2331=ORIENTED_EDGE('',*,*,#3701,.F.);
#2332=ORIENTED_EDGE('',*,*,#3705,.F.);
#2333=ORIENTED_EDGE('',*,*,#3708,.F.);
#2334=ORIENTED_EDGE('',*,*,#4074,.F.);
#2335=ORIENTED_EDGE('',*,*,#3723,.F.);
#2336=ORIENTED_EDGE('',*,*,#3727,.F.);
#2337=ORIENTED_EDGE('',*,*,#3730,.F.);
#2338=ORIENTED_EDGE('',*,*,#4076,.F.);
#2339=ORIENTED_EDGE('',*,*,#3745,.F.);
#2340=ORIENTED_EDGE('',*,*,#3749,.F.);
#2341=ORIENTED_EDGE('',*,*,#3752,.F.);
#2342=ORIENTED_EDGE('',*,*,#4078,.F.);
#2343=ORIENTED_EDGE('',*,*,#3767,.F.);
#2344=ORIENTED_EDGE('',*,*,#3771,.F.);
#2345=ORIENTED_EDGE('',*,*,#3774,.F.);
#2346=ORIENTED_EDGE('',*,*,#4080,.F.);
#2347=ORIENTED_EDGE('',*,*,#3789,.F.);
#2348=ORIENTED_EDGE('',*,*,#3793,.F.);
#2349=ORIENTED_EDGE('',*,*,#3796,.F.);
#2350=ORIENTED_EDGE('',*,*,#4082,.F.);
#2351=ORIENTED_EDGE('',*,*,#3811,.F.);
#2352=ORIENTED_EDGE('',*,*,#3815,.F.);
#2353=ORIENTED_EDGE('',*,*,#3818,.F.);
#2354=ORIENTED_EDGE('',*,*,#4084,.F.);
#2355=ORIENTED_EDGE('',*,*,#3833,.F.);
#2356=ORIENTED_EDGE('',*,*,#3837,.F.);
#2357=ORIENTED_EDGE('',*,*,#3840,.F.);
#2358=ORIENTED_EDGE('',*,*,#4086,.F.);
#2359=ORIENTED_EDGE('',*,*,#3855,.F.);
#2360=ORIENTED_EDGE('',*,*,#3859,.F.);
#2361=ORIENTED_EDGE('',*,*,#3862,.F.);
#2362=ORIENTED_EDGE('',*,*,#4088,.F.);
#2363=ORIENTED_EDGE('',*,*,#3877,.F.);
#2364=ORIENTED_EDGE('',*,*,#3881,.F.);
#2365=ORIENTED_EDGE('',*,*,#3884,.F.);
#2366=ORIENTED_EDGE('',*,*,#4090,.F.);
#2367=ORIENTED_EDGE('',*,*,#3899,.F.);
#2368=ORIENTED_EDGE('',*,*,#3903,.F.);
#2369=ORIENTED_EDGE('',*,*,#3906,.F.);
#2370=ORIENTED_EDGE('',*,*,#4092,.F.);
#2371=ORIENTED_EDGE('',*,*,#3921,.F.);
#2372=ORIENTED_EDGE('',*,*,#3925,.F.);
#2373=ORIENTED_EDGE('',*,*,#3928,.F.);
#2374=ORIENTED_EDGE('',*,*,#4094,.F.);
#2375=ORIENTED_EDGE('',*,*,#3943,.F.);
#2376=ORIENTED_EDGE('',*,*,#3947,.F.);
#2377=ORIENTED_EDGE('',*,*,#3950,.F.);
#2378=ORIENTED_EDGE('',*,*,#4096,.F.);
#2379=ORIENTED_EDGE('',*,*,#3965,.F.);
#2380=ORIENTED_EDGE('',*,*,#3969,.F.);
#2381=ORIENTED_EDGE('',*,*,#3972,.F.);
#2382=ORIENTED_EDGE('',*,*,#4098,.F.);
#2383=ORIENTED_EDGE('',*,*,#3987,.F.);
#2384=ORIENTED_EDGE('',*,*,#3991,.F.);
#2385=ORIENTED_EDGE('',*,*,#3994,.F.);
#2386=ORIENTED_EDGE('',*,*,#4100,.F.);
#2387=ORIENTED_EDGE('',*,*,#4009,.F.);
#2388=ORIENTED_EDGE('',*,*,#4013,.F.);
#2389=ORIENTED_EDGE('',*,*,#4016,.F.);
#2390=ORIENTED_EDGE('',*,*,#4102,.F.);
#2391=ORIENTED_EDGE('',*,*,#4031,.F.);
#2392=ORIENTED_EDGE('',*,*,#4035,.F.);
#2393=ORIENTED_EDGE('',*,*,#4038,.F.);
#2394=ORIENTED_EDGE('',*,*,#4104,.F.);
#2395=ORIENTED_EDGE('',*,*,#4053,.F.);
#2396=ORIENTED_EDGE('',*,*,#4057,.F.);
#2397=ORIENTED_EDGE('',*,*,#4060,.F.);
#2398=ORIENTED_EDGE('',*,*,#4106,.F.);
#2399=ORIENTED_EDGE('',*,*,#4507,.T.);
#2400=ORIENTED_EDGE('',*,*,#4511,.T.);
#2401=ORIENTED_EDGE('',*,*,#4514,.T.);
#2402=ORIENTED_EDGE('',*,*,#4517,.T.);
#2403=ORIENTED_EDGE('',*,*,#4269,.T.);
#2404=ORIENTED_EDGE('',*,*,#4466,.F.);
#2405=ORIENTED_EDGE('',*,*,#4256,.T.);
#2406=ORIENTED_EDGE('',*,*,#4463,.F.);
#2407=ORIENTED_EDGE('',*,*,#4252,.F.);
#2408=ORIENTED_EDGE('',*,*,#4464,.F.);
#2409=ORIENTED_EDGE('',*,*,#4267,.T.);
#2410=ORIENTED_EDGE('',*,*,#4462,.F.);
#2411=ORIENTED_EDGE('',*,*,#4273,.T.);
#2412=ORIENTED_EDGE('',*,*,#4460,.F.);
#2413=ORIENTED_EDGE('',*,*,#4248,.T.);
#2414=ORIENTED_EDGE('',*,*,#4457,.F.);
#2415=ORIENTED_EDGE('',*,*,#4244,.F.);
#2416=ORIENTED_EDGE('',*,*,#4458,.F.);
#2417=ORIENTED_EDGE('',*,*,#4271,.T.);
#2418=ORIENTED_EDGE('',*,*,#4456,.F.);
#2419=ORIENTED_EDGE('',*,*,#4277,.T.);
#2420=ORIENTED_EDGE('',*,*,#4454,.F.);
#2421=ORIENTED_EDGE('',*,*,#4240,.T.);
#2422=ORIENTED_EDGE('',*,*,#4451,.F.);
#2423=ORIENTED_EDGE('',*,*,#4236,.F.);
#2424=ORIENTED_EDGE('',*,*,#4452,.F.);
#2425=ORIENTED_EDGE('',*,*,#4275,.T.);
#2426=ORIENTED_EDGE('',*,*,#4450,.F.);
#2427=ORIENTED_EDGE('',*,*,#4281,.T.);
#2428=ORIENTED_EDGE('',*,*,#4448,.F.);
#2429=ORIENTED_EDGE('',*,*,#4232,.T.);
#2430=ORIENTED_EDGE('',*,*,#4445,.F.);
#2431=ORIENTED_EDGE('',*,*,#4228,.F.);
#2432=ORIENTED_EDGE('',*,*,#4446,.F.);
#2433=ORIENTED_EDGE('',*,*,#4279,.T.);
#2434=ORIENTED_EDGE('',*,*,#4444,.F.);
#2435=ORIENTED_EDGE('',*,*,#4285,.T.);
#2436=ORIENTED_EDGE('',*,*,#4442,.F.);
#2437=ORIENTED_EDGE('',*,*,#4224,.T.);
#2438=ORIENTED_EDGE('',*,*,#4439,.F.);
#2439=ORIENTED_EDGE('',*,*,#4220,.F.);
#2440=ORIENTED_EDGE('',*,*,#4440,.F.);
#2441=ORIENTED_EDGE('',*,*,#4283,.T.);
#2442=ORIENTED_EDGE('',*,*,#4438,.F.);
#2443=ORIENTED_EDGE('',*,*,#4289,.T.);
#2444=ORIENTED_EDGE('',*,*,#4436,.F.);
#2445=ORIENTED_EDGE('',*,*,#4216,.T.);
#2446=ORIENTED_EDGE('',*,*,#4433,.F.);
#2447=ORIENTED_EDGE('',*,*,#4212,.F.);
#2448=ORIENTED_EDGE('',*,*,#4434,.F.);
#2449=ORIENTED_EDGE('',*,*,#4287,.T.);
#2450=ORIENTED_EDGE('',*,*,#4432,.F.);
#2451=ORIENTED_EDGE('',*,*,#4293,.T.);
#2452=ORIENTED_EDGE('',*,*,#4430,.F.);
#2453=ORIENTED_EDGE('',*,*,#4208,.T.);
#2454=ORIENTED_EDGE('',*,*,#4427,.F.);
#2455=ORIENTED_EDGE('',*,*,#4204,.F.);
#2456=ORIENTED_EDGE('',*,*,#4428,.F.);
#2457=ORIENTED_EDGE('',*,*,#4291,.T.);
#2458=ORIENTED_EDGE('',*,*,#4426,.F.);
#2459=ORIENTED_EDGE('',*,*,#4297,.T.);
#2460=ORIENTED_EDGE('',*,*,#4424,.F.);
#2461=ORIENTED_EDGE('',*,*,#4200,.T.);
#2462=ORIENTED_EDGE('',*,*,#4421,.F.);
#2463=ORIENTED_EDGE('',*,*,#4196,.F.);
#2464=ORIENTED_EDGE('',*,*,#4422,.F.);
#2465=ORIENTED_EDGE('',*,*,#4295,.T.);
#2466=ORIENTED_EDGE('',*,*,#4420,.F.);
#2467=ORIENTED_EDGE('',*,*,#4301,.T.);
#2468=ORIENTED_EDGE('',*,*,#4418,.F.);
#2469=ORIENTED_EDGE('',*,*,#4192,.T.);
#2470=ORIENTED_EDGE('',*,*,#4415,.F.);
#2471=ORIENTED_EDGE('',*,*,#4188,.F.);
#2472=ORIENTED_EDGE('',*,*,#4416,.F.);
#2473=ORIENTED_EDGE('',*,*,#4299,.T.);
#2474=ORIENTED_EDGE('',*,*,#4414,.F.);
#2475=ORIENTED_EDGE('',*,*,#4305,.T.);
#2476=ORIENTED_EDGE('',*,*,#4412,.F.);
#2477=ORIENTED_EDGE('',*,*,#4184,.T.);
#2478=ORIENTED_EDGE('',*,*,#4409,.F.);
#2479=ORIENTED_EDGE('',*,*,#4180,.F.);
#2480=ORIENTED_EDGE('',*,*,#4410,.F.);
#2481=ORIENTED_EDGE('',*,*,#4303,.T.);
#2482=ORIENTED_EDGE('',*,*,#4408,.F.);
#2483=ORIENTED_EDGE('',*,*,#4309,.T.);
#2484=ORIENTED_EDGE('',*,*,#4406,.F.);
#2485=ORIENTED_EDGE('',*,*,#4176,.T.);
#2486=ORIENTED_EDGE('',*,*,#4403,.F.);
#2487=ORIENTED_EDGE('',*,*,#4172,.F.);
#2488=ORIENTED_EDGE('',*,*,#4404,.F.);
#2489=ORIENTED_EDGE('',*,*,#4307,.T.);
#2490=ORIENTED_EDGE('',*,*,#4402,.F.);
#2491=ORIENTED_EDGE('',*,*,#4313,.T.);
#2492=ORIENTED_EDGE('',*,*,#4400,.F.);
#2493=ORIENTED_EDGE('',*,*,#4168,.T.);
#2494=ORIENTED_EDGE('',*,*,#4397,.F.);
#2495=ORIENTED_EDGE('',*,*,#4164,.F.);
#2496=ORIENTED_EDGE('',*,*,#4398,.F.);
#2497=ORIENTED_EDGE('',*,*,#4311,.T.);
#2498=ORIENTED_EDGE('',*,*,#4396,.F.);
#2499=ORIENTED_EDGE('',*,*,#4317,.T.);
#2500=ORIENTED_EDGE('',*,*,#4394,.F.);
#2501=ORIENTED_EDGE('',*,*,#4160,.T.);
#2502=ORIENTED_EDGE('',*,*,#4391,.F.);
#2503=ORIENTED_EDGE('',*,*,#4156,.F.);
#2504=ORIENTED_EDGE('',*,*,#4392,.F.);
#2505=ORIENTED_EDGE('',*,*,#4315,.T.);
#2506=ORIENTED_EDGE('',*,*,#4390,.F.);
#2507=ORIENTED_EDGE('',*,*,#4321,.T.);
#2508=ORIENTED_EDGE('',*,*,#4388,.F.);
#2509=ORIENTED_EDGE('',*,*,#4152,.T.);
#2510=ORIENTED_EDGE('',*,*,#4385,.F.);
#2511=ORIENTED_EDGE('',*,*,#4148,.F.);
#2512=ORIENTED_EDGE('',*,*,#4386,.F.);
#2513=ORIENTED_EDGE('',*,*,#4319,.T.);
#2514=ORIENTED_EDGE('',*,*,#4384,.F.);
#2515=ORIENTED_EDGE('',*,*,#4325,.T.);
#2516=ORIENTED_EDGE('',*,*,#4382,.F.);
#2517=ORIENTED_EDGE('',*,*,#4144,.T.);
#2518=ORIENTED_EDGE('',*,*,#4379,.F.);
#2519=ORIENTED_EDGE('',*,*,#4140,.F.);
#2520=ORIENTED_EDGE('',*,*,#4380,.F.);
#2521=ORIENTED_EDGE('',*,*,#4323,.T.);
#2522=ORIENTED_EDGE('',*,*,#4378,.F.);
#2523=ORIENTED_EDGE('',*,*,#4329,.T.);
#2524=ORIENTED_EDGE('',*,*,#4376,.F.);
#2525=ORIENTED_EDGE('',*,*,#4136,.T.);
#2526=ORIENTED_EDGE('',*,*,#4373,.F.);
#2527=ORIENTED_EDGE('',*,*,#4132,.F.);
#2528=ORIENTED_EDGE('',*,*,#4374,.F.);
#2529=ORIENTED_EDGE('',*,*,#4327,.T.);
#2530=ORIENTED_EDGE('',*,*,#4372,.F.);
#2531=ORIENTED_EDGE('',*,*,#4333,.T.);
#2532=ORIENTED_EDGE('',*,*,#4370,.F.);
#2533=ORIENTED_EDGE('',*,*,#4128,.T.);
#2534=ORIENTED_EDGE('',*,*,#4367,.F.);
#2535=ORIENTED_EDGE('',*,*,#4124,.F.);
#2536=ORIENTED_EDGE('',*,*,#4368,.F.);
#2537=ORIENTED_EDGE('',*,*,#4331,.T.);
#2538=ORIENTED_EDGE('',*,*,#4366,.F.);
#2539=ORIENTED_EDGE('',*,*,#4337,.T.);
#2540=ORIENTED_EDGE('',*,*,#4364,.F.);
#2541=ORIENTED_EDGE('',*,*,#4120,.T.);
#2542=ORIENTED_EDGE('',*,*,#4361,.F.);
#2543=ORIENTED_EDGE('',*,*,#4116,.F.);
#2544=ORIENTED_EDGE('',*,*,#4362,.F.);
#2545=ORIENTED_EDGE('',*,*,#4335,.T.);
#2546=ORIENTED_EDGE('',*,*,#4360,.F.);
#2547=ORIENTED_EDGE('',*,*,#4341,.T.);
#2548=ORIENTED_EDGE('',*,*,#4358,.F.);
#2549=ORIENTED_EDGE('',*,*,#4112,.T.);
#2550=ORIENTED_EDGE('',*,*,#4355,.F.);
#2551=ORIENTED_EDGE('',*,*,#4108,.F.);
#2552=ORIENTED_EDGE('',*,*,#4356,.F.);
#2553=ORIENTED_EDGE('',*,*,#4339,.T.);
#2554=ORIENTED_EDGE('',*,*,#4354,.F.);
#2555=ORIENTED_EDGE('',*,*,#4345,.T.);
#2556=ORIENTED_EDGE('',*,*,#4352,.F.);
#2557=ORIENTED_EDGE('',*,*,#4264,.T.);
#2558=ORIENTED_EDGE('',*,*,#4349,.F.);
#2559=ORIENTED_EDGE('',*,*,#4260,.F.);
#2560=ORIENTED_EDGE('',*,*,#4350,.F.);
#2561=ORIENTED_EDGE('',*,*,#4343,.T.);
#2562=ORIENTED_EDGE('',*,*,#4348,.F.);
#2563=ORIENTED_EDGE('',*,*,#4045,.T.);
#2564=ORIENTED_EDGE('',*,*,#4105,.T.);
#2565=ORIENTED_EDGE('',*,*,#4058,.T.);
#2566=ORIENTED_EDGE('',*,*,#4519,.T.);
#2567=ORIENTED_EDGE('',*,*,#4051,.T.);
#2568=ORIENTED_EDGE('',*,*,#4520,.F.);
#2569=ORIENTED_EDGE('',*,*,#4061,.T.);
#2570=ORIENTED_EDGE('',*,*,#4055,.T.);
#2571=ORIENTED_EDGE('',*,*,#4050,.T.);
#2572=ORIENTED_EDGE('',*,*,#4521,.F.);
#2573=ORIENTED_EDGE('',*,*,#4062,.T.);
#2574=ORIENTED_EDGE('',*,*,#4520,.T.);
#2575=ORIENTED_EDGE('',*,*,#4049,.T.);
#2576=ORIENTED_EDGE('',*,*,#4522,.F.);
#2577=ORIENTED_EDGE('',*,*,#4063,.T.);
#2578=ORIENTED_EDGE('',*,*,#4521,.T.);
#2579=ORIENTED_EDGE('',*,*,#4048,.T.);
#2580=ORIENTED_EDGE('',*,*,#4523,.F.);
#2581=ORIENTED_EDGE('',*,*,#4064,.T.);
#2582=ORIENTED_EDGE('',*,*,#4522,.T.);
#2583=ORIENTED_EDGE('',*,*,#4047,.T.);
#2584=ORIENTED_EDGE('',*,*,#4524,.F.);
#2585=ORIENTED_EDGE('',*,*,#4065,.T.);
#2586=ORIENTED_EDGE('',*,*,#4523,.T.);
#2587=ORIENTED_EDGE('',*,*,#4046,.T.);
#2588=ORIENTED_EDGE('',*,*,#4519,.F.);
#2589=ORIENTED_EDGE('',*,*,#4066,.T.);
#2590=ORIENTED_EDGE('',*,*,#4524,.T.);
#2591=ORIENTED_EDGE('',*,*,#4023,.T.);
#2592=ORIENTED_EDGE('',*,*,#4103,.T.);
#2593=ORIENTED_EDGE('',*,*,#4036,.T.);
#2594=ORIENTED_EDGE('',*,*,#4525,.T.);
#2595=ORIENTED_EDGE('',*,*,#4029,.T.);
#2596=ORIENTED_EDGE('',*,*,#4526,.F.);
#2597=ORIENTED_EDGE('',*,*,#4039,.T.);
#2598=ORIENTED_EDGE('',*,*,#4033,.T.);
#2599=ORIENTED_EDGE('',*,*,#4028,.T.);
#2600=ORIENTED_EDGE('',*,*,#4527,.F.);
#2601=ORIENTED_EDGE('',*,*,#4040,.T.);
#2602=ORIENTED_EDGE('',*,*,#4526,.T.);
#2603=ORIENTED_EDGE('',*,*,#4027,.T.);
#2604=ORIENTED_EDGE('',*,*,#4528,.F.);
#2605=ORIENTED_EDGE('',*,*,#4041,.T.);
#2606=ORIENTED_EDGE('',*,*,#4527,.T.);
#2607=ORIENTED_EDGE('',*,*,#4026,.T.);
#2608=ORIENTED_EDGE('',*,*,#4529,.F.);
#2609=ORIENTED_EDGE('',*,*,#4042,.T.);
#2610=ORIENTED_EDGE('',*,*,#4528,.T.);
#2611=ORIENTED_EDGE('',*,*,#4025,.T.);
#2612=ORIENTED_EDGE('',*,*,#4530,.F.);
#2613=ORIENTED_EDGE('',*,*,#4043,.T.);
#2614=ORIENTED_EDGE('',*,*,#4529,.T.);
#2615=ORIENTED_EDGE('',*,*,#4024,.T.);
#2616=ORIENTED_EDGE('',*,*,#4525,.F.);
#2617=ORIENTED_EDGE('',*,*,#4044,.T.);
#2618=ORIENTED_EDGE('',*,*,#4530,.T.);
#2619=ORIENTED_EDGE('',*,*,#4001,.T.);
#2620=ORIENTED_EDGE('',*,*,#4101,.T.);
#2621=ORIENTED_EDGE('',*,*,#4014,.T.);
#2622=ORIENTED_EDGE('',*,*,#4531,.T.);
#2623=ORIENTED_EDGE('',*,*,#4007,.T.);
#2624=ORIENTED_EDGE('',*,*,#4532,.F.);
#2625=ORIENTED_EDGE('',*,*,#4017,.T.);
#2626=ORIENTED_EDGE('',*,*,#4011,.T.);
#2627=ORIENTED_EDGE('',*,*,#4006,.T.);
#2628=ORIENTED_EDGE('',*,*,#4533,.F.);
#2629=ORIENTED_EDGE('',*,*,#4018,.T.);
#2630=ORIENTED_EDGE('',*,*,#4532,.T.);
#2631=ORIENTED_EDGE('',*,*,#4005,.T.);
#2632=ORIENTED_EDGE('',*,*,#4534,.F.);
#2633=ORIENTED_EDGE('',*,*,#4019,.T.);
#2634=ORIENTED_EDGE('',*,*,#4533,.T.);
#2635=ORIENTED_EDGE('',*,*,#4004,.T.);
#2636=ORIENTED_EDGE('',*,*,#4535,.F.);
#2637=ORIENTED_EDGE('',*,*,#4020,.T.);
#2638=ORIENTED_EDGE('',*,*,#4534,.T.);
#2639=ORIENTED_EDGE('',*,*,#4003,.T.);
#2640=ORIENTED_EDGE('',*,*,#4536,.F.);
#2641=ORIENTED_EDGE('',*,*,#4021,.T.);
#2642=ORIENTED_EDGE('',*,*,#4535,.T.);
#2643=ORIENTED_EDGE('',*,*,#4002,.T.);
#2644=ORIENTED_EDGE('',*,*,#4531,.F.);
#2645=ORIENTED_EDGE('',*,*,#4022,.T.);
#2646=ORIENTED_EDGE('',*,*,#4536,.T.);
#2647=ORIENTED_EDGE('',*,*,#3979,.T.);
#2648=ORIENTED_EDGE('',*,*,#4099,.T.);
#2649=ORIENTED_EDGE('',*,*,#3992,.T.);
#2650=ORIENTED_EDGE('',*,*,#4537,.T.);
#2651=ORIENTED_EDGE('',*,*,#3985,.T.);
#2652=ORIENTED_EDGE('',*,*,#4538,.F.);
#2653=ORIENTED_EDGE('',*,*,#3995,.T.);
#2654=ORIENTED_EDGE('',*,*,#3989,.T.);
#2655=ORIENTED_EDGE('',*,*,#3984,.T.);
#2656=ORIENTED_EDGE('',*,*,#4539,.F.);
#2657=ORIENTED_EDGE('',*,*,#3996,.T.);
#2658=ORIENTED_EDGE('',*,*,#4538,.T.);
#2659=ORIENTED_EDGE('',*,*,#3983,.T.);
#2660=ORIENTED_EDGE('',*,*,#4540,.F.);
#2661=ORIENTED_EDGE('',*,*,#3997,.T.);
#2662=ORIENTED_EDGE('',*,*,#4539,.T.);
#2663=ORIENTED_EDGE('',*,*,#3982,.T.);
#2664=ORIENTED_EDGE('',*,*,#4541,.F.);
#2665=ORIENTED_EDGE('',*,*,#3998,.T.);
#2666=ORIENTED_EDGE('',*,*,#4540,.T.);
#2667=ORIENTED_EDGE('',*,*,#3981,.T.);
#2668=ORIENTED_EDGE('',*,*,#4542,.F.);
#2669=ORIENTED_EDGE('',*,*,#3999,.T.);
#2670=ORIENTED_EDGE('',*,*,#4541,.T.);
#2671=ORIENTED_EDGE('',*,*,#3980,.T.);
#2672=ORIENTED_EDGE('',*,*,#4537,.F.);
#2673=ORIENTED_EDGE('',*,*,#4000,.T.);
#2674=ORIENTED_EDGE('',*,*,#4542,.T.);
#2675=ORIENTED_EDGE('',*,*,#3957,.T.);
#2676=ORIENTED_EDGE('',*,*,#4097,.T.);
#2677=ORIENTED_EDGE('',*,*,#3970,.T.);
#2678=ORIENTED_EDGE('',*,*,#4543,.T.);
#2679=ORIENTED_EDGE('',*,*,#3963,.T.);
#2680=ORIENTED_EDGE('',*,*,#4544,.F.);
#2681=ORIENTED_EDGE('',*,*,#3973,.T.);
#2682=ORIENTED_EDGE('',*,*,#3967,.T.);
#2683=ORIENTED_EDGE('',*,*,#3962,.T.);
#2684=ORIENTED_EDGE('',*,*,#4545,.F.);
#2685=ORIENTED_EDGE('',*,*,#3974,.T.);
#2686=ORIENTED_EDGE('',*,*,#4544,.T.);
#2687=ORIENTED_EDGE('',*,*,#3961,.T.);
#2688=ORIENTED_EDGE('',*,*,#4546,.F.);
#2689=ORIENTED_EDGE('',*,*,#3975,.T.);
#2690=ORIENTED_EDGE('',*,*,#4545,.T.);
#2691=ORIENTED_EDGE('',*,*,#3960,.T.);
#2692=ORIENTED_EDGE('',*,*,#4547,.F.);
#2693=ORIENTED_EDGE('',*,*,#3976,.T.);
#2694=ORIENTED_EDGE('',*,*,#4546,.T.);
#2695=ORIENTED_EDGE('',*,*,#3959,.T.);
#2696=ORIENTED_EDGE('',*,*,#4548,.F.);
#2697=ORIENTED_EDGE('',*,*,#3977,.T.);
#2698=ORIENTED_EDGE('',*,*,#4547,.T.);
#2699=ORIENTED_EDGE('',*,*,#3958,.T.);
#2700=ORIENTED_EDGE('',*,*,#4543,.F.);
#2701=ORIENTED_EDGE('',*,*,#3978,.T.);
#2702=ORIENTED_EDGE('',*,*,#4548,.T.);
#2703=ORIENTED_EDGE('',*,*,#3935,.T.);
#2704=ORIENTED_EDGE('',*,*,#4095,.T.);
#2705=ORIENTED_EDGE('',*,*,#3948,.T.);
#2706=ORIENTED_EDGE('',*,*,#4549,.T.);
#2707=ORIENTED_EDGE('',*,*,#3941,.T.);
#2708=ORIENTED_EDGE('',*,*,#4550,.F.);
#2709=ORIENTED_EDGE('',*,*,#3951,.T.);
#2710=ORIENTED_EDGE('',*,*,#3945,.T.);
#2711=ORIENTED_EDGE('',*,*,#3940,.T.);
#2712=ORIENTED_EDGE('',*,*,#4551,.F.);
#2713=ORIENTED_EDGE('',*,*,#3952,.T.);
#2714=ORIENTED_EDGE('',*,*,#4550,.T.);
#2715=ORIENTED_EDGE('',*,*,#3939,.T.);
#2716=ORIENTED_EDGE('',*,*,#4552,.F.);
#2717=ORIENTED_EDGE('',*,*,#3953,.T.);
#2718=ORIENTED_EDGE('',*,*,#4551,.T.);
#2719=ORIENTED_EDGE('',*,*,#3938,.T.);
#2720=ORIENTED_EDGE('',*,*,#4553,.F.);
#2721=ORIENTED_EDGE('',*,*,#3954,.T.);
#2722=ORIENTED_EDGE('',*,*,#4552,.T.);
#2723=ORIENTED_EDGE('',*,*,#3937,.T.);
#2724=ORIENTED_EDGE('',*,*,#4554,.F.);
#2725=ORIENTED_EDGE('',*,*,#3955,.T.);
#2726=ORIENTED_EDGE('',*,*,#4553,.T.);
#2727=ORIENTED_EDGE('',*,*,#3936,.T.);
#2728=ORIENTED_EDGE('',*,*,#4549,.F.);
#2729=ORIENTED_EDGE('',*,*,#3956,.T.);
#2730=ORIENTED_EDGE('',*,*,#4554,.T.);
#2731=ORIENTED_EDGE('',*,*,#3913,.T.);
#2732=ORIENTED_EDGE('',*,*,#4093,.T.);
#2733=ORIENTED_EDGE('',*,*,#3926,.T.);
#2734=ORIENTED_EDGE('',*,*,#4555,.T.);
#2735=ORIENTED_EDGE('',*,*,#3919,.T.);
#2736=ORIENTED_EDGE('',*,*,#4556,.F.);
#2737=ORIENTED_EDGE('',*,*,#3929,.T.);
#2738=ORIENTED_EDGE('',*,*,#3923,.T.);
#2739=ORIENTED_EDGE('',*,*,#3918,.T.);
#2740=ORIENTED_EDGE('',*,*,#4557,.F.);
#2741=ORIENTED_EDGE('',*,*,#3930,.T.);
#2742=ORIENTED_EDGE('',*,*,#4556,.T.);
#2743=ORIENTED_EDGE('',*,*,#3917,.T.);
#2744=ORIENTED_EDGE('',*,*,#4558,.F.);
#2745=ORIENTED_EDGE('',*,*,#3931,.T.);
#2746=ORIENTED_EDGE('',*,*,#4557,.T.);
#2747=ORIENTED_EDGE('',*,*,#3916,.T.);
#2748=ORIENTED_EDGE('',*,*,#4559,.F.);
#2749=ORIENTED_EDGE('',*,*,#3932,.T.);
#2750=ORIENTED_EDGE('',*,*,#4558,.T.);
#2751=ORIENTED_EDGE('',*,*,#3915,.T.);
#2752=ORIENTED_EDGE('',*,*,#4560,.F.);
#2753=ORIENTED_EDGE('',*,*,#3933,.T.);
#2754=ORIENTED_EDGE('',*,*,#4559,.T.);
#2755=ORIENTED_EDGE('',*,*,#3914,.T.);
#2756=ORIENTED_EDGE('',*,*,#4555,.F.);
#2757=ORIENTED_EDGE('',*,*,#3934,.T.);
#2758=ORIENTED_EDGE('',*,*,#4560,.T.);
#2759=ORIENTED_EDGE('',*,*,#3891,.T.);
#2760=ORIENTED_EDGE('',*,*,#4091,.T.);
#2761=ORIENTED_EDGE('',*,*,#3904,.T.);
#2762=ORIENTED_EDGE('',*,*,#4561,.T.);
#2763=ORIENTED_EDGE('',*,*,#3897,.T.);
#2764=ORIENTED_EDGE('',*,*,#4562,.F.);
#2765=ORIENTED_EDGE('',*,*,#3907,.T.);
#2766=ORIENTED_EDGE('',*,*,#3901,.T.);
#2767=ORIENTED_EDGE('',*,*,#3896,.T.);
#2768=ORIENTED_EDGE('',*,*,#4563,.F.);
#2769=ORIENTED_EDGE('',*,*,#3908,.T.);
#2770=ORIENTED_EDGE('',*,*,#4562,.T.);
#2771=ORIENTED_EDGE('',*,*,#3895,.T.);
#2772=ORIENTED_EDGE('',*,*,#4564,.F.);
#2773=ORIENTED_EDGE('',*,*,#3909,.T.);
#2774=ORIENTED_EDGE('',*,*,#4563,.T.);
#2775=ORIENTED_EDGE('',*,*,#3894,.T.);
#2776=ORIENTED_EDGE('',*,*,#4565,.F.);
#2777=ORIENTED_EDGE('',*,*,#3910,.T.);
#2778=ORIENTED_EDGE('',*,*,#4564,.T.);
#2779=ORIENTED_EDGE('',*,*,#3893,.T.);
#2780=ORIENTED_EDGE('',*,*,#4566,.F.);
#2781=ORIENTED_EDGE('',*,*,#3911,.T.);
#2782=ORIENTED_EDGE('',*,*,#4565,.T.);
#2783=ORIENTED_EDGE('',*,*,#3892,.T.);
#2784=ORIENTED_EDGE('',*,*,#4561,.F.);
#2785=ORIENTED_EDGE('',*,*,#3912,.T.);
#2786=ORIENTED_EDGE('',*,*,#4566,.T.);
#2787=ORIENTED_EDGE('',*,*,#3869,.T.);
#2788=ORIENTED_EDGE('',*,*,#4089,.T.);
#2789=ORIENTED_EDGE('',*,*,#3882,.T.);
#2790=ORIENTED_EDGE('',*,*,#4567,.T.);
#2791=ORIENTED_EDGE('',*,*,#3875,.T.);
#2792=ORIENTED_EDGE('',*,*,#4568,.F.);
#2793=ORIENTED_EDGE('',*,*,#3885,.T.);
#2794=ORIENTED_EDGE('',*,*,#3879,.T.);
#2795=ORIENTED_EDGE('',*,*,#3874,.T.);
#2796=ORIENTED_EDGE('',*,*,#4569,.F.);
#2797=ORIENTED_EDGE('',*,*,#3886,.T.);
#2798=ORIENTED_EDGE('',*,*,#4568,.T.);
#2799=ORIENTED_EDGE('',*,*,#3873,.T.);
#2800=ORIENTED_EDGE('',*,*,#4570,.F.);
#2801=ORIENTED_EDGE('',*,*,#3887,.T.);
#2802=ORIENTED_EDGE('',*,*,#4569,.T.);
#2803=ORIENTED_EDGE('',*,*,#3872,.T.);
#2804=ORIENTED_EDGE('',*,*,#4571,.F.);
#2805=ORIENTED_EDGE('',*,*,#3888,.T.);
#2806=ORIENTED_EDGE('',*,*,#4570,.T.);
#2807=ORIENTED_EDGE('',*,*,#3871,.T.);
#2808=ORIENTED_EDGE('',*,*,#4572,.F.);
#2809=ORIENTED_EDGE('',*,*,#3889,.T.);
#2810=ORIENTED_EDGE('',*,*,#4571,.T.);
#2811=ORIENTED_EDGE('',*,*,#3870,.T.);
#2812=ORIENTED_EDGE('',*,*,#4567,.F.);
#2813=ORIENTED_EDGE('',*,*,#3890,.T.);
#2814=ORIENTED_EDGE('',*,*,#4572,.T.);
#2815=ORIENTED_EDGE('',*,*,#3847,.T.);
#2816=ORIENTED_EDGE('',*,*,#4087,.T.);
#2817=ORIENTED_EDGE('',*,*,#3860,.T.);
#2818=ORIENTED_EDGE('',*,*,#4573,.T.);
#2819=ORIENTED_EDGE('',*,*,#3853,.T.);
#2820=ORIENTED_EDGE('',*,*,#4574,.F.);
#2821=ORIENTED_EDGE('',*,*,#3863,.T.);
#2822=ORIENTED_EDGE('',*,*,#3857,.T.);
#2823=ORIENTED_EDGE('',*,*,#3852,.T.);
#2824=ORIENTED_EDGE('',*,*,#4575,.F.);
#2825=ORIENTED_EDGE('',*,*,#3864,.T.);
#2826=ORIENTED_EDGE('',*,*,#4574,.T.);
#2827=ORIENTED_EDGE('',*,*,#3851,.T.);
#2828=ORIENTED_EDGE('',*,*,#4576,.F.);
#2829=ORIENTED_EDGE('',*,*,#3865,.T.);
#2830=ORIENTED_EDGE('',*,*,#4575,.T.);
#2831=ORIENTED_EDGE('',*,*,#3850,.T.);
#2832=ORIENTED_EDGE('',*,*,#4577,.F.);
#2833=ORIENTED_EDGE('',*,*,#3866,.T.);
#2834=ORIENTED_EDGE('',*,*,#4576,.T.);
#2835=ORIENTED_EDGE('',*,*,#3849,.T.);
#2836=ORIENTED_EDGE('',*,*,#4578,.F.);
#2837=ORIENTED_EDGE('',*,*,#3867,.T.);
#2838=ORIENTED_EDGE('',*,*,#4577,.T.);
#2839=ORIENTED_EDGE('',*,*,#3848,.T.);
#2840=ORIENTED_EDGE('',*,*,#4573,.F.);
#2841=ORIENTED_EDGE('',*,*,#3868,.T.);
#2842=ORIENTED_EDGE('',*,*,#4578,.T.);
#2843=ORIENTED_EDGE('',*,*,#3825,.T.);
#2844=ORIENTED_EDGE('',*,*,#4085,.T.);
#2845=ORIENTED_EDGE('',*,*,#3838,.T.);
#2846=ORIENTED_EDGE('',*,*,#4579,.T.);
#2847=ORIENTED_EDGE('',*,*,#3831,.T.);
#2848=ORIENTED_EDGE('',*,*,#4580,.F.);
#2849=ORIENTED_EDGE('',*,*,#3841,.T.);
#2850=ORIENTED_EDGE('',*,*,#3835,.T.);
#2851=ORIENTED_EDGE('',*,*,#3830,.T.);
#2852=ORIENTED_EDGE('',*,*,#4581,.F.);
#2853=ORIENTED_EDGE('',*,*,#3842,.T.);
#2854=ORIENTED_EDGE('',*,*,#4580,.T.);
#2855=ORIENTED_EDGE('',*,*,#3829,.T.);
#2856=ORIENTED_EDGE('',*,*,#4582,.F.);
#2857=ORIENTED_EDGE('',*,*,#3843,.T.);
#2858=ORIENTED_EDGE('',*,*,#4581,.T.);
#2859=ORIENTED_EDGE('',*,*,#3828,.T.);
#2860=ORIENTED_EDGE('',*,*,#4583,.F.);
#2861=ORIENTED_EDGE('',*,*,#3844,.T.);
#2862=ORIENTED_EDGE('',*,*,#4582,.T.);
#2863=ORIENTED_EDGE('',*,*,#3827,.T.);
#2864=ORIENTED_EDGE('',*,*,#4584,.F.);
#2865=ORIENTED_EDGE('',*,*,#3845,.T.);
#2866=ORIENTED_EDGE('',*,*,#4583,.T.);
#2867=ORIENTED_EDGE('',*,*,#3826,.T.);
#2868=ORIENTED_EDGE('',*,*,#4579,.F.);
#2869=ORIENTED_EDGE('',*,*,#3846,.T.);
#2870=ORIENTED_EDGE('',*,*,#4584,.T.);
#2871=ORIENTED_EDGE('',*,*,#3803,.T.);
#2872=ORIENTED_EDGE('',*,*,#4083,.T.);
#2873=ORIENTED_EDGE('',*,*,#3816,.T.);
#2874=ORIENTED_EDGE('',*,*,#4585,.T.);
#2875=ORIENTED_EDGE('',*,*,#3809,.T.);
#2876=ORIENTED_EDGE('',*,*,#4586,.F.);
#2877=ORIENTED_EDGE('',*,*,#3819,.T.);
#2878=ORIENTED_EDGE('',*,*,#3813,.T.);
#2879=ORIENTED_EDGE('',*,*,#3808,.T.);
#2880=ORIENTED_EDGE('',*,*,#4587,.F.);
#2881=ORIENTED_EDGE('',*,*,#3820,.T.);
#2882=ORIENTED_EDGE('',*,*,#4586,.T.);
#2883=ORIENTED_EDGE('',*,*,#3807,.T.);
#2884=ORIENTED_EDGE('',*,*,#4588,.F.);
#2885=ORIENTED_EDGE('',*,*,#3821,.T.);
#2886=ORIENTED_EDGE('',*,*,#4587,.T.);
#2887=ORIENTED_EDGE('',*,*,#3806,.T.);
#2888=ORIENTED_EDGE('',*,*,#4589,.F.);
#2889=ORIENTED_EDGE('',*,*,#3822,.T.);
#2890=ORIENTED_EDGE('',*,*,#4588,.T.);
#2891=ORIENTED_EDGE('',*,*,#3805,.T.);
#2892=ORIENTED_EDGE('',*,*,#4590,.F.);
#2893=ORIENTED_EDGE('',*,*,#3823,.T.);
#2894=ORIENTED_EDGE('',*,*,#4589,.T.);
#2895=ORIENTED_EDGE('',*,*,#3804,.T.);
#2896=ORIENTED_EDGE('',*,*,#4585,.F.);
#2897=ORIENTED_EDGE('',*,*,#3824,.T.);
#2898=ORIENTED_EDGE('',*,*,#4590,.T.);
#2899=ORIENTED_EDGE('',*,*,#3781,.T.);
#2900=ORIENTED_EDGE('',*,*,#4081,.T.);
#2901=ORIENTED_EDGE('',*,*,#3794,.T.);
#2902=ORIENTED_EDGE('',*,*,#4591,.T.);
#2903=ORIENTED_EDGE('',*,*,#3787,.T.);
#2904=ORIENTED_EDGE('',*,*,#4592,.F.);
#2905=ORIENTED_EDGE('',*,*,#3797,.T.);
#2906=ORIENTED_EDGE('',*,*,#3791,.T.);
#2907=ORIENTED_EDGE('',*,*,#3786,.T.);
#2908=ORIENTED_EDGE('',*,*,#4593,.F.);
#2909=ORIENTED_EDGE('',*,*,#3798,.T.);
#2910=ORIENTED_EDGE('',*,*,#4592,.T.);
#2911=ORIENTED_EDGE('',*,*,#3785,.T.);
#2912=ORIENTED_EDGE('',*,*,#4594,.F.);
#2913=ORIENTED_EDGE('',*,*,#3799,.T.);
#2914=ORIENTED_EDGE('',*,*,#4593,.T.);
#2915=ORIENTED_EDGE('',*,*,#3784,.T.);
#2916=ORIENTED_EDGE('',*,*,#4595,.F.);
#2917=ORIENTED_EDGE('',*,*,#3800,.T.);
#2918=ORIENTED_EDGE('',*,*,#4594,.T.);
#2919=ORIENTED_EDGE('',*,*,#3783,.T.);
#2920=ORIENTED_EDGE('',*,*,#4596,.F.);
#2921=ORIENTED_EDGE('',*,*,#3801,.T.);
#2922=ORIENTED_EDGE('',*,*,#4595,.T.);
#2923=ORIENTED_EDGE('',*,*,#3782,.T.);
#2924=ORIENTED_EDGE('',*,*,#4591,.F.);
#2925=ORIENTED_EDGE('',*,*,#3802,.T.);
#2926=ORIENTED_EDGE('',*,*,#4596,.T.);
#2927=ORIENTED_EDGE('',*,*,#3759,.T.);
#2928=ORIENTED_EDGE('',*,*,#4079,.T.);
#2929=ORIENTED_EDGE('',*,*,#3772,.T.);
#2930=ORIENTED_EDGE('',*,*,#4597,.T.);
#2931=ORIENTED_EDGE('',*,*,#3765,.T.);
#2932=ORIENTED_EDGE('',*,*,#4598,.F.);
#2933=ORIENTED_EDGE('',*,*,#3775,.T.);
#2934=ORIENTED_EDGE('',*,*,#3769,.T.);
#2935=ORIENTED_EDGE('',*,*,#3764,.T.);
#2936=ORIENTED_EDGE('',*,*,#4599,.F.);
#2937=ORIENTED_EDGE('',*,*,#3776,.T.);
#2938=ORIENTED_EDGE('',*,*,#4598,.T.);
#2939=ORIENTED_EDGE('',*,*,#3763,.T.);
#2940=ORIENTED_EDGE('',*,*,#4600,.F.);
#2941=ORIENTED_EDGE('',*,*,#3777,.T.);
#2942=ORIENTED_EDGE('',*,*,#4599,.T.);
#2943=ORIENTED_EDGE('',*,*,#3762,.T.);
#2944=ORIENTED_EDGE('',*,*,#4601,.F.);
#2945=ORIENTED_EDGE('',*,*,#3778,.T.);
#2946=ORIENTED_EDGE('',*,*,#4600,.T.);
#2947=ORIENTED_EDGE('',*,*,#3761,.T.);
#2948=ORIENTED_EDGE('',*,*,#4602,.F.);
#2949=ORIENTED_EDGE('',*,*,#3779,.T.);
#2950=ORIENTED_EDGE('',*,*,#4601,.T.);
#2951=ORIENTED_EDGE('',*,*,#3760,.T.);
#2952=ORIENTED_EDGE('',*,*,#4597,.F.);
#2953=ORIENTED_EDGE('',*,*,#3780,.T.);
#2954=ORIENTED_EDGE('',*,*,#4602,.T.);
#2955=ORIENTED_EDGE('',*,*,#3737,.T.);
#2956=ORIENTED_EDGE('',*,*,#4077,.T.);
#2957=ORIENTED_EDGE('',*,*,#3750,.T.);
#2958=ORIENTED_EDGE('',*,*,#4603,.T.);
#2959=ORIENTED_EDGE('',*,*,#3743,.T.);
#2960=ORIENTED_EDGE('',*,*,#4604,.F.);
#2961=ORIENTED_EDGE('',*,*,#3753,.T.);
#2962=ORIENTED_EDGE('',*,*,#3747,.T.);
#2963=ORIENTED_EDGE('',*,*,#3742,.T.);
#2964=ORIENTED_EDGE('',*,*,#4605,.F.);
#2965=ORIENTED_EDGE('',*,*,#3754,.T.);
#2966=ORIENTED_EDGE('',*,*,#4604,.T.);
#2967=ORIENTED_EDGE('',*,*,#3741,.T.);
#2968=ORIENTED_EDGE('',*,*,#4606,.F.);
#2969=ORIENTED_EDGE('',*,*,#3755,.T.);
#2970=ORIENTED_EDGE('',*,*,#4605,.T.);
#2971=ORIENTED_EDGE('',*,*,#3740,.T.);
#2972=ORIENTED_EDGE('',*,*,#4607,.F.);
#2973=ORIENTED_EDGE('',*,*,#3756,.T.);
#2974=ORIENTED_EDGE('',*,*,#4606,.T.);
#2975=ORIENTED_EDGE('',*,*,#3739,.T.);
#2976=ORIENTED_EDGE('',*,*,#4608,.F.);
#2977=ORIENTED_EDGE('',*,*,#3757,.T.);
#2978=ORIENTED_EDGE('',*,*,#4607,.T.);
#2979=ORIENTED_EDGE('',*,*,#3738,.T.);
#2980=ORIENTED_EDGE('',*,*,#4603,.F.);
#2981=ORIENTED_EDGE('',*,*,#3758,.T.);
#2982=ORIENTED_EDGE('',*,*,#4608,.T.);
#2983=ORIENTED_EDGE('',*,*,#3715,.T.);
#2984=ORIENTED_EDGE('',*,*,#4075,.T.);
#2985=ORIENTED_EDGE('',*,*,#3728,.T.);
#2986=ORIENTED_EDGE('',*,*,#4609,.T.);
#2987=ORIENTED_EDGE('',*,*,#3721,.T.);
#2988=ORIENTED_EDGE('',*,*,#4610,.F.);
#2989=ORIENTED_EDGE('',*,*,#3731,.T.);
#2990=ORIENTED_EDGE('',*,*,#3725,.T.);
#2991=ORIENTED_EDGE('',*,*,#3720,.T.);
#2992=ORIENTED_EDGE('',*,*,#4611,.F.);
#2993=ORIENTED_EDGE('',*,*,#3732,.T.);
#2994=ORIENTED_EDGE('',*,*,#4610,.T.);
#2995=ORIENTED_EDGE('',*,*,#3719,.T.);
#2996=ORIENTED_EDGE('',*,*,#4612,.F.);
#2997=ORIENTED_EDGE('',*,*,#3733,.T.);
#2998=ORIENTED_EDGE('',*,*,#4611,.T.);
#2999=ORIENTED_EDGE('',*,*,#3718,.T.);
#3000=ORIENTED_EDGE('',*,*,#4613,.F.);
#3001=ORIENTED_EDGE('',*,*,#3734,.T.);
#3002=ORIENTED_EDGE('',*,*,#4612,.T.);
#3003=ORIENTED_EDGE('',*,*,#3717,.T.);
#3004=ORIENTED_EDGE('',*,*,#4614,.F.);
#3005=ORIENTED_EDGE('',*,*,#3735,.T.);
#3006=ORIENTED_EDGE('',*,*,#4613,.T.);
#3007=ORIENTED_EDGE('',*,*,#3716,.T.);
#3008=ORIENTED_EDGE('',*,*,#4609,.F.);
#3009=ORIENTED_EDGE('',*,*,#3736,.T.);
#3010=ORIENTED_EDGE('',*,*,#4614,.T.);
#3011=ORIENTED_EDGE('',*,*,#3693,.T.);
#3012=ORIENTED_EDGE('',*,*,#4073,.T.);
#3013=ORIENTED_EDGE('',*,*,#3706,.T.);
#3014=ORIENTED_EDGE('',*,*,#4615,.T.);
#3015=ORIENTED_EDGE('',*,*,#3699,.T.);
#3016=ORIENTED_EDGE('',*,*,#4616,.F.);
#3017=ORIENTED_EDGE('',*,*,#3709,.T.);
#3018=ORIENTED_EDGE('',*,*,#3703,.T.);
#3019=ORIENTED_EDGE('',*,*,#3698,.T.);
#3020=ORIENTED_EDGE('',*,*,#4617,.F.);
#3021=ORIENTED_EDGE('',*,*,#3710,.T.);
#3022=ORIENTED_EDGE('',*,*,#4616,.T.);
#3023=ORIENTED_EDGE('',*,*,#3697,.T.);
#3024=ORIENTED_EDGE('',*,*,#4618,.F.);
#3025=ORIENTED_EDGE('',*,*,#3711,.T.);
#3026=ORIENTED_EDGE('',*,*,#4617,.T.);
#3027=ORIENTED_EDGE('',*,*,#3696,.T.);
#3028=ORIENTED_EDGE('',*,*,#4619,.F.);
#3029=ORIENTED_EDGE('',*,*,#3712,.T.);
#3030=ORIENTED_EDGE('',*,*,#4618,.T.);
#3031=ORIENTED_EDGE('',*,*,#3695,.T.);
#3032=ORIENTED_EDGE('',*,*,#4620,.F.);
#3033=ORIENTED_EDGE('',*,*,#3713,.T.);
#3034=ORIENTED_EDGE('',*,*,#4619,.T.);
#3035=ORIENTED_EDGE('',*,*,#3694,.T.);
#3036=ORIENTED_EDGE('',*,*,#4615,.F.);
#3037=ORIENTED_EDGE('',*,*,#3714,.T.);
#3038=ORIENTED_EDGE('',*,*,#4620,.T.);
#3039=ORIENTED_EDGE('',*,*,#3671,.T.);
#3040=ORIENTED_EDGE('',*,*,#4071,.T.);
#3041=ORIENTED_EDGE('',*,*,#3684,.T.);
#3042=ORIENTED_EDGE('',*,*,#4621,.T.);
#3043=ORIENTED_EDGE('',*,*,#3677,.T.);
#3044=ORIENTED_EDGE('',*,*,#4622,.F.);
#3045=ORIENTED_EDGE('',*,*,#3687,.T.);
#3046=ORIENTED_EDGE('',*,*,#3681,.T.);
#3047=ORIENTED_EDGE('',*,*,#3676,.T.);
#3048=ORIENTED_EDGE('',*,*,#4623,.F.);
#3049=ORIENTED_EDGE('',*,*,#3688,.T.);
#3050=ORIENTED_EDGE('',*,*,#4622,.T.);
#3051=ORIENTED_EDGE('',*,*,#3675,.T.);
#3052=ORIENTED_EDGE('',*,*,#4624,.F.);
#3053=ORIENTED_EDGE('',*,*,#3689,.T.);
#3054=ORIENTED_EDGE('',*,*,#4623,.T.);
#3055=ORIENTED_EDGE('',*,*,#3674,.T.);
#3056=ORIENTED_EDGE('',*,*,#4625,.F.);
#3057=ORIENTED_EDGE('',*,*,#3690,.T.);
#3058=ORIENTED_EDGE('',*,*,#4624,.T.);
#3059=ORIENTED_EDGE('',*,*,#3673,.T.);
#3060=ORIENTED_EDGE('',*,*,#4626,.F.);
#3061=ORIENTED_EDGE('',*,*,#3691,.T.);
#3062=ORIENTED_EDGE('',*,*,#4625,.T.);
#3063=ORIENTED_EDGE('',*,*,#3672,.T.);
#3064=ORIENTED_EDGE('',*,*,#4621,.F.);
#3065=ORIENTED_EDGE('',*,*,#3692,.T.);
#3066=ORIENTED_EDGE('',*,*,#4626,.T.);
#3067=ORIENTED_EDGE('',*,*,#3649,.T.);
#3068=ORIENTED_EDGE('',*,*,#4069,.T.);
#3069=ORIENTED_EDGE('',*,*,#3662,.T.);
#3070=ORIENTED_EDGE('',*,*,#4627,.T.);
#3071=ORIENTED_EDGE('',*,*,#3655,.T.);
#3072=ORIENTED_EDGE('',*,*,#4628,.F.);
#3073=ORIENTED_EDGE('',*,*,#3665,.T.);
#3074=ORIENTED_EDGE('',*,*,#3659,.T.);
#3075=ORIENTED_EDGE('',*,*,#3654,.T.);
#3076=ORIENTED_EDGE('',*,*,#4629,.F.);
#3077=ORIENTED_EDGE('',*,*,#3666,.T.);
#3078=ORIENTED_EDGE('',*,*,#4628,.T.);
#3079=ORIENTED_EDGE('',*,*,#3653,.T.);
#3080=ORIENTED_EDGE('',*,*,#4630,.F.);
#3081=ORIENTED_EDGE('',*,*,#3667,.T.);
#3082=ORIENTED_EDGE('',*,*,#4629,.T.);
#3083=ORIENTED_EDGE('',*,*,#3652,.T.);
#3084=ORIENTED_EDGE('',*,*,#4631,.F.);
#3085=ORIENTED_EDGE('',*,*,#3668,.T.);
#3086=ORIENTED_EDGE('',*,*,#4630,.T.);
#3087=ORIENTED_EDGE('',*,*,#3651,.T.);
#3088=ORIENTED_EDGE('',*,*,#4632,.F.);
#3089=ORIENTED_EDGE('',*,*,#3669,.T.);
#3090=ORIENTED_EDGE('',*,*,#4631,.T.);
#3091=ORIENTED_EDGE('',*,*,#3650,.T.);
#3092=ORIENTED_EDGE('',*,*,#4627,.F.);
#3093=ORIENTED_EDGE('',*,*,#3670,.T.);
#3094=ORIENTED_EDGE('',*,*,#4632,.T.);
#3095=ORIENTED_EDGE('',*,*,#3628,.T.);
#3096=ORIENTED_EDGE('',*,*,#4633,.F.);
#3097=ORIENTED_EDGE('',*,*,#3648,.T.);
#3098=ORIENTED_EDGE('',*,*,#4634,.T.);
#3099=ORIENTED_EDGE('',*,*,#3629,.T.);
#3100=ORIENTED_EDGE('',*,*,#4634,.F.);
#3101=ORIENTED_EDGE('',*,*,#3647,.T.);
#3102=ORIENTED_EDGE('',*,*,#4635,.T.);
#3103=ORIENTED_EDGE('',*,*,#3630,.T.);
#3104=ORIENTED_EDGE('',*,*,#4635,.F.);
#3105=ORIENTED_EDGE('',*,*,#3646,.T.);
#3106=ORIENTED_EDGE('',*,*,#4636,.T.);
#3107=ORIENTED_EDGE('',*,*,#3631,.T.);
#3108=ORIENTED_EDGE('',*,*,#4636,.F.);
#3109=ORIENTED_EDGE('',*,*,#3645,.T.);
#3110=ORIENTED_EDGE('',*,*,#4637,.T.);
#3111=ORIENTED_EDGE('',*,*,#3632,.T.);
#3112=ORIENTED_EDGE('',*,*,#4637,.F.);
#3113=ORIENTED_EDGE('',*,*,#3644,.T.);
#3114=ORIENTED_EDGE('',*,*,#4638,.T.);
#3115=ORIENTED_EDGE('',*,*,#3633,.T.);
#3116=ORIENTED_EDGE('',*,*,#4638,.F.);
#3117=ORIENTED_EDGE('',*,*,#3643,.T.);
#3118=ORIENTED_EDGE('',*,*,#3637,.T.);
#3119=ORIENTED_EDGE('',*,*,#3627,.T.);
#3120=ORIENTED_EDGE('',*,*,#4067,.T.);
#3121=ORIENTED_EDGE('',*,*,#3640,.T.);
#3122=ORIENTED_EDGE('',*,*,#4633,.T.);
#3123=EDGE_CURVE('',#4639,#4640,#5623,.T.);
#3124=EDGE_CURVE('',#4641,#4640,#5624,.T.);
#3125=EDGE_CURVE('',#4642,#4641,#5625,.T.);
#3126=EDGE_CURVE('',#4639,#4642,#5626,.T.);
#3127=EDGE_CURVE('',#4643,#4644,#5627,.T.);
#3128=EDGE_CURVE('',#4645,#4643,#5628,.T.);
#3129=EDGE_CURVE('',#4645,#4646,#5629,.T.);
#3130=EDGE_CURVE('',#4644,#4646,#5630,.T.);
#3131=EDGE_CURVE('',#4647,#4648,#5631,.T.);
#3132=EDGE_CURVE('',#4649,#4647,#5632,.T.);
#3133=EDGE_CURVE('',#4649,#4650,#5633,.T.);
#3134=EDGE_CURVE('',#4648,#4650,#5634,.T.);
#3135=EDGE_CURVE('',#4651,#4652,#5635,.T.);
#3136=EDGE_CURVE('',#4653,#4651,#5636,.T.);
#3137=EDGE_CURVE('',#4653,#4654,#5637,.T.);
#3138=EDGE_CURVE('',#4652,#4654,#5638,.T.);
#3139=EDGE_CURVE('',#4655,#4656,#5639,.T.);
#3140=EDGE_CURVE('',#4657,#4655,#5640,.T.);
#3141=EDGE_CURVE('',#4657,#4658,#5641,.T.);
#3142=EDGE_CURVE('',#4656,#4658,#5642,.T.);
#3143=EDGE_CURVE('',#4659,#4660,#5643,.T.);
#3144=EDGE_CURVE('',#4661,#4659,#5644,.T.);
#3145=EDGE_CURVE('',#4661,#4662,#5645,.T.);
#3146=EDGE_CURVE('',#4660,#4662,#5646,.T.);
#3147=EDGE_CURVE('',#4663,#4664,#5647,.T.);
#3148=EDGE_CURVE('',#4665,#4663,#5648,.T.);
#3149=EDGE_CURVE('',#4665,#4666,#5649,.T.);
#3150=EDGE_CURVE('',#4664,#4666,#5650,.T.);
#3151=EDGE_CURVE('',#4667,#4668,#5651,.T.);
#3152=EDGE_CURVE('',#4669,#4667,#5652,.T.);
#3153=EDGE_CURVE('',#4669,#4670,#5653,.T.);
#3154=EDGE_CURVE('',#4668,#4670,#5654,.T.);
#3155=EDGE_CURVE('',#4671,#4672,#5655,.T.);
#3156=EDGE_CURVE('',#4673,#4671,#5656,.T.);
#3157=EDGE_CURVE('',#4673,#4674,#5657,.T.);
#3158=EDGE_CURVE('',#4672,#4674,#5658,.T.);
#3159=EDGE_CURVE('',#4675,#4676,#5659,.T.);
#3160=EDGE_CURVE('',#4677,#4675,#5660,.T.);
#3161=EDGE_CURVE('',#4677,#4678,#5661,.T.);
#3162=EDGE_CURVE('',#4676,#4678,#5662,.T.);
#3163=EDGE_CURVE('',#4679,#4680,#5663,.T.);
#3164=EDGE_CURVE('',#4681,#4679,#5664,.T.);
#3165=EDGE_CURVE('',#4682,#4681,#5665,.T.);
#3166=EDGE_CURVE('',#4680,#4682,#5666,.T.);
#3167=EDGE_CURVE('',#4683,#4684,#5667,.T.);
#3168=EDGE_CURVE('',#4685,#4684,#5668,.T.);
#3169=EDGE_CURVE('',#4686,#4685,#5669,.T.);
#3170=EDGE_CURVE('',#4686,#4683,#5670,.T.);
#3171=EDGE_CURVE('',#4687,#4688,#5671,.T.);
#3172=EDGE_CURVE('',#4687,#4689,#5672,.T.);
#3173=EDGE_CURVE('',#4689,#4690,#5673,.T.);
#3174=EDGE_CURVE('',#4688,#4690,#5674,.T.);
#3175=EDGE_CURVE('',#4691,#4692,#5675,.T.);
#3176=EDGE_CURVE('',#4691,#4693,#5676,.T.);
#3177=EDGE_CURVE('',#4693,#4694,#5677,.T.);
#3178=EDGE_CURVE('',#4692,#4694,#5678,.T.);
#3179=EDGE_CURVE('',#4695,#4696,#5679,.T.);
#3180=EDGE_CURVE('',#4695,#4697,#5680,.T.);
#3181=EDGE_CURVE('',#4697,#4698,#5681,.T.);
#3182=EDGE_CURVE('',#4696,#4698,#5682,.T.);
#3183=EDGE_CURVE('',#4699,#4700,#5683,.T.);
#3184=EDGE_CURVE('',#4699,#4701,#5684,.T.);
#3185=EDGE_CURVE('',#4701,#4702,#5685,.T.);
#3186=EDGE_CURVE('',#4700,#4702,#5686,.T.);
#3187=EDGE_CURVE('',#4703,#4704,#5687,.T.);
#3188=EDGE_CURVE('',#4703,#4705,#5688,.T.);
#3189=EDGE_CURVE('',#4705,#4706,#5689,.T.);
#3190=EDGE_CURVE('',#4704,#4706,#5690,.T.);
#3191=EDGE_CURVE('',#4707,#4708,#5691,.T.);
#3192=EDGE_CURVE('',#4707,#4709,#5692,.T.);
#3193=EDGE_CURVE('',#4709,#4710,#5693,.T.);
#3194=EDGE_CURVE('',#4708,#4710,#5694,.T.);
#3195=EDGE_CURVE('',#4711,#4712,#5695,.T.);
#3196=EDGE_CURVE('',#4711,#4713,#5696,.T.);
#3197=EDGE_CURVE('',#4713,#4714,#5697,.T.);
#3198=EDGE_CURVE('',#4712,#4714,#5698,.T.);
#3199=EDGE_CURVE('',#4715,#4716,#5699,.T.);
#3200=EDGE_CURVE('',#4715,#4717,#5700,.T.);
#3201=EDGE_CURVE('',#4717,#4718,#5701,.T.);
#3202=EDGE_CURVE('',#4716,#4718,#5702,.T.);
#3203=EDGE_CURVE('',#4719,#4720,#5703,.T.);
#3204=EDGE_CURVE('',#4719,#4721,#5704,.T.);
#3205=EDGE_CURVE('',#4721,#4722,#5705,.T.);
#3206=EDGE_CURVE('',#4720,#4722,#5706,.T.);
#3207=EDGE_CURVE('',#4723,#4724,#5707,.T.);
#3208=EDGE_CURVE('',#4723,#4725,#5708,.T.);
#3209=EDGE_CURVE('',#4726,#4725,#5709,.T.);
#3210=EDGE_CURVE('',#4724,#4726,#5710,.T.);
#3211=EDGE_CURVE('',#4684,#4727,#5711,.T.);
#3212=EDGE_CURVE('',#4727,#4728,#5712,.T.);
#3213=EDGE_CURVE('',#4728,#4688,#5713,.T.);
#3214=EDGE_CURVE('',#4690,#4729,#5714,.T.);
#3215=EDGE_CURVE('',#4729,#4730,#5715,.T.);
#3216=EDGE_CURVE('',#4730,#4692,#5716,.T.);
#3217=EDGE_CURVE('',#4694,#4731,#5717,.T.);
#3218=EDGE_CURVE('',#4731,#4732,#5718,.T.);
#3219=EDGE_CURVE('',#4732,#4696,#5719,.T.);
#3220=EDGE_CURVE('',#4698,#4733,#5720,.T.);
#3221=EDGE_CURVE('',#4733,#4734,#5721,.T.);
#3222=EDGE_CURVE('',#4734,#4700,#5722,.T.);
#3223=EDGE_CURVE('',#4702,#4735,#5723,.T.);
#3224=EDGE_CURVE('',#4735,#4736,#5724,.T.);
#3225=EDGE_CURVE('',#4736,#4704,#5725,.T.);
#3226=EDGE_CURVE('',#4706,#4737,#5726,.T.);
#3227=EDGE_CURVE('',#4737,#4738,#5727,.T.);
#3228=EDGE_CURVE('',#4738,#4708,#5728,.T.);
#3229=EDGE_CURVE('',#4710,#4739,#5729,.T.);
#3230=EDGE_CURVE('',#4739,#4740,#5730,.T.);
#3231=EDGE_CURVE('',#4740,#4712,#5731,.T.);
#3232=EDGE_CURVE('',#4714,#4741,#5732,.T.);
#3233=EDGE_CURVE('',#4741,#4742,#5733,.T.);
#3234=EDGE_CURVE('',#4742,#4716,#5734,.T.);
#3235=EDGE_CURVE('',#4718,#4743,#5735,.T.);
#3236=EDGE_CURVE('',#4743,#4744,#5736,.T.);
#3237=EDGE_CURVE('',#4744,#4720,#5737,.T.);
#3238=EDGE_CURVE('',#4722,#4745,#5738,.T.);
#3239=EDGE_CURVE('',#4745,#4746,#5739,.T.);
#3240=EDGE_CURVE('',#4746,#4724,#5740,.T.);
#3241=EDGE_CURVE('',#4747,#4726,#5741,.T.);
#3242=EDGE_CURVE('',#4748,#4747,#5742,.T.);
#3243=EDGE_CURVE('',#4748,#4685,#5743,.T.);
#3244=EDGE_CURVE('',#4639,#4749,#5744,.T.);
#3245=EDGE_CURVE('',#4750,#4642,#5745,.T.);
#3246=EDGE_CURVE('',#4751,#4750,#5746,.T.);
#3247=EDGE_CURVE('',#4751,#4681,#5747,.T.);
#3248=EDGE_CURVE('',#4752,#4679,#5748,.T.);
#3249=EDGE_CURVE('',#4753,#4752,#5749,.T.);
#3250=EDGE_CURVE('',#4677,#4753,#5750,.T.);
#3251=EDGE_CURVE('',#4754,#4675,#5751,.T.);
#3252=EDGE_CURVE('',#4755,#4754,#5752,.T.);
#3253=EDGE_CURVE('',#4673,#4755,#5753,.T.);
#3254=EDGE_CURVE('',#4756,#4671,#5754,.T.);
#3255=EDGE_CURVE('',#4757,#4756,#5755,.T.);
#3256=EDGE_CURVE('',#4669,#4757,#5756,.T.);
#3257=EDGE_CURVE('',#4758,#4667,#5757,.T.);
#3258=EDGE_CURVE('',#4759,#4758,#5758,.T.);
#3259=EDGE_CURVE('',#4665,#4759,#5759,.T.);
#3260=EDGE_CURVE('',#4760,#4663,#5760,.T.);
#3261=EDGE_CURVE('',#4761,#4760,#5761,.T.);
#3262=EDGE_CURVE('',#4661,#4761,#5762,.T.);
#3263=EDGE_CURVE('',#4762,#4659,#5763,.T.);
#3264=EDGE_CURVE('',#4763,#4762,#5764,.T.);
#3265=EDGE_CURVE('',#4657,#4763,#5765,.T.);
#3266=EDGE_CURVE('',#4764,#4655,#5766,.T.);
#3267=EDGE_CURVE('',#4765,#4764,#5767,.T.);
#3268=EDGE_CURVE('',#4653,#4765,#5768,.T.);
#3269=EDGE_CURVE('',#4766,#4651,#5769,.T.);
#3270=EDGE_CURVE('',#4767,#4766,#5770,.T.);
#3271=EDGE_CURVE('',#4649,#4767,#5771,.T.);
#3272=EDGE_CURVE('',#4768,#4647,#5772,.T.);
#3273=EDGE_CURVE('',#4769,#4768,#5773,.T.);
#3274=EDGE_CURVE('',#4645,#4769,#5774,.T.);
#3275=EDGE_CURVE('',#4770,#4643,#5775,.T.);
#3276=EDGE_CURVE('',#4749,#4770,#5776,.T.);
#3277=EDGE_CURVE('',#4640,#4771,#5777,.T.);
#3278=EDGE_CURVE('',#4772,#4771,#5778,.T.);
#3279=EDGE_CURVE('',#4772,#4641,#5779,.T.);
#3280=EDGE_CURVE('',#4773,#4774,#5780,.T.);
#3281=EDGE_CURVE('',#4773,#4644,#5781,.T.);
#3282=EDGE_CURVE('',#4646,#4774,#5782,.T.);
#3283=EDGE_CURVE('',#4775,#4776,#5783,.T.);
#3284=EDGE_CURVE('',#4775,#4648,#5784,.T.);
#3285=EDGE_CURVE('',#4650,#4776,#5785,.T.);
#3286=EDGE_CURVE('',#4777,#4778,#5786,.T.);
#3287=EDGE_CURVE('',#4777,#4652,#5787,.T.);
#3288=EDGE_CURVE('',#4654,#4778,#5788,.T.);
#3289=EDGE_CURVE('',#4779,#4780,#5789,.T.);
#3290=EDGE_CURVE('',#4779,#4656,#5790,.T.);
#3291=EDGE_CURVE('',#4658,#4780,#5791,.T.);
#3292=EDGE_CURVE('',#4781,#4782,#5792,.T.);
#3293=EDGE_CURVE('',#4781,#4660,#5793,.T.);
#3294=EDGE_CURVE('',#4662,#4782,#5794,.T.);
#3295=EDGE_CURVE('',#4783,#4784,#5795,.T.);
#3296=EDGE_CURVE('',#4783,#4664,#5796,.T.);
#3297=EDGE_CURVE('',#4666,#4784,#5797,.T.);
#3298=EDGE_CURVE('',#4785,#4786,#5798,.T.);
#3299=EDGE_CURVE('',#4785,#4668,#5799,.T.);
#3300=EDGE_CURVE('',#4670,#4786,#5800,.T.);
#3301=EDGE_CURVE('',#4787,#4788,#5801,.T.);
#3302=EDGE_CURVE('',#4787,#4672,#5802,.T.);
#3303=EDGE_CURVE('',#4674,#4788,#5803,.T.);
#3304=EDGE_CURVE('',#4789,#4790,#5804,.T.);
#3305=EDGE_CURVE('',#4789,#4676,#5805,.T.);
#3306=EDGE_CURVE('',#4678,#4790,#5806,.T.);
#3307=EDGE_CURVE('',#4791,#4792,#5807,.T.);
#3308=EDGE_CURVE('',#4791,#4680,#5808,.T.);
#3309=EDGE_CURVE('',#4792,#4682,#5809,.T.);
#3310=EDGE_CURVE('',#4793,#4794,#5810,.T.);
#3311=EDGE_CURVE('',#4794,#4683,#5811,.T.);
#3312=EDGE_CURVE('',#4686,#4793,#5812,.T.);
#3313=EDGE_CURVE('',#4687,#4795,#5813,.T.);
#3314=EDGE_CURVE('',#4795,#4796,#5814,.T.);
#3315=EDGE_CURVE('',#4796,#4689,#5815,.T.);
#3316=EDGE_CURVE('',#4691,#4797,#5816,.T.);
#3317=EDGE_CURVE('',#4797,#4798,#5817,.T.);
#3318=EDGE_CURVE('',#4798,#4693,#5818,.T.);
#3319=EDGE_CURVE('',#4695,#4799,#5819,.T.);
#3320=EDGE_CURVE('',#4799,#4800,#5820,.T.);
#3321=EDGE_CURVE('',#4800,#4697,#5821,.T.);
#3322=EDGE_CURVE('',#4699,#4801,#5822,.T.);
#3323=EDGE_CURVE('',#4801,#4802,#5823,.T.);
#3324=EDGE_CURVE('',#4802,#4701,#5824,.T.);
#3325=EDGE_CURVE('',#4703,#4803,#5825,.T.);
#3326=EDGE_CURVE('',#4803,#4804,#5826,.T.);
#3327=EDGE_CURVE('',#4804,#4705,#5827,.T.);
#3328=EDGE_CURVE('',#4707,#4805,#5828,.T.);
#3329=EDGE_CURVE('',#4805,#4806,#5829,.T.);
#3330=EDGE_CURVE('',#4806,#4709,#5830,.T.);
#3331=EDGE_CURVE('',#4711,#4807,#5831,.T.);
#3332=EDGE_CURVE('',#4807,#4808,#5832,.T.);
#3333=EDGE_CURVE('',#4808,#4713,#5833,.T.);
#3334=EDGE_CURVE('',#4715,#4809,#5834,.T.);
#3335=EDGE_CURVE('',#4809,#4810,#5835,.T.);
#3336=EDGE_CURVE('',#4810,#4717,#5836,.T.);
#3337=EDGE_CURVE('',#4719,#4811,#5837,.T.);
#3338=EDGE_CURVE('',#4811,#4812,#5838,.T.);
#3339=EDGE_CURVE('',#4812,#4721,#5839,.T.);
#3340=EDGE_CURVE('',#4723,#4813,#5840,.T.);
#3341=EDGE_CURVE('',#4813,#4814,#5841,.T.);
#3342=EDGE_CURVE('',#4725,#4814,#5842,.T.);
#3343=EDGE_CURVE('',#4747,#4751,#5843,.T.);
#3344=EDGE_CURVE('',#4814,#4792,#5844,.T.);
#3345=EDGE_CURVE('',#4793,#4772,#5845,.T.);
#3346=EDGE_CURVE('',#4750,#4748,#5846,.T.);
#3347=EDGE_CURVE('',#4815,#4816,#5847,.T.);
#3348=EDGE_CURVE('',#4817,#4815,#5848,.T.);
#3349=EDGE_CURVE('',#4817,#4818,#5849,.T.);
#3350=EDGE_CURVE('',#4818,#4816,#5850,.T.);
#3351=EDGE_CURVE('',#4819,#4815,#5851,.T.);
#3352=EDGE_CURVE('',#4820,#4819,#5852,.T.);
#3353=EDGE_CURVE('',#4820,#4817,#5853,.T.);
#3354=EDGE_CURVE('',#4821,#4819,#5854,.T.);
#3355=EDGE_CURVE('',#4822,#4821,#5855,.T.);
#3356=EDGE_CURVE('',#4822,#4820,#5856,.T.);
#3357=EDGE_CURVE('',#4823,#4824,#5857,.T.);
#3358=EDGE_CURVE('',#4825,#4823,#5858,.T.);
#3359=EDGE_CURVE('',#4825,#4826,#5859,.T.);
#3360=EDGE_CURVE('',#4826,#4824,#5860,.T.);
#3361=EDGE_CURVE('',#4827,#4823,#5861,.T.);
#3362=EDGE_CURVE('',#4828,#4827,#5862,.T.);
#3363=EDGE_CURVE('',#4828,#4825,#5863,.T.);
#3364=EDGE_CURVE('',#4829,#4827,#5864,.T.);
#3365=EDGE_CURVE('',#4830,#4829,#5865,.T.);
#3366=EDGE_CURVE('',#4830,#4828,#5866,.T.);
#3367=EDGE_CURVE('',#4831,#4832,#5867,.T.);
#3368=EDGE_CURVE('',#4833,#4831,#5868,.T.);
#3369=EDGE_CURVE('',#4833,#4834,#5869,.T.);
#3370=EDGE_CURVE('',#4834,#4832,#5870,.T.);
#3371=EDGE_CURVE('',#4835,#4831,#5871,.T.);
#3372=EDGE_CURVE('',#4836,#4835,#5872,.T.);
#3373=EDGE_CURVE('',#4836,#4833,#5873,.T.);
#3374=EDGE_CURVE('',#4837,#4835,#5874,.T.);
#3375=EDGE_CURVE('',#4838,#4837,#5875,.T.);
#3376=EDGE_CURVE('',#4838,#4836,#5876,.T.);
#3377=EDGE_CURVE('',#4839,#4840,#5877,.T.);
#3378=EDGE_CURVE('',#4841,#4839,#5878,.T.);
#3379=EDGE_CURVE('',#4841,#4842,#5879,.T.);
#3380=EDGE_CURVE('',#4842,#4840,#5880,.T.);
#3381=EDGE_CURVE('',#4843,#4839,#5881,.T.);
#3382=EDGE_CURVE('',#4844,#4843,#5882,.T.);
#3383=EDGE_CURVE('',#4844,#4841,#5883,.T.);
#3384=EDGE_CURVE('',#4845,#4843,#5884,.T.);
#3385=EDGE_CURVE('',#4846,#4845,#5885,.T.);
#3386=EDGE_CURVE('',#4846,#4844,#5886,.T.);
#3387=EDGE_CURVE('',#4847,#4848,#5887,.T.);
#3388=EDGE_CURVE('',#4849,#4847,#5888,.T.);
#3389=EDGE_CURVE('',#4849,#4850,#5889,.T.);
#3390=EDGE_CURVE('',#4850,#4848,#5890,.T.);
#3391=EDGE_CURVE('',#4851,#4847,#5891,.T.);
#3392=EDGE_CURVE('',#4852,#4851,#5892,.T.);
#3393=EDGE_CURVE('',#4852,#4849,#5893,.T.);
#3394=EDGE_CURVE('',#4853,#4851,#5894,.T.);
#3395=EDGE_CURVE('',#4854,#4853,#5895,.T.);
#3396=EDGE_CURVE('',#4854,#4852,#5896,.T.);
#3397=EDGE_CURVE('',#4855,#4856,#5897,.T.);
#3398=EDGE_CURVE('',#4857,#4855,#5898,.T.);
#3399=EDGE_CURVE('',#4857,#4858,#5899,.T.);
#3400=EDGE_CURVE('',#4858,#4856,#5900,.T.);
#3401=EDGE_CURVE('',#4859,#4855,#5901,.T.);
#3402=EDGE_CURVE('',#4860,#4859,#5902,.T.);
#3403=EDGE_CURVE('',#4860,#4857,#5903,.T.);
#3404=EDGE_CURVE('',#4861,#4859,#5904,.T.);
#3405=EDGE_CURVE('',#4862,#4861,#5905,.T.);
#3406=EDGE_CURVE('',#4862,#4860,#5906,.T.);
#3407=EDGE_CURVE('',#4863,#4864,#5907,.T.);
#3408=EDGE_CURVE('',#4865,#4863,#5908,.T.);
#3409=EDGE_CURVE('',#4865,#4866,#5909,.T.);
#3410=EDGE_CURVE('',#4866,#4864,#5910,.T.);
#3411=EDGE_CURVE('',#4867,#4863,#5911,.T.);
#3412=EDGE_CURVE('',#4868,#4867,#5912,.T.);
#3413=EDGE_CURVE('',#4868,#4865,#5913,.T.);
#3414=EDGE_CURVE('',#4869,#4867,#5914,.T.);
#3415=EDGE_CURVE('',#4870,#4869,#5915,.T.);
#3416=EDGE_CURVE('',#4870,#4868,#5916,.T.);
#3417=EDGE_CURVE('',#4871,#4872,#5917,.T.);
#3418=EDGE_CURVE('',#4873,#4871,#5918,.T.);
#3419=EDGE_CURVE('',#4873,#4874,#5919,.T.);
#3420=EDGE_CURVE('',#4874,#4872,#5920,.T.);
#3421=EDGE_CURVE('',#4875,#4871,#5921,.T.);
#3422=EDGE_CURVE('',#4876,#4875,#5922,.T.);
#3423=EDGE_CURVE('',#4876,#4873,#5923,.T.);
#3424=EDGE_CURVE('',#4877,#4875,#5924,.T.);
#3425=EDGE_CURVE('',#4878,#4877,#5925,.T.);
#3426=EDGE_CURVE('',#4878,#4876,#5926,.T.);
#3427=EDGE_CURVE('',#4879,#4880,#5927,.T.);
#3428=EDGE_CURVE('',#4881,#4879,#5928,.T.);
#3429=EDGE_CURVE('',#4881,#4882,#5929,.T.);
#3430=EDGE_CURVE('',#4882,#4880,#5930,.T.);
#3431=EDGE_CURVE('',#4883,#4879,#5931,.T.);
#3432=EDGE_CURVE('',#4884,#4883,#5932,.T.);
#3433=EDGE_CURVE('',#4884,#4881,#5933,.T.);
#3434=EDGE_CURVE('',#4885,#4883,#5934,.T.);
#3435=EDGE_CURVE('',#4886,#4885,#5935,.T.);
#3436=EDGE_CURVE('',#4886,#4884,#5936,.T.);
#3437=EDGE_CURVE('',#4887,#4888,#5937,.T.);
#3438=EDGE_CURVE('',#4889,#4887,#5938,.T.);
#3439=EDGE_CURVE('',#4889,#4890,#5939,.T.);
#3440=EDGE_CURVE('',#4890,#4888,#5940,.T.);
#3441=EDGE_CURVE('',#4891,#4887,#5941,.T.);
#3442=EDGE_CURVE('',#4892,#4891,#5942,.T.);
#3443=EDGE_CURVE('',#4892,#4889,#5943,.T.);
#3444=EDGE_CURVE('',#4893,#4891,#5944,.T.);
#3445=EDGE_CURVE('',#4894,#4893,#5945,.T.);
#3446=EDGE_CURVE('',#4894,#4892,#5946,.T.);
#3447=EDGE_CURVE('',#4895,#4896,#5947,.T.);
#3448=EDGE_CURVE('',#4897,#4895,#5948,.T.);
#3449=EDGE_CURVE('',#4897,#4898,#5949,.T.);
#3450=EDGE_CURVE('',#4898,#4896,#5950,.T.);
#3451=EDGE_CURVE('',#4899,#4895,#5951,.T.);
#3452=EDGE_CURVE('',#4900,#4899,#5952,.T.);
#3453=EDGE_CURVE('',#4900,#4897,#5953,.T.);
#3454=EDGE_CURVE('',#4901,#4899,#5954,.T.);
#3455=EDGE_CURVE('',#4902,#4901,#5955,.T.);
#3456=EDGE_CURVE('',#4902,#4900,#5956,.T.);
#3457=EDGE_CURVE('',#4903,#4904,#5957,.T.);
#3458=EDGE_CURVE('',#4905,#4903,#5958,.T.);
#3459=EDGE_CURVE('',#4905,#4906,#5959,.T.);
#3460=EDGE_CURVE('',#4906,#4904,#5960,.T.);
#3461=EDGE_CURVE('',#4907,#4903,#5961,.T.);
#3462=EDGE_CURVE('',#4908,#4907,#5962,.T.);
#3463=EDGE_CURVE('',#4908,#4905,#5963,.T.);
#3464=EDGE_CURVE('',#4909,#4907,#5964,.T.);
#3465=EDGE_CURVE('',#4910,#4909,#5965,.T.);
#3466=EDGE_CURVE('',#4910,#4908,#5966,.T.);
#3467=EDGE_CURVE('',#4911,#4912,#5967,.T.);
#3468=EDGE_CURVE('',#4913,#4911,#5968,.T.);
#3469=EDGE_CURVE('',#4913,#4914,#5969,.T.);
#3470=EDGE_CURVE('',#4914,#4912,#5970,.T.);
#3471=EDGE_CURVE('',#4915,#4911,#5971,.T.);
#3472=EDGE_CURVE('',#4916,#4915,#5972,.T.);
#3473=EDGE_CURVE('',#4916,#4913,#5973,.T.);
#3474=EDGE_CURVE('',#4917,#4915,#5974,.T.);
#3475=EDGE_CURVE('',#4918,#4917,#5975,.T.);
#3476=EDGE_CURVE('',#4918,#4916,#5976,.T.);
#3477=EDGE_CURVE('',#4919,#4920,#5977,.T.);
#3478=EDGE_CURVE('',#4921,#4919,#5978,.T.);
#3479=EDGE_CURVE('',#4921,#4922,#5979,.T.);
#3480=EDGE_CURVE('',#4922,#4920,#5980,.T.);
#3481=EDGE_CURVE('',#4923,#4919,#5981,.T.);
#3482=EDGE_CURVE('',#4924,#4923,#5982,.T.);
#3483=EDGE_CURVE('',#4924,#4921,#5983,.T.);
#3484=EDGE_CURVE('',#4925,#4923,#5984,.T.);
#3485=EDGE_CURVE('',#4926,#4925,#5985,.T.);
#3486=EDGE_CURVE('',#4926,#4924,#5986,.T.);
#3487=EDGE_CURVE('',#4927,#4928,#5987,.T.);
#3488=EDGE_CURVE('',#4929,#4927,#5988,.T.);
#3489=EDGE_CURVE('',#4929,#4930,#5989,.T.);
#3490=EDGE_CURVE('',#4930,#4928,#5990,.T.);
#3491=EDGE_CURVE('',#4931,#4927,#5991,.T.);
#3492=EDGE_CURVE('',#4932,#4931,#5992,.T.);
#3493=EDGE_CURVE('',#4932,#4929,#5993,.T.);
#3494=EDGE_CURVE('',#4933,#4931,#5994,.T.);
#3495=EDGE_CURVE('',#4934,#4933,#5995,.T.);
#3496=EDGE_CURVE('',#4934,#4932,#5996,.T.);
#3497=EDGE_CURVE('',#4935,#4936,#5997,.T.);
#3498=EDGE_CURVE('',#4937,#4935,#5998,.T.);
#3499=EDGE_CURVE('',#4937,#4938,#5999,.T.);
#3500=EDGE_CURVE('',#4938,#4936,#6000,.T.);
#3501=EDGE_CURVE('',#4939,#4935,#6001,.T.);
#3502=EDGE_CURVE('',#4940,#4939,#6002,.T.);
#3503=EDGE_CURVE('',#4940,#4937,#6003,.T.);
#3504=EDGE_CURVE('',#4941,#4939,#6004,.T.);
#3505=EDGE_CURVE('',#4942,#4941,#6005,.T.);
#3506=EDGE_CURVE('',#4942,#4940,#6006,.T.);
#3507=EDGE_CURVE('',#4943,#4944,#6007,.T.);
#3508=EDGE_CURVE('',#4945,#4943,#6008,.T.);
#3509=EDGE_CURVE('',#4945,#4946,#6009,.T.);
#3510=EDGE_CURVE('',#4946,#4944,#6010,.T.);
#3511=EDGE_CURVE('',#4947,#4943,#6011,.T.);
#3512=EDGE_CURVE('',#4948,#4947,#6012,.T.);
#3513=EDGE_CURVE('',#4948,#4945,#6013,.T.);
#3514=EDGE_CURVE('',#4949,#4947,#6014,.T.);
#3515=EDGE_CURVE('',#4950,#4949,#6015,.T.);
#3516=EDGE_CURVE('',#4950,#4948,#6016,.T.);
#3517=EDGE_CURVE('',#4951,#4952,#6017,.T.);
#3518=EDGE_CURVE('',#4953,#4951,#6018,.T.);
#3519=EDGE_CURVE('',#4953,#4954,#6019,.T.);
#3520=EDGE_CURVE('',#4954,#4952,#6020,.T.);
#3521=EDGE_CURVE('',#4955,#4951,#6021,.T.);
#3522=EDGE_CURVE('',#4956,#4955,#6022,.T.);
#3523=EDGE_CURVE('',#4956,#4953,#6023,.T.);
#3524=EDGE_CURVE('',#4957,#4955,#6024,.T.);
#3525=EDGE_CURVE('',#4958,#4957,#6025,.T.);
#3526=EDGE_CURVE('',#4958,#4956,#6026,.T.);
#3527=EDGE_CURVE('',#4959,#4960,#6027,.T.);
#3528=EDGE_CURVE('',#4961,#4959,#6028,.T.);
#3529=EDGE_CURVE('',#4961,#4962,#6029,.T.);
#3530=EDGE_CURVE('',#4962,#4960,#6030,.T.);
#3531=EDGE_CURVE('',#4963,#4959,#6031,.T.);
#3532=EDGE_CURVE('',#4964,#4963,#6032,.T.);
#3533=EDGE_CURVE('',#4964,#4961,#6033,.T.);
#3534=EDGE_CURVE('',#4965,#4963,#6034,.T.);
#3535=EDGE_CURVE('',#4966,#4965,#6035,.T.);
#3536=EDGE_CURVE('',#4966,#4964,#6036,.T.);
#3537=EDGE_CURVE('',#4967,#4968,#6037,.T.);
#3538=EDGE_CURVE('',#4969,#4967,#6038,.T.);
#3539=EDGE_CURVE('',#4969,#4970,#6039,.T.);
#3540=EDGE_CURVE('',#4970,#4968,#6040,.T.);
#3541=EDGE_CURVE('',#4971,#4967,#6041,.T.);
#3542=EDGE_CURVE('',#4972,#4971,#6042,.T.);
#3543=EDGE_CURVE('',#4972,#4969,#6043,.T.);
#3544=EDGE_CURVE('',#4973,#4971,#6044,.T.);
#3545=EDGE_CURVE('',#4974,#4973,#6045,.T.);
#3546=EDGE_CURVE('',#4974,#4972,#6046,.T.);
#3547=EDGE_CURVE('',#4816,#4821,#6047,.T.);
#3548=EDGE_CURVE('',#4818,#4822,#6048,.T.);
#3549=EDGE_CURVE('',#4824,#4829,#6049,.T.);
#3550=EDGE_CURVE('',#4826,#4830,#6050,.T.);
#3551=EDGE_CURVE('',#4832,#4837,#6051,.T.);
#3552=EDGE_CURVE('',#4834,#4838,#6052,.T.);
#3553=EDGE_CURVE('',#4840,#4845,#6053,.T.);
#3554=EDGE_CURVE('',#4842,#4846,#6054,.T.);
#3555=EDGE_CURVE('',#4848,#4853,#6055,.T.);
#3556=EDGE_CURVE('',#4850,#4854,#6056,.T.);
#3557=EDGE_CURVE('',#4856,#4861,#6057,.T.);
#3558=EDGE_CURVE('',#4858,#4862,#6058,.T.);
#3559=EDGE_CURVE('',#4864,#4869,#6059,.T.);
#3560=EDGE_CURVE('',#4866,#4870,#6060,.T.);
#3561=EDGE_CURVE('',#4872,#4877,#6061,.T.);
#3562=EDGE_CURVE('',#4874,#4878,#6062,.T.);
#3563=EDGE_CURVE('',#4880,#4885,#6063,.T.);
#3564=EDGE_CURVE('',#4882,#4886,#6064,.T.);
#3565=EDGE_CURVE('',#4888,#4893,#6065,.T.);
#3566=EDGE_CURVE('',#4890,#4894,#6066,.T.);
#3567=EDGE_CURVE('',#4896,#4901,#6067,.T.);
#3568=EDGE_CURVE('',#4898,#4902,#6068,.T.);
#3569=EDGE_CURVE('',#4904,#4909,#6069,.T.);
#3570=EDGE_CURVE('',#4906,#4910,#6070,.T.);
#3571=EDGE_CURVE('',#4912,#4917,#6071,.T.);
#3572=EDGE_CURVE('',#4914,#4918,#6072,.T.);
#3573=EDGE_CURVE('',#4920,#4925,#6073,.T.);
#3574=EDGE_CURVE('',#4922,#4926,#6074,.T.);
#3575=EDGE_CURVE('',#4928,#4933,#6075,.T.);
#3576=EDGE_CURVE('',#4930,#4934,#6076,.T.);
#3577=EDGE_CURVE('',#4936,#4941,#6077,.T.);
#3578=EDGE_CURVE('',#4938,#4942,#6078,.T.);
#3579=EDGE_CURVE('',#4944,#4949,#6079,.T.);
#3580=EDGE_CURVE('',#4946,#4950,#6080,.T.);
#3581=EDGE_CURVE('',#4952,#4957,#6081,.T.);
#3582=EDGE_CURVE('',#4954,#4958,#6082,.T.);
#3583=EDGE_CURVE('',#4960,#4965,#6083,.T.);
#3584=EDGE_CURVE('',#4962,#4966,#6084,.T.);
#3585=EDGE_CURVE('',#4968,#4973,#6085,.T.);
#3586=EDGE_CURVE('',#4970,#4974,#6086,.T.);
#3587=EDGE_CURVE('',#4812,#4745,#6087,.T.);
#3588=EDGE_CURVE('',#4811,#4744,#6088,.T.);
#3589=EDGE_CURVE('',#4810,#4743,#6089,.T.);
#3590=EDGE_CURVE('',#4809,#4742,#6090,.T.);
#3591=EDGE_CURVE('',#4808,#4741,#6091,.T.);
#3592=EDGE_CURVE('',#4807,#4740,#6092,.T.);
#3593=EDGE_CURVE('',#4806,#4739,#6093,.T.);
#3594=EDGE_CURVE('',#4805,#4738,#6094,.T.);
#3595=EDGE_CURVE('',#4804,#4737,#6095,.T.);
#3596=EDGE_CURVE('',#4803,#4736,#6096,.T.);
#3597=EDGE_CURVE('',#4802,#4735,#6097,.T.);
#3598=EDGE_CURVE('',#4801,#4734,#6098,.T.);
#3599=EDGE_CURVE('',#4800,#4733,#6099,.T.);
#3600=EDGE_CURVE('',#4799,#4732,#6100,.T.);
#3601=EDGE_CURVE('',#4798,#4731,#6101,.T.);
#3602=EDGE_CURVE('',#4797,#4730,#6102,.T.);
#3603=EDGE_CURVE('',#4796,#4729,#6103,.T.);
#3604=EDGE_CURVE('',#4795,#4728,#6104,.T.);
#3605=EDGE_CURVE('',#4794,#4727,#6105,.T.);
#3606=EDGE_CURVE('',#4749,#4771,#6106,.T.);
#3607=EDGE_CURVE('',#4770,#4773,#6107,.T.);
#3608=EDGE_CURVE('',#4769,#4774,#6108,.T.);
#3609=EDGE_CURVE('',#4768,#4775,#6109,.T.);
#3610=EDGE_CURVE('',#4767,#4776,#6110,.T.);
#3611=EDGE_CURVE('',#4766,#4777,#6111,.T.);
#3612=EDGE_CURVE('',#4765,#4778,#6112,.T.);
#3613=EDGE_CURVE('',#4764,#4779,#6113,.T.);
#3614=EDGE_CURVE('',#4763,#4780,#6114,.T.);
#3615=EDGE_CURVE('',#4762,#4781,#6115,.T.);
#3616=EDGE_CURVE('',#4761,#4782,#6116,.T.);
#3617=EDGE_CURVE('',#4760,#4783,#6117,.T.);
#3618=EDGE_CURVE('',#4759,#4784,#6118,.T.);
#3619=EDGE_CURVE('',#4758,#4785,#6119,.T.);
#3620=EDGE_CURVE('',#4757,#4786,#6120,.T.);
#3621=EDGE_CURVE('',#4756,#4787,#6121,.T.);
#3622=EDGE_CURVE('',#4755,#4788,#6122,.T.);
#3623=EDGE_CURVE('',#4754,#4789,#6123,.T.);
#3624=EDGE_CURVE('',#4753,#4790,#6124,.T.);
#3625=EDGE_CURVE('',#4752,#4791,#6125,.T.);
#3626=EDGE_CURVE('',#4813,#4746,#6126,.T.);
#3627=EDGE_CURVE('',#4975,#4976,#6127,.T.);
#3628=EDGE_CURVE('',#4977,#4975,#6128,.T.);
#3629=EDGE_CURVE('',#4978,#4977,#6129,.T.);
#3630=EDGE_CURVE('',#4979,#4978,#38,.F.);
#3631=EDGE_CURVE('',#4980,#4979,#6130,.T.);
#3632=EDGE_CURVE('',#4981,#4980,#6131,.T.);
#3633=EDGE_CURVE('',#4982,#4981,#6132,.T.);
#3634=EDGE_CURVE('',#4982,#4983,#6133,.T.);
#3635=EDGE_CURVE('',#4983,#4984,#6134,.T.);
#3636=EDGE_CURVE('',#4976,#4984,#6135,.T.);
#3637=EDGE_CURVE('',#4985,#4982,#6136,.T.);
#3638=EDGE_CURVE('',#4985,#4986,#6137,.T.);
#3639=EDGE_CURVE('',#4986,#4983,#6138,.T.);
#3640=EDGE_CURVE('',#4987,#4988,#6139,.T.);
#3641=EDGE_CURVE('',#4987,#4989,#6140,.T.);
#3642=EDGE_CURVE('',#4989,#4986,#6141,.T.);
#3643=EDGE_CURVE('',#4990,#4985,#6142,.T.);
#3644=EDGE_CURVE('',#4991,#4990,#6143,.T.);
#3645=EDGE_CURVE('',#4992,#4991,#6144,.T.);
#3646=EDGE_CURVE('',#4993,#4992,#39,.F.);
#3647=EDGE_CURVE('',#4994,#4993,#6145,.T.);
#3648=EDGE_CURVE('',#4988,#4994,#6146,.T.);
#3649=EDGE_CURVE('',#4995,#4996,#6147,.T.);
#3650=EDGE_CURVE('',#4997,#4995,#6148,.T.);
#3651=EDGE_CURVE('',#4998,#4997,#6149,.T.);
#3652=EDGE_CURVE('',#4999,#4998,#40,.F.);
#3653=EDGE_CURVE('',#5000,#4999,#6150,.T.);
#3654=EDGE_CURVE('',#5001,#5000,#6151,.T.);
#3655=EDGE_CURVE('',#5002,#5001,#6152,.T.);
#3656=EDGE_CURVE('',#5002,#5003,#6153,.T.);
#3657=EDGE_CURVE('',#5003,#5004,#6154,.T.);
#3658=EDGE_CURVE('',#4996,#5004,#6155,.T.);
#3659=EDGE_CURVE('',#5005,#5002,#6156,.T.);
#3660=EDGE_CURVE('',#5005,#5006,#6157,.T.);
#3661=EDGE_CURVE('',#5006,#5003,#6158,.T.);
#3662=EDGE_CURVE('',#5007,#5008,#6159,.T.);
#3663=EDGE_CURVE('',#5007,#5009,#6160,.T.);
#3664=EDGE_CURVE('',#5009,#5006,#6161,.T.);
#3665=EDGE_CURVE('',#5010,#5005,#6162,.T.);
#3666=EDGE_CURVE('',#5011,#5010,#6163,.T.);
#3667=EDGE_CURVE('',#5012,#5011,#6164,.T.);
#3668=EDGE_CURVE('',#5013,#5012,#41,.F.);
#3669=EDGE_CURVE('',#5014,#5013,#6165,.T.);
#3670=EDGE_CURVE('',#5008,#5014,#6166,.T.);
#3671=EDGE_CURVE('',#5015,#5016,#6167,.T.);
#3672=EDGE_CURVE('',#5017,#5015,#6168,.T.);
#3673=EDGE_CURVE('',#5018,#5017,#6169,.T.);
#3674=EDGE_CURVE('',#5019,#5018,#42,.F.);
#3675=EDGE_CURVE('',#5020,#5019,#6170,.T.);
#3676=EDGE_CURVE('',#5021,#5020,#6171,.T.);
#3677=EDGE_CURVE('',#5022,#5021,#6172,.T.);
#3678=EDGE_CURVE('',#5022,#5023,#6173,.T.);
#3679=EDGE_CURVE('',#5023,#5024,#6174,.T.);
#3680=EDGE_CURVE('',#5016,#5024,#6175,.T.);
#3681=EDGE_CURVE('',#5025,#5022,#6176,.T.);
#3682=EDGE_CURVE('',#5025,#5026,#6177,.T.);
#3683=EDGE_CURVE('',#5026,#5023,#6178,.T.);
#3684=EDGE_CURVE('',#5027,#5028,#6179,.T.);
#3685=EDGE_CURVE('',#5027,#5029,#6180,.T.);
#3686=EDGE_CURVE('',#5029,#5026,#6181,.T.);
#3687=EDGE_CURVE('',#5030,#5025,#6182,.T.);
#3688=EDGE_CURVE('',#5031,#5030,#6183,.T.);
#3689=EDGE_CURVE('',#5032,#5031,#6184,.T.);
#3690=EDGE_CURVE('',#5033,#5032,#43,.F.);
#3691=EDGE_CURVE('',#5034,#5033,#6185,.T.);
#3692=EDGE_CURVE('',#5028,#5034,#6186,.T.);
#3693=EDGE_CURVE('',#5035,#5036,#6187,.T.);
#3694=EDGE_CURVE('',#5037,#5035,#6188,.T.);
#3695=EDGE_CURVE('',#5038,#5037,#6189,.T.);
#3696=EDGE_CURVE('',#5039,#5038,#44,.F.);
#3697=EDGE_CURVE('',#5040,#5039,#6190,.T.);
#3698=EDGE_CURVE('',#5041,#5040,#6191,.T.);
#3699=EDGE_CURVE('',#5042,#5041,#6192,.T.);
#3700=EDGE_CURVE('',#5042,#5043,#6193,.T.);
#3701=EDGE_CURVE('',#5043,#5044,#6194,.T.);
#3702=EDGE_CURVE('',#5036,#5044,#6195,.T.);
#3703=EDGE_CURVE('',#5045,#5042,#6196,.T.);
#3704=EDGE_CURVE('',#5045,#5046,#6197,.T.);
#3705=EDGE_CURVE('',#5046,#5043,#6198,.T.);
#3706=EDGE_CURVE('',#5047,#5048,#6199,.T.);
#3707=EDGE_CURVE('',#5047,#5049,#6200,.T.);
#3708=EDGE_CURVE('',#5049,#5046,#6201,.T.);
#3709=EDGE_CURVE('',#5050,#5045,#6202,.T.);
#3710=EDGE_CURVE('',#5051,#5050,#6203,.T.);
#3711=EDGE_CURVE('',#5052,#5051,#6204,.T.);
#3712=EDGE_CURVE('',#5053,#5052,#45,.F.);
#3713=EDGE_CURVE('',#5054,#5053,#6205,.T.);
#3714=EDGE_CURVE('',#5048,#5054,#6206,.T.);
#3715=EDGE_CURVE('',#5055,#5056,#6207,.T.);
#3716=EDGE_CURVE('',#5057,#5055,#6208,.T.);
#3717=EDGE_CURVE('',#5058,#5057,#6209,.T.);
#3718=EDGE_CURVE('',#5059,#5058,#46,.F.);
#3719=EDGE_CURVE('',#5060,#5059,#6210,.T.);
#3720=EDGE_CURVE('',#5061,#5060,#6211,.T.);
#3721=EDGE_CURVE('',#5062,#5061,#6212,.T.);
#3722=EDGE_CURVE('',#5062,#5063,#6213,.T.);
#3723=EDGE_CURVE('',#5063,#5064,#6214,.T.);
#3724=EDGE_CURVE('',#5056,#5064,#6215,.T.);
#3725=EDGE_CURVE('',#5065,#5062,#6216,.T.);
#3726=EDGE_CURVE('',#5065,#5066,#6217,.T.);
#3727=EDGE_CURVE('',#5066,#5063,#6218,.T.);
#3728=EDGE_CURVE('',#5067,#5068,#6219,.T.);
#3729=EDGE_CURVE('',#5067,#5069,#6220,.T.);
#3730=EDGE_CURVE('',#5069,#5066,#6221,.T.);
#3731=EDGE_CURVE('',#5070,#5065,#6222,.T.);
#3732=EDGE_CURVE('',#5071,#5070,#6223,.T.);
#3733=EDGE_CURVE('',#5072,#5071,#6224,.T.);
#3734=EDGE_CURVE('',#5073,#5072,#47,.F.);
#3735=EDGE_CURVE('',#5074,#5073,#6225,.T.);
#3736=EDGE_CURVE('',#5068,#5074,#6226,.T.);
#3737=EDGE_CURVE('',#5075,#5076,#6227,.T.);
#3738=EDGE_CURVE('',#5077,#5075,#6228,.T.);
#3739=EDGE_CURVE('',#5078,#5077,#6229,.T.);
#3740=EDGE_CURVE('',#5079,#5078,#48,.F.);
#3741=EDGE_CURVE('',#5080,#5079,#6230,.T.);
#3742=EDGE_CURVE('',#5081,#5080,#6231,.T.);
#3743=EDGE_CURVE('',#5082,#5081,#6232,.T.);
#3744=EDGE_CURVE('',#5082,#5083,#6233,.T.);
#3745=EDGE_CURVE('',#5083,#5084,#6234,.T.);
#3746=EDGE_CURVE('',#5076,#5084,#6235,.T.);
#3747=EDGE_CURVE('',#5085,#5082,#6236,.T.);
#3748=EDGE_CURVE('',#5085,#5086,#6237,.T.);
#3749=EDGE_CURVE('',#5086,#5083,#6238,.T.);
#3750=EDGE_CURVE('',#5087,#5088,#6239,.T.);
#3751=EDGE_CURVE('',#5087,#5089,#6240,.T.);
#3752=EDGE_CURVE('',#5089,#5086,#6241,.T.);
#3753=EDGE_CURVE('',#5090,#5085,#6242,.T.);
#3754=EDGE_CURVE('',#5091,#5090,#6243,.T.);
#3755=EDGE_CURVE('',#5092,#5091,#6244,.T.);
#3756=EDGE_CURVE('',#5093,#5092,#49,.F.);
#3757=EDGE_CURVE('',#5094,#5093,#6245,.T.);
#3758=EDGE_CURVE('',#5088,#5094,#6246,.T.);
#3759=EDGE_CURVE('',#5095,#5096,#6247,.T.);
#3760=EDGE_CURVE('',#5097,#5095,#6248,.T.);
#3761=EDGE_CURVE('',#5098,#5097,#6249,.T.);
#3762=EDGE_CURVE('',#5099,#5098,#50,.F.);
#3763=EDGE_CURVE('',#5100,#5099,#6250,.T.);
#3764=EDGE_CURVE('',#5101,#5100,#6251,.T.);
#3765=EDGE_CURVE('',#5102,#5101,#6252,.T.);
#3766=EDGE_CURVE('',#5102,#5103,#6253,.T.);
#3767=EDGE_CURVE('',#5103,#5104,#6254,.T.);
#3768=EDGE_CURVE('',#5096,#5104,#6255,.T.);
#3769=EDGE_CURVE('',#5105,#5102,#6256,.T.);
#3770=EDGE_CURVE('',#5105,#5106,#6257,.T.);
#3771=EDGE_CURVE('',#5106,#5103,#6258,.T.);
#3772=EDGE_CURVE('',#5107,#5108,#6259,.T.);
#3773=EDGE_CURVE('',#5107,#5109,#6260,.T.);
#3774=EDGE_CURVE('',#5109,#5106,#6261,.T.);
#3775=EDGE_CURVE('',#5110,#5105,#6262,.T.);
#3776=EDGE_CURVE('',#5111,#5110,#6263,.T.);
#3777=EDGE_CURVE('',#5112,#5111,#6264,.T.);
#3778=EDGE_CURVE('',#5113,#5112,#51,.F.);
#3779=EDGE_CURVE('',#5114,#5113,#6265,.T.);
#3780=EDGE_CURVE('',#5108,#5114,#6266,.T.);
#3781=EDGE_CURVE('',#5115,#5116,#6267,.T.);
#3782=EDGE_CURVE('',#5117,#5115,#6268,.T.);
#3783=EDGE_CURVE('',#5118,#5117,#6269,.T.);
#3784=EDGE_CURVE('',#5119,#5118,#52,.F.);
#3785=EDGE_CURVE('',#5120,#5119,#6270,.T.);
#3786=EDGE_CURVE('',#5121,#5120,#6271,.T.);
#3787=EDGE_CURVE('',#5122,#5121,#6272,.T.);
#3788=EDGE_CURVE('',#5122,#5123,#6273,.T.);
#3789=EDGE_CURVE('',#5123,#5124,#6274,.T.);
#3790=EDGE_CURVE('',#5116,#5124,#6275,.T.);
#3791=EDGE_CURVE('',#5125,#5122,#6276,.T.);
#3792=EDGE_CURVE('',#5125,#5126,#6277,.T.);
#3793=EDGE_CURVE('',#5126,#5123,#6278,.T.);
#3794=EDGE_CURVE('',#5127,#5128,#6279,.T.);
#3795=EDGE_CURVE('',#5127,#5129,#6280,.T.);
#3796=EDGE_CURVE('',#5129,#5126,#6281,.T.);
#3797=EDGE_CURVE('',#5130,#5125,#6282,.T.);
#3798=EDGE_CURVE('',#5131,#5130,#6283,.T.);
#3799=EDGE_CURVE('',#5132,#5131,#6284,.T.);
#3800=EDGE_CURVE('',#5133,#5132,#53,.F.);
#3801=EDGE_CURVE('',#5134,#5133,#6285,.T.);
#3802=EDGE_CURVE('',#5128,#5134,#6286,.T.);
#3803=EDGE_CURVE('',#5135,#5136,#6287,.T.);
#3804=EDGE_CURVE('',#5137,#5135,#6288,.T.);
#3805=EDGE_CURVE('',#5138,#5137,#6289,.T.);
#3806=EDGE_CURVE('',#5139,#5138,#54,.F.);
#3807=EDGE_CURVE('',#5140,#5139,#6290,.T.);
#3808=EDGE_CURVE('',#5141,#5140,#6291,.T.);
#3809=EDGE_CURVE('',#5142,#5141,#6292,.T.);
#3810=EDGE_CURVE('',#5142,#5143,#6293,.T.);
#3811=EDGE_CURVE('',#5143,#5144,#6294,.T.);
#3812=EDGE_CURVE('',#5136,#5144,#6295,.T.);
#3813=EDGE_CURVE('',#5145,#5142,#6296,.T.);
#3814=EDGE_CURVE('',#5145,#5146,#6297,.T.);
#3815=EDGE_CURVE('',#5146,#5143,#6298,.T.);
#3816=EDGE_CURVE('',#5147,#5148,#6299,.T.);
#3817=EDGE_CURVE('',#5147,#5149,#6300,.T.);
#3818=EDGE_CURVE('',#5149,#5146,#6301,.T.);
#3819=EDGE_CURVE('',#5150,#5145,#6302,.T.);
#3820=EDGE_CURVE('',#5151,#5150,#6303,.T.);
#3821=EDGE_CURVE('',#5152,#5151,#6304,.T.);
#3822=EDGE_CURVE('',#5153,#5152,#55,.F.);
#3823=EDGE_CURVE('',#5154,#5153,#6305,.T.);
#3824=EDGE_CURVE('',#5148,#5154,#6306,.T.);
#3825=EDGE_CURVE('',#5155,#5156,#6307,.T.);
#3826=EDGE_CURVE('',#5157,#5155,#6308,.T.);
#3827=EDGE_CURVE('',#5158,#5157,#6309,.T.);
#3828=EDGE_CURVE('',#5159,#5158,#56,.F.);
#3829=EDGE_CURVE('',#5160,#5159,#6310,.T.);
#3830=EDGE_CURVE('',#5161,#5160,#6311,.T.);
#3831=EDGE_CURVE('',#5162,#5161,#6312,.T.);
#3832=EDGE_CURVE('',#5162,#5163,#6313,.T.);
#3833=EDGE_CURVE('',#5163,#5164,#6314,.T.);
#3834=EDGE_CURVE('',#5156,#5164,#6315,.T.);
#3835=EDGE_CURVE('',#5165,#5162,#6316,.T.);
#3836=EDGE_CURVE('',#5165,#5166,#6317,.T.);
#3837=EDGE_CURVE('',#5166,#5163,#6318,.T.);
#3838=EDGE_CURVE('',#5167,#5168,#6319,.T.);
#3839=EDGE_CURVE('',#5167,#5169,#6320,.T.);
#3840=EDGE_CURVE('',#5169,#5166,#6321,.T.);
#3841=EDGE_CURVE('',#5170,#5165,#6322,.T.);
#3842=EDGE_CURVE('',#5171,#5170,#6323,.T.);
#3843=EDGE_CURVE('',#5172,#5171,#6324,.T.);
#3844=EDGE_CURVE('',#5173,#5172,#57,.F.);
#3845=EDGE_CURVE('',#5174,#5173,#6325,.T.);
#3846=EDGE_CURVE('',#5168,#5174,#6326,.T.);
#3847=EDGE_CURVE('',#5175,#5176,#6327,.T.);
#3848=EDGE_CURVE('',#5177,#5175,#6328,.T.);
#3849=EDGE_CURVE('',#5178,#5177,#6329,.T.);
#3850=EDGE_CURVE('',#5179,#5178,#58,.F.);
#3851=EDGE_CURVE('',#5180,#5179,#6330,.T.);
#3852=EDGE_CURVE('',#5181,#5180,#6331,.T.);
#3853=EDGE_CURVE('',#5182,#5181,#6332,.T.);
#3854=EDGE_CURVE('',#5182,#5183,#6333,.T.);
#3855=EDGE_CURVE('',#5183,#5184,#6334,.T.);
#3856=EDGE_CURVE('',#5176,#5184,#6335,.T.);
#3857=EDGE_CURVE('',#5185,#5182,#6336,.T.);
#3858=EDGE_CURVE('',#5185,#5186,#6337,.T.);
#3859=EDGE_CURVE('',#5186,#5183,#6338,.T.);
#3860=EDGE_CURVE('',#5187,#5188,#6339,.T.);
#3861=EDGE_CURVE('',#5187,#5189,#6340,.T.);
#3862=EDGE_CURVE('',#5189,#5186,#6341,.T.);
#3863=EDGE_CURVE('',#5190,#5185,#6342,.T.);
#3864=EDGE_CURVE('',#5191,#5190,#6343,.T.);
#3865=EDGE_CURVE('',#5192,#5191,#6344,.T.);
#3866=EDGE_CURVE('',#5193,#5192,#59,.F.);
#3867=EDGE_CURVE('',#5194,#5193,#6345,.T.);
#3868=EDGE_CURVE('',#5188,#5194,#6346,.T.);
#3869=EDGE_CURVE('',#5195,#5196,#6347,.T.);
#3870=EDGE_CURVE('',#5197,#5195,#6348,.T.);
#3871=EDGE_CURVE('',#5198,#5197,#6349,.T.);
#3872=EDGE_CURVE('',#5199,#5198,#60,.F.);
#3873=EDGE_CURVE('',#5200,#5199,#6350,.T.);
#3874=EDGE_CURVE('',#5201,#5200,#6351,.T.);
#3875=EDGE_CURVE('',#5202,#5201,#6352,.T.);
#3876=EDGE_CURVE('',#5202,#5203,#6353,.T.);
#3877=EDGE_CURVE('',#5203,#5204,#6354,.T.);
#3878=EDGE_CURVE('',#5196,#5204,#6355,.T.);
#3879=EDGE_CURVE('',#5205,#5202,#6356,.T.);
#3880=EDGE_CURVE('',#5205,#5206,#6357,.T.);
#3881=EDGE_CURVE('',#5206,#5203,#6358,.T.);
#3882=EDGE_CURVE('',#5207,#5208,#6359,.T.);
#3883=EDGE_CURVE('',#5207,#5209,#6360,.T.);
#3884=EDGE_CURVE('',#5209,#5206,#6361,.T.);
#3885=EDGE_CURVE('',#5210,#5205,#6362,.T.);
#3886=EDGE_CURVE('',#5211,#5210,#6363,.T.);
#3887=EDGE_CURVE('',#5212,#5211,#6364,.T.);
#3888=EDGE_CURVE('',#5213,#5212,#61,.F.);
#3889=EDGE_CURVE('',#5214,#5213,#6365,.T.);
#3890=EDGE_CURVE('',#5208,#5214,#6366,.T.);
#3891=EDGE_CURVE('',#5215,#5216,#6367,.T.);
#3892=EDGE_CURVE('',#5217,#5215,#6368,.T.);
#3893=EDGE_CURVE('',#5218,#5217,#6369,.T.);
#3894=EDGE_CURVE('',#5219,#5218,#62,.F.);
#3895=EDGE_CURVE('',#5220,#5219,#6370,.T.);
#3896=EDGE_CURVE('',#5221,#5220,#6371,.T.);
#3897=EDGE_CURVE('',#5222,#5221,#6372,.T.);
#3898=EDGE_CURVE('',#5222,#5223,#6373,.T.);
#3899=EDGE_CURVE('',#5223,#5224,#6374,.T.);
#3900=EDGE_CURVE('',#5216,#5224,#6375,.T.);
#3901=EDGE_CURVE('',#5225,#5222,#6376,.T.);
#3902=EDGE_CURVE('',#5225,#5226,#6377,.T.);
#3903=EDGE_CURVE('',#5226,#5223,#6378,.T.);
#3904=EDGE_CURVE('',#5227,#5228,#6379,.T.);
#3905=EDGE_CURVE('',#5227,#5229,#6380,.T.);
#3906=EDGE_CURVE('',#5229,#5226,#6381,.T.);
#3907=EDGE_CURVE('',#5230,#5225,#6382,.T.);
#3908=EDGE_CURVE('',#5231,#5230,#6383,.T.);
#3909=EDGE_CURVE('',#5232,#5231,#6384,.T.);
#3910=EDGE_CURVE('',#5233,#5232,#63,.F.);
#3911=EDGE_CURVE('',#5234,#5233,#6385,.T.);
#3912=EDGE_CURVE('',#5228,#5234,#6386,.T.);
#3913=EDGE_CURVE('',#5235,#5236,#6387,.T.);
#3914=EDGE_CURVE('',#5237,#5235,#6388,.T.);
#3915=EDGE_CURVE('',#5238,#5237,#6389,.T.);
#3916=EDGE_CURVE('',#5239,#5238,#64,.F.);
#3917=EDGE_CURVE('',#5240,#5239,#6390,.T.);
#3918=EDGE_CURVE('',#5241,#5240,#6391,.T.);
#3919=EDGE_CURVE('',#5242,#5241,#6392,.T.);
#3920=EDGE_CURVE('',#5242,#5243,#6393,.T.);
#3921=EDGE_CURVE('',#5243,#5244,#6394,.T.);
#3922=EDGE_CURVE('',#5236,#5244,#6395,.T.);
#3923=EDGE_CURVE('',#5245,#5242,#6396,.T.);
#3924=EDGE_CURVE('',#5245,#5246,#6397,.T.);
#3925=EDGE_CURVE('',#5246,#5243,#6398,.T.);
#3926=EDGE_CURVE('',#5247,#5248,#6399,.T.);
#3927=EDGE_CURVE('',#5247,#5249,#6400,.T.);
#3928=EDGE_CURVE('',#5249,#5246,#6401,.T.);
#3929=EDGE_CURVE('',#5250,#5245,#6402,.T.);
#3930=EDGE_CURVE('',#5251,#5250,#6403,.T.);
#3931=EDGE_CURVE('',#5252,#5251,#6404,.T.);
#3932=EDGE_CURVE('',#5253,#5252,#65,.F.);
#3933=EDGE_CURVE('',#5254,#5253,#6405,.T.);
#3934=EDGE_CURVE('',#5248,#5254,#6406,.T.);
#3935=EDGE_CURVE('',#5255,#5256,#6407,.T.);
#3936=EDGE_CURVE('',#5257,#5255,#6408,.T.);
#3937=EDGE_CURVE('',#5258,#5257,#6409,.T.);
#3938=EDGE_CURVE('',#5259,#5258,#66,.F.);
#3939=EDGE_CURVE('',#5260,#5259,#6410,.T.);
#3940=EDGE_CURVE('',#5261,#5260,#6411,.T.);
#3941=EDGE_CURVE('',#5262,#5261,#6412,.T.);
#3942=EDGE_CURVE('',#5262,#5263,#6413,.T.);
#3943=EDGE_CURVE('',#5263,#5264,#6414,.T.);
#3944=EDGE_CURVE('',#5256,#5264,#6415,.T.);
#3945=EDGE_CURVE('',#5265,#5262,#6416,.T.);
#3946=EDGE_CURVE('',#5265,#5266,#6417,.T.);
#3947=EDGE_CURVE('',#5266,#5263,#6418,.T.);
#3948=EDGE_CURVE('',#5267,#5268,#6419,.T.);
#3949=EDGE_CURVE('',#5267,#5269,#6420,.T.);
#3950=EDGE_CURVE('',#5269,#5266,#6421,.T.);
#3951=EDGE_CURVE('',#5270,#5265,#6422,.T.);
#3952=EDGE_CURVE('',#5271,#5270,#6423,.T.);
#3953=EDGE_CURVE('',#5272,#5271,#6424,.T.);
#3954=EDGE_CURVE('',#5273,#5272,#67,.F.);
#3955=EDGE_CURVE('',#5274,#5273,#6425,.T.);
#3956=EDGE_CURVE('',#5268,#5274,#6426,.T.);
#3957=EDGE_CURVE('',#5275,#5276,#6427,.T.);
#3958=EDGE_CURVE('',#5277,#5275,#6428,.T.);
#3959=EDGE_CURVE('',#5278,#5277,#6429,.T.);
#3960=EDGE_CURVE('',#5279,#5278,#68,.F.);
#3961=EDGE_CURVE('',#5280,#5279,#6430,.T.);
#3962=EDGE_CURVE('',#5281,#5280,#6431,.T.);
#3963=EDGE_CURVE('',#5282,#5281,#6432,.T.);
#3964=EDGE_CURVE('',#5282,#5283,#6433,.T.);
#3965=EDGE_CURVE('',#5283,#5284,#6434,.T.);
#3966=EDGE_CURVE('',#5276,#5284,#6435,.T.);
#3967=EDGE_CURVE('',#5285,#5282,#6436,.T.);
#3968=EDGE_CURVE('',#5285,#5286,#6437,.T.);
#3969=EDGE_CURVE('',#5286,#5283,#6438,.T.);
#3970=EDGE_CURVE('',#5287,#5288,#6439,.T.);
#3971=EDGE_CURVE('',#5287,#5289,#6440,.T.);
#3972=EDGE_CURVE('',#5289,#5286,#6441,.T.);
#3973=EDGE_CURVE('',#5290,#5285,#6442,.T.);
#3974=EDGE_CURVE('',#5291,#5290,#6443,.T.);
#3975=EDGE_CURVE('',#5292,#5291,#6444,.T.);
#3976=EDGE_CURVE('',#5293,#5292,#69,.F.);
#3977=EDGE_CURVE('',#5294,#5293,#6445,.T.);
#3978=EDGE_CURVE('',#5288,#5294,#6446,.T.);
#3979=EDGE_CURVE('',#5295,#5296,#6447,.T.);
#3980=EDGE_CURVE('',#5297,#5295,#6448,.T.);
#3981=EDGE_CURVE('',#5298,#5297,#6449,.T.);
#3982=EDGE_CURVE('',#5299,#5298,#70,.F.);
#3983=EDGE_CURVE('',#5300,#5299,#6450,.T.);
#3984=EDGE_CURVE('',#5301,#5300,#6451,.T.);
#3985=EDGE_CURVE('',#5302,#5301,#6452,.T.);
#3986=EDGE_CURVE('',#5302,#5303,#6453,.T.);
#3987=EDGE_CURVE('',#5303,#5304,#6454,.T.);
#3988=EDGE_CURVE('',#5296,#5304,#6455,.T.);
#3989=EDGE_CURVE('',#5305,#5302,#6456,.T.);
#3990=EDGE_CURVE('',#5305,#5306,#6457,.T.);
#3991=EDGE_CURVE('',#5306,#5303,#6458,.T.);
#3992=EDGE_CURVE('',#5307,#5308,#6459,.T.);
#3993=EDGE_CURVE('',#5307,#5309,#6460,.T.);
#3994=EDGE_CURVE('',#5309,#5306,#6461,.T.);
#3995=EDGE_CURVE('',#5310,#5305,#6462,.T.);
#3996=EDGE_CURVE('',#5311,#5310,#6463,.T.);
#3997=EDGE_CURVE('',#5312,#5311,#6464,.T.);
#3998=EDGE_CURVE('',#5313,#5312,#71,.F.);
#3999=EDGE_CURVE('',#5314,#5313,#6465,.T.);
#4000=EDGE_CURVE('',#5308,#5314,#6466,.T.);
#4001=EDGE_CURVE('',#5315,#5316,#6467,.T.);
#4002=EDGE_CURVE('',#5317,#5315,#6468,.T.);
#4003=EDGE_CURVE('',#5318,#5317,#6469,.T.);
#4004=EDGE_CURVE('',#5319,#5318,#72,.F.);
#4005=EDGE_CURVE('',#5320,#5319,#6470,.T.);
#4006=EDGE_CURVE('',#5321,#5320,#6471,.T.);
#4007=EDGE_CURVE('',#5322,#5321,#6472,.T.);
#4008=EDGE_CURVE('',#5322,#5323,#6473,.T.);
#4009=EDGE_CURVE('',#5323,#5324,#6474,.T.);
#4010=EDGE_CURVE('',#5316,#5324,#6475,.T.);
#4011=EDGE_CURVE('',#5325,#5322,#6476,.T.);
#4012=EDGE_CURVE('',#5325,#5326,#6477,.T.);
#4013=EDGE_CURVE('',#5326,#5323,#6478,.T.);
#4014=EDGE_CURVE('',#5327,#5328,#6479,.T.);
#4015=EDGE_CURVE('',#5327,#5329,#6480,.T.);
#4016=EDGE_CURVE('',#5329,#5326,#6481,.T.);
#4017=EDGE_CURVE('',#5330,#5325,#6482,.T.);
#4018=EDGE_CURVE('',#5331,#5330,#6483,.T.);
#4019=EDGE_CURVE('',#5332,#5331,#6484,.T.);
#4020=EDGE_CURVE('',#5333,#5332,#73,.F.);
#4021=EDGE_CURVE('',#5334,#5333,#6485,.T.);
#4022=EDGE_CURVE('',#5328,#5334,#6486,.T.);
#4023=EDGE_CURVE('',#5335,#5336,#6487,.T.);
#4024=EDGE_CURVE('',#5337,#5335,#6488,.T.);
#4025=EDGE_CURVE('',#5338,#5337,#6489,.T.);
#4026=EDGE_CURVE('',#5339,#5338,#74,.F.);
#4027=EDGE_CURVE('',#5340,#5339,#6490,.T.);
#4028=EDGE_CURVE('',#5341,#5340,#6491,.T.);
#4029=EDGE_CURVE('',#5342,#5341,#6492,.T.);
#4030=EDGE_CURVE('',#5342,#5343,#6493,.T.);
#4031=EDGE_CURVE('',#5343,#5344,#6494,.T.);
#4032=EDGE_CURVE('',#5336,#5344,#6495,.T.);
#4033=EDGE_CURVE('',#5345,#5342,#6496,.T.);
#4034=EDGE_CURVE('',#5345,#5346,#6497,.T.);
#4035=EDGE_CURVE('',#5346,#5343,#6498,.T.);
#4036=EDGE_CURVE('',#5347,#5348,#6499,.T.);
#4037=EDGE_CURVE('',#5347,#5349,#6500,.T.);
#4038=EDGE_CURVE('',#5349,#5346,#6501,.T.);
#4039=EDGE_CURVE('',#5350,#5345,#6502,.T.);
#4040=EDGE_CURVE('',#5351,#5350,#6503,.T.);
#4041=EDGE_CURVE('',#5352,#5351,#6504,.T.);
#4042=EDGE_CURVE('',#5353,#5352,#75,.F.);
#4043=EDGE_CURVE('',#5354,#5353,#6505,.T.);
#4044=EDGE_CURVE('',#5348,#5354,#6506,.T.);
#4045=EDGE_CURVE('',#5355,#5356,#6507,.T.);
#4046=EDGE_CURVE('',#5357,#5355,#6508,.T.);
#4047=EDGE_CURVE('',#5358,#5357,#6509,.T.);
#4048=EDGE_CURVE('',#5359,#5358,#76,.F.);
#4049=EDGE_CURVE('',#5360,#5359,#6510,.T.);
#4050=EDGE_CURVE('',#5361,#5360,#6511,.T.);
#4051=EDGE_CURVE('',#5362,#5361,#6512,.T.);
#4052=EDGE_CURVE('',#5362,#5363,#6513,.T.);
#4053=EDGE_CURVE('',#5363,#5364,#6514,.T.);
#4054=EDGE_CURVE('',#5356,#5364,#6515,.T.);
#4055=EDGE_CURVE('',#5365,#5362,#6516,.T.);
#4056=EDGE_CURVE('',#5365,#5366,#6517,.T.);
#4057=EDGE_CURVE('',#5366,#5363,#6518,.T.);
#4058=EDGE_CURVE('',#5367,#5368,#6519,.T.);
#4059=EDGE_CURVE('',#5367,#5369,#6520,.T.);
#4060=EDGE_CURVE('',#5369,#5366,#6521,.T.);
#4061=EDGE_CURVE('',#5370,#5365,#6522,.T.);
#4062=EDGE_CURVE('',#5371,#5370,#6523,.T.);
#4063=EDGE_CURVE('',#5372,#5371,#6524,.T.);
#4064=EDGE_CURVE('',#5373,#5372,#77,.F.);
#4065=EDGE_CURVE('',#5374,#5373,#6525,.T.);
#4066=EDGE_CURVE('',#5368,#5374,#6526,.T.);
#4067=EDGE_CURVE('',#4976,#4987,#6527,.T.);
#4068=EDGE_CURVE('',#4984,#4989,#6528,.T.);
#4069=EDGE_CURVE('',#4996,#5007,#6529,.T.);
#4070=EDGE_CURVE('',#5004,#5009,#6530,.T.);
#4071=EDGE_CURVE('',#5016,#5027,#6531,.T.);
#4072=EDGE_CURVE('',#5024,#5029,#6532,.T.);
#4073=EDGE_CURVE('',#5036,#5047,#6533,.T.);
#4074=EDGE_CURVE('',#5044,#5049,#6534,.T.);
#4075=EDGE_CURVE('',#5056,#5067,#6535,.T.);
#4076=EDGE_CURVE('',#5064,#5069,#6536,.T.);
#4077=EDGE_CURVE('',#5076,#5087,#6537,.T.);
#4078=EDGE_CURVE('',#5084,#5089,#6538,.T.);
#4079=EDGE_CURVE('',#5096,#5107,#6539,.T.);
#4080=EDGE_CURVE('',#5104,#5109,#6540,.T.);
#4081=EDGE_CURVE('',#5116,#5127,#6541,.T.);
#4082=EDGE_CURVE('',#5124,#5129,#6542,.T.);
#4083=EDGE_CURVE('',#5136,#5147,#6543,.T.);
#4084=EDGE_CURVE('',#5144,#5149,#6544,.T.);
#4085=EDGE_CURVE('',#5156,#5167,#6545,.T.);
#4086=EDGE_CURVE('',#5164,#5169,#6546,.T.);
#4087=EDGE_CURVE('',#5176,#5187,#6547,.T.);
#4088=EDGE_CURVE('',#5184,#5189,#6548,.T.);
#4089=EDGE_CURVE('',#5196,#5207,#6549,.T.);
#4090=EDGE_CURVE('',#5204,#5209,#6550,.T.);
#4091=EDGE_CURVE('',#5216,#5227,#6551,.T.);
#4092=EDGE_CURVE('',#5224,#5229,#6552,.T.);
#4093=EDGE_CURVE('',#5236,#5247,#6553,.T.);
#4094=EDGE_CURVE('',#5244,#5249,#6554,.T.);
#4095=EDGE_CURVE('',#5256,#5267,#6555,.T.);
#4096=EDGE_CURVE('',#5264,#5269,#6556,.T.);
#4097=EDGE_CURVE('',#5276,#5287,#6557,.T.);
#4098=EDGE_CURVE('',#5284,#5289,#6558,.T.);
#4099=EDGE_CURVE('',#5296,#5307,#6559,.T.);
#4100=EDGE_CURVE('',#5304,#5309,#6560,.T.);
#4101=EDGE_CURVE('',#5316,#5327,#6561,.T.);
#4102=EDGE_CURVE('',#5324,#5329,#6562,.T.);
#4103=EDGE_CURVE('',#5336,#5347,#6563,.T.);
#4104=EDGE_CURVE('',#5344,#5349,#6564,.T.);
#4105=EDGE_CURVE('',#5356,#5367,#6565,.T.);
#4106=EDGE_CURVE('',#5364,#5369,#6566,.T.);
#4107=EDGE_CURVE('',#5375,#5376,#6567,.T.);
#4108=EDGE_CURVE('',#5375,#5377,#6568,.T.);
#4109=EDGE_CURVE('',#5377,#5378,#6569,.T.);
#4110=EDGE_CURVE('',#5376,#5378,#6570,.T.);
#4111=EDGE_CURVE('',#5379,#5380,#6571,.T.);
#4112=EDGE_CURVE('',#5381,#5379,#6572,.T.);
#4113=EDGE_CURVE('',#5381,#5382,#6573,.T.);
#4114=EDGE_CURVE('',#5380,#5382,#6574,.T.);
#4115=EDGE_CURVE('',#5383,#5384,#6575,.T.);
#4116=EDGE_CURVE('',#5383,#5385,#6576,.T.);
#4117=EDGE_CURVE('',#5385,#5386,#6577,.T.);
#4118=EDGE_CURVE('',#5384,#5386,#6578,.T.);
#4119=EDGE_CURVE('',#5387,#5388,#6579,.T.);
#4120=EDGE_CURVE('',#5389,#5387,#6580,.T.);
#4121=EDGE_CURVE('',#5389,#5390,#6581,.T.);
#4122=EDGE_CURVE('',#5388,#5390,#6582,.T.);
#4123=EDGE_CURVE('',#5391,#5392,#6583,.T.);
#4124=EDGE_CURVE('',#5391,#5393,#6584,.T.);
#4125=EDGE_CURVE('',#5393,#5394,#6585,.T.);
#4126=EDGE_CURVE('',#5392,#5394,#6586,.T.);
#4127=EDGE_CURVE('',#5395,#5396,#6587,.T.);
#4128=EDGE_CURVE('',#5397,#5395,#6588,.T.);
#4129=EDGE_CURVE('',#5397,#5398,#6589,.T.);
#4130=EDGE_CURVE('',#5396,#5398,#6590,.T.);
#4131=EDGE_CURVE('',#5399,#5400,#6591,.T.);
#4132=EDGE_CURVE('',#5399,#5401,#6592,.T.);
#4133=EDGE_CURVE('',#5401,#5402,#6593,.T.);
#4134=EDGE_CURVE('',#5400,#5402,#6594,.T.);
#4135=EDGE_CURVE('',#5403,#5404,#6595,.T.);
#4136=EDGE_CURVE('',#5405,#5403,#6596,.T.);
#4137=EDGE_CURVE('',#5405,#5406,#6597,.T.);
#4138=EDGE_CURVE('',#5404,#5406,#6598,.T.);
#4139=EDGE_CURVE('',#5407,#5408,#6599,.T.);
#4140=EDGE_CURVE('',#5407,#5409,#6600,.T.);
#4141=EDGE_CURVE('',#5409,#5410,#6601,.T.);
#4142=EDGE_CURVE('',#5408,#5410,#6602,.T.);
#4143=EDGE_CURVE('',#5411,#5412,#6603,.T.);
#4144=EDGE_CURVE('',#5413,#5411,#6604,.T.);
#4145=EDGE_CURVE('',#5413,#5414,#6605,.T.);
#4146=EDGE_CURVE('',#5412,#5414,#6606,.T.);
#4147=EDGE_CURVE('',#5415,#5416,#6607,.T.);
#4148=EDGE_CURVE('',#5415,#5417,#6608,.T.);
#4149=EDGE_CURVE('',#5417,#5418,#6609,.T.);
#4150=EDGE_CURVE('',#5416,#5418,#6610,.T.);
#4151=EDGE_CURVE('',#5419,#5420,#6611,.T.);
#4152=EDGE_CURVE('',#5421,#5419,#6612,.T.);
#4153=EDGE_CURVE('',#5421,#5422,#6613,.T.);
#4154=EDGE_CURVE('',#5420,#5422,#6614,.T.);
#4155=EDGE_CURVE('',#5423,#5424,#6615,.T.);
#4156=EDGE_CURVE('',#5423,#5425,#6616,.T.);
#4157=EDGE_CURVE('',#5425,#5426,#6617,.T.);
#4158=EDGE_CURVE('',#5424,#5426,#6618,.T.);
#4159=EDGE_CURVE('',#5427,#5428,#6619,.T.);
#4160=EDGE_CURVE('',#5429,#5427,#6620,.T.);
#4161=EDGE_CURVE('',#5429,#5430,#6621,.T.);
#4162=EDGE_CURVE('',#5428,#5430,#6622,.T.);
#4163=EDGE_CURVE('',#5431,#5432,#6623,.T.);
#4164=EDGE_CURVE('',#5431,#5433,#6624,.T.);
#4165=EDGE_CURVE('',#5433,#5434,#6625,.T.);
#4166=EDGE_CURVE('',#5432,#5434,#6626,.T.);
#4167=EDGE_CURVE('',#5435,#5436,#6627,.T.);
#4168=EDGE_CURVE('',#5437,#5435,#6628,.T.);
#4169=EDGE_CURVE('',#5437,#5438,#6629,.T.);
#4170=EDGE_CURVE('',#5436,#5438,#6630,.T.);
#4171=EDGE_CURVE('',#5439,#5440,#6631,.T.);
#4172=EDGE_CURVE('',#5439,#5441,#6632,.T.);
#4173=EDGE_CURVE('',#5441,#5442,#6633,.T.);
#4174=EDGE_CURVE('',#5440,#5442,#6634,.T.);
#4175=EDGE_CURVE('',#5443,#5444,#6635,.T.);
#4176=EDGE_CURVE('',#5445,#5443,#6636,.T.);
#4177=EDGE_CURVE('',#5445,#5446,#6637,.T.);
#4178=EDGE_CURVE('',#5444,#5446,#6638,.T.);
#4179=EDGE_CURVE('',#5447,#5448,#6639,.T.);
#4180=EDGE_CURVE('',#5447,#5449,#6640,.T.);
#4181=EDGE_CURVE('',#5449,#5450,#6641,.T.);
#4182=EDGE_CURVE('',#5448,#5450,#6642,.T.);
#4183=EDGE_CURVE('',#5451,#5452,#6643,.T.);
#4184=EDGE_CURVE('',#5453,#5451,#6644,.T.);
#4185=EDGE_CURVE('',#5453,#5454,#6645,.T.);
#4186=EDGE_CURVE('',#5452,#5454,#6646,.T.);
#4187=EDGE_CURVE('',#5455,#5456,#6647,.T.);
#4188=EDGE_CURVE('',#5455,#5457,#6648,.T.);
#4189=EDGE_CURVE('',#5457,#5458,#6649,.T.);
#4190=EDGE_CURVE('',#5456,#5458,#6650,.T.);
#4191=EDGE_CURVE('',#5459,#5460,#6651,.T.);
#4192=EDGE_CURVE('',#5461,#5459,#6652,.T.);
#4193=EDGE_CURVE('',#5461,#5462,#6653,.T.);
#4194=EDGE_CURVE('',#5460,#5462,#6654,.T.);
#4195=EDGE_CURVE('',#5463,#5464,#6655,.T.);
#4196=EDGE_CURVE('',#5463,#5465,#6656,.T.);
#4197=EDGE_CURVE('',#5465,#5466,#6657,.T.);
#4198=EDGE_CURVE('',#5464,#5466,#6658,.T.);
#4199=EDGE_CURVE('',#5467,#5468,#6659,.T.);
#4200=EDGE_CURVE('',#5469,#5467,#6660,.T.);
#4201=EDGE_CURVE('',#5469,#5470,#6661,.T.);
#4202=EDGE_CURVE('',#5468,#5470,#6662,.T.);
#4203=EDGE_CURVE('',#5471,#5472,#6663,.T.);
#4204=EDGE_CURVE('',#5471,#5473,#6664,.T.);
#4205=EDGE_CURVE('',#5473,#5474,#6665,.T.);
#4206=EDGE_CURVE('',#5472,#5474,#6666,.T.);
#4207=EDGE_CURVE('',#5475,#5476,#6667,.T.);
#4208=EDGE_CURVE('',#5477,#5475,#6668,.T.);
#4209=EDGE_CURVE('',#5477,#5478,#6669,.T.);
#4210=EDGE_CURVE('',#5476,#5478,#6670,.T.);
#4211=EDGE_CURVE('',#5479,#5480,#6671,.T.);
#4212=EDGE_CURVE('',#5479,#5481,#6672,.T.);
#4213=EDGE_CURVE('',#5481,#5482,#6673,.T.);
#4214=EDGE_CURVE('',#5480,#5482,#6674,.T.);
#4215=EDGE_CURVE('',#5483,#5484,#6675,.T.);
#4216=EDGE_CURVE('',#5485,#5483,#6676,.T.);
#4217=EDGE_CURVE('',#5485,#5486,#6677,.T.);
#4218=EDGE_CURVE('',#5484,#5486,#6678,.T.);
#4219=EDGE_CURVE('',#5487,#5488,#6679,.T.);
#4220=EDGE_CURVE('',#5487,#5489,#6680,.T.);
#4221=EDGE_CURVE('',#5489,#5490,#6681,.T.);
#4222=EDGE_CURVE('',#5488,#5490,#6682,.T.);
#4223=EDGE_CURVE('',#5491,#5492,#6683,.T.);
#4224=EDGE_CURVE('',#5493,#5491,#6684,.T.);
#4225=EDGE_CURVE('',#5493,#5494,#6685,.T.);
#4226=EDGE_CURVE('',#5492,#5494,#6686,.T.);
#4227=EDGE_CURVE('',#5495,#5496,#6687,.T.);
#4228=EDGE_CURVE('',#5495,#5497,#6688,.T.);
#4229=EDGE_CURVE('',#5497,#5498,#6689,.T.);
#4230=EDGE_CURVE('',#5496,#5498,#6690,.T.);
#4231=EDGE_CURVE('',#5499,#5500,#6691,.T.);
#4232=EDGE_CURVE('',#5501,#5499,#6692,.T.);
#4233=EDGE_CURVE('',#5501,#5502,#6693,.T.);
#4234=EDGE_CURVE('',#5500,#5502,#6694,.T.);
#4235=EDGE_CURVE('',#5503,#5504,#6695,.T.);
#4236=EDGE_CURVE('',#5503,#5505,#6696,.T.);
#4237=EDGE_CURVE('',#5505,#5506,#6697,.T.);
#4238=EDGE_CURVE('',#5504,#5506,#6698,.T.);
#4239=EDGE_CURVE('',#5507,#5508,#6699,.T.);
#4240=EDGE_CURVE('',#5509,#5507,#6700,.T.);
#4241=EDGE_CURVE('',#5509,#5510,#6701,.T.);
#4242=EDGE_CURVE('',#5508,#5510,#6702,.T.);
#4243=EDGE_CURVE('',#5511,#5512,#6703,.T.);
#4244=EDGE_CURVE('',#5511,#5513,#6704,.T.);
#4245=EDGE_CURVE('',#5513,#5514,#6705,.T.);
#4246=EDGE_CURVE('',#5512,#5514,#6706,.T.);
#4247=EDGE_CURVE('',#5515,#5516,#6707,.T.);
#4248=EDGE_CURVE('',#5517,#5515,#6708,.T.);
#4249=EDGE_CURVE('',#5517,#5518,#6709,.T.);
#4250=EDGE_CURVE('',#5516,#5518,#6710,.T.);
#4251=EDGE_CURVE('',#5519,#5520,#6711,.T.);
#4252=EDGE_CURVE('',#5519,#5521,#6712,.T.);
#4253=EDGE_CURVE('',#5521,#5522,#6713,.T.);
#4254=EDGE_CURVE('',#5520,#5522,#6714,.T.);
#4255=EDGE_CURVE('',#5523,#5524,#6715,.T.);
#4256=EDGE_CURVE('',#5525,#5523,#6716,.T.);
#4257=EDGE_CURVE('',#5525,#5526,#6717,.T.);
#4258=EDGE_CURVE('',#5524,#5526,#6718,.T.);
#4259=EDGE_CURVE('',#5527,#5528,#6719,.T.);
#4260=EDGE_CURVE('',#5527,#5529,#6720,.T.);
#4261=EDGE_CURVE('',#5529,#5530,#6721,.T.);
#4262=EDGE_CURVE('',#5528,#5530,#6722,.T.);
#4263=EDGE_CURVE('',#5531,#5532,#6723,.T.);
#4264=EDGE_CURVE('',#5533,#5531,#6724,.T.);
#4265=EDGE_CURVE('',#5533,#5534,#6725,.T.);
#4266=EDGE_CURVE('',#5532,#5534,#6726,.T.);
#4267=EDGE_CURVE('',#5535,#5536,#6727,.T.);
#4268=EDGE_CURVE('',#5537,#5535,#6728,.T.);
#4269=EDGE_CURVE('',#5538,#5537,#6729,.T.);
#4270=EDGE_CURVE('',#5536,#5538,#6730,.T.);
#4271=EDGE_CURVE('',#5539,#5540,#6731,.T.);
#4272=EDGE_CURVE('',#5541,#5539,#6732,.T.);
#4273=EDGE_CURVE('',#5542,#5541,#6733,.T.);
#4274=EDGE_CURVE('',#5540,#5542,#6734,.T.);
#4275=EDGE_CURVE('',#5543,#5544,#6735,.T.);
#4276=EDGE_CURVE('',#5545,#5543,#6736,.T.);
#4277=EDGE_CURVE('',#5546,#5545,#6737,.T.);
#4278=EDGE_CURVE('',#5544,#5546,#6738,.T.);
#4279=EDGE_CURVE('',#5547,#5548,#6739,.T.);
#4280=EDGE_CURVE('',#5549,#5547,#6740,.T.);
#4281=EDGE_CURVE('',#5550,#5549,#6741,.T.);
#4282=EDGE_CURVE('',#5548,#5550,#6742,.T.);
#4283=EDGE_CURVE('',#5551,#5552,#6743,.T.);
#4284=EDGE_CURVE('',#5553,#5551,#6744,.T.);
#4285=EDGE_CURVE('',#5554,#5553,#6745,.T.);
#4286=EDGE_CURVE('',#5552,#5554,#6746,.T.);
#4287=EDGE_CURVE('',#5555,#5556,#6747,.T.);
#4288=EDGE_CURVE('',#5557,#5555,#6748,.T.);
#4289=EDGE_CURVE('',#5558,#5557,#6749,.T.);
#4290=EDGE_CURVE('',#5556,#5558,#6750,.T.);
#4291=EDGE_CURVE('',#5559,#5560,#6751,.T.);
#4292=EDGE_CURVE('',#5561,#5559,#6752,.T.);
#4293=EDGE_CURVE('',#5562,#5561,#6753,.T.);
#4294=EDGE_CURVE('',#5560,#5562,#6754,.T.);
#4295=EDGE_CURVE('',#5563,#5564,#6755,.T.);
#4296=EDGE_CURVE('',#5565,#5563,#6756,.T.);
#4297=EDGE_CURVE('',#5566,#5565,#6757,.T.);
#4298=EDGE_CURVE('',#5564,#5566,#6758,.T.);
#4299=EDGE_CURVE('',#5567,#5568,#6759,.T.);
#4300=EDGE_CURVE('',#5569,#5567,#6760,.T.);
#4301=EDGE_CURVE('',#5570,#5569,#6761,.T.);
#4302=EDGE_CURVE('',#5568,#5570,#6762,.T.);
#4303=EDGE_CURVE('',#5571,#5572,#6763,.T.);
#4304=EDGE_CURVE('',#5573,#5571,#6764,.T.);
#4305=EDGE_CURVE('',#5574,#5573,#6765,.T.);
#4306=EDGE_CURVE('',#5572,#5574,#6766,.T.);
#4307=EDGE_CURVE('',#5575,#5576,#6767,.T.);
#4308=EDGE_CURVE('',#5577,#5575,#6768,.T.);
#4309=EDGE_CURVE('',#5578,#5577,#6769,.T.);
#4310=EDGE_CURVE('',#5576,#5578,#6770,.T.);
#4311=EDGE_CURVE('',#5579,#5580,#6771,.T.);
#4312=EDGE_CURVE('',#5581,#5579,#6772,.T.);
#4313=EDGE_CURVE('',#5582,#5581,#6773,.T.);
#4314=EDGE_CURVE('',#5580,#5582,#6774,.T.);
#4315=EDGE_CURVE('',#5583,#5584,#6775,.T.);
#4316=EDGE_CURVE('',#5585,#5583,#6776,.T.);
#4317=EDGE_CURVE('',#5586,#5585,#6777,.T.);
#4318=EDGE_CURVE('',#5584,#5586,#6778,.T.);
#4319=EDGE_CURVE('',#5587,#5588,#6779,.T.);
#4320=EDGE_CURVE('',#5589,#5587,#6780,.T.);
#4321=EDGE_CURVE('',#5590,#5589,#6781,.T.);
#4322=EDGE_CURVE('',#5588,#5590,#6782,.T.);
#4323=EDGE_CURVE('',#5591,#5592,#6783,.T.);
#4324=EDGE_CURVE('',#5593,#5591,#6784,.T.);
#4325=EDGE_CURVE('',#5594,#5593,#6785,.T.);
#4326=EDGE_CURVE('',#5592,#5594,#6786,.T.);
#4327=EDGE_CURVE('',#5595,#5596,#6787,.T.);
#4328=EDGE_CURVE('',#5597,#5595,#6788,.T.);
#4329=EDGE_CURVE('',#5598,#5597,#6789,.T.);
#4330=EDGE_CURVE('',#5596,#5598,#6790,.T.);
#4331=EDGE_CURVE('',#5599,#5600,#6791,.T.);
#4332=EDGE_CURVE('',#5601,#5599,#6792,.T.);
#4333=EDGE_CURVE('',#5602,#5601,#6793,.T.);
#4334=EDGE_CURVE('',#5600,#5602,#6794,.T.);
#4335=EDGE_CURVE('',#5603,#5604,#6795,.T.);
#4336=EDGE_CURVE('',#5605,#5603,#6796,.T.);
#4337=EDGE_CURVE('',#5606,#5605,#6797,.T.);
#4338=EDGE_CURVE('',#5604,#5606,#6798,.T.);
#4339=EDGE_CURVE('',#5607,#5608,#6799,.T.);
#4340=EDGE_CURVE('',#5609,#5607,#6800,.T.);
#4341=EDGE_CURVE('',#5610,#5609,#6801,.T.);
#4342=EDGE_CURVE('',#5608,#5610,#6802,.T.);
#4343=EDGE_CURVE('',#5611,#5612,#6803,.T.);
#4344=EDGE_CURVE('',#5613,#5611,#6804,.T.);
#4345=EDGE_CURVE('',#5614,#5613,#6805,.T.);
#4346=EDGE_CURVE('',#5612,#5614,#6806,.T.);
#4347=EDGE_CURVE('',#5531,#5529,#6807,.T.);
#4348=EDGE_CURVE('',#5529,#5612,#6808,.T.);
#4349=EDGE_CURVE('',#5614,#5531,#6809,.T.);
#4350=EDGE_CURVE('',#5611,#5527,#6810,.T.);
#4351=EDGE_CURVE('',#5533,#5527,#6811,.T.);
#4352=EDGE_CURVE('',#5533,#5613,#6812,.T.);
#4353=EDGE_CURVE('',#5379,#5377,#6813,.T.);
#4354=EDGE_CURVE('',#5377,#5608,#6814,.T.);
#4355=EDGE_CURVE('',#5610,#5379,#6815,.T.);
#4356=EDGE_CURVE('',#5607,#5375,#6816,.T.);
#4357=EDGE_CURVE('',#5381,#5375,#6817,.T.);
#4358=EDGE_CURVE('',#5381,#5609,#6818,.T.);
#4359=EDGE_CURVE('',#5387,#5385,#6819,.T.);
#4360=EDGE_CURVE('',#5385,#5604,#6820,.T.);
#4361=EDGE_CURVE('',#5606,#5387,#6821,.T.);
#4362=EDGE_CURVE('',#5603,#5383,#6822,.T.);
#4363=EDGE_CURVE('',#5389,#5383,#6823,.T.);
#4364=EDGE_CURVE('',#5389,#5605,#6824,.T.);
#4365=EDGE_CURVE('',#5395,#5393,#6825,.T.);
#4366=EDGE_CURVE('',#5393,#5600,#6826,.T.);
#4367=EDGE_CURVE('',#5602,#5395,#6827,.T.);
#4368=EDGE_CURVE('',#5599,#5391,#6828,.T.);
#4369=EDGE_CURVE('',#5397,#5391,#6829,.T.);
#4370=EDGE_CURVE('',#5397,#5601,#6830,.T.);
#4371=EDGE_CURVE('',#5403,#5401,#6831,.T.);
#4372=EDGE_CURVE('',#5401,#5596,#6832,.T.);
#4373=EDGE_CURVE('',#5598,#5403,#6833,.T.);
#4374=EDGE_CURVE('',#5595,#5399,#6834,.T.);
#4375=EDGE_CURVE('',#5405,#5399,#6835,.T.);
#4376=EDGE_CURVE('',#5405,#5597,#6836,.T.);
#4377=EDGE_CURVE('',#5411,#5409,#6837,.T.);
#4378=EDGE_CURVE('',#5409,#5592,#6838,.T.);
#4379=EDGE_CURVE('',#5594,#5411,#6839,.T.);
#4380=EDGE_CURVE('',#5591,#5407,#6840,.T.);
#4381=EDGE_CURVE('',#5413,#5407,#6841,.T.);
#4382=EDGE_CURVE('',#5413,#5593,#6842,.T.);
#4383=EDGE_CURVE('',#5419,#5417,#6843,.T.);
#4384=EDGE_CURVE('',#5417,#5588,#6844,.T.);
#4385=EDGE_CURVE('',#5590,#5419,#6845,.T.);
#4386=EDGE_CURVE('',#5587,#5415,#6846,.T.);
#4387=EDGE_CURVE('',#5421,#5415,#6847,.T.);
#4388=EDGE_CURVE('',#5421,#5589,#6848,.T.);
#4389=EDGE_CURVE('',#5427,#5425,#6849,.T.);
#4390=EDGE_CURVE('',#5425,#5584,#6850,.T.);
#4391=EDGE_CURVE('',#5586,#5427,#6851,.T.);
#4392=EDGE_CURVE('',#5583,#5423,#6852,.T.);
#4393=EDGE_CURVE('',#5429,#5423,#6853,.T.);
#4394=EDGE_CURVE('',#5429,#5585,#6854,.T.);
#4395=EDGE_CURVE('',#5435,#5433,#6855,.T.);
#4396=EDGE_CURVE('',#5433,#5580,#6856,.T.);
#4397=EDGE_CURVE('',#5582,#5435,#6857,.T.);
#4398=EDGE_CURVE('',#5579,#5431,#6858,.T.);
#4399=EDGE_CURVE('',#5437,#5431,#6859,.T.);
#4400=EDGE_CURVE('',#5437,#5581,#6860,.T.);
#4401=EDGE_CURVE('',#5443,#5441,#6861,.T.);
#4402=EDGE_CURVE('',#5441,#5576,#6862,.T.);
#4403=EDGE_CURVE('',#5578,#5443,#6863,.T.);
#4404=EDGE_CURVE('',#5575,#5439,#6864,.T.);
#4405=EDGE_CURVE('',#5445,#5439,#6865,.T.);
#4406=EDGE_CURVE('',#5445,#5577,#6866,.T.);
#4407=EDGE_CURVE('',#5451,#5449,#6867,.T.);
#4408=EDGE_CURVE('',#5449,#5572,#6868,.T.);
#4409=EDGE_CURVE('',#5574,#5451,#6869,.T.);
#4410=EDGE_CURVE('',#5571,#5447,#6870,.T.);
#4411=EDGE_CURVE('',#5453,#5447,#6871,.T.);
#4412=EDGE_CURVE('',#5453,#5573,#6872,.T.);
#4413=EDGE_CURVE('',#5459,#5457,#6873,.T.);
#4414=EDGE_CURVE('',#5457,#5568,#6874,.T.);
#4415=EDGE_CURVE('',#5570,#5459,#6875,.T.);
#4416=EDGE_CURVE('',#5567,#5455,#6876,.T.);
#4417=EDGE_CURVE('',#5461,#5455,#6877,.T.);
#4418=EDGE_CURVE('',#5461,#5569,#6878,.T.);
#4419=EDGE_CURVE('',#5467,#5465,#6879,.T.);
#4420=EDGE_CURVE('',#5465,#5564,#6880,.T.);
#4421=EDGE_CURVE('',#5566,#5467,#6881,.T.);
#4422=EDGE_CURVE('',#5563,#5463,#6882,.T.);
#4423=EDGE_CURVE('',#5469,#5463,#6883,.T.);
#4424=EDGE_CURVE('',#5469,#5565,#6884,.T.);
#4425=EDGE_CURVE('',#5475,#5473,#6885,.T.);
#4426=EDGE_CURVE('',#5473,#5560,#6886,.T.);
#4427=EDGE_CURVE('',#5562,#5475,#6887,.T.);
#4428=EDGE_CURVE('',#5559,#5471,#6888,.T.);
#4429=EDGE_CURVE('',#5477,#5471,#6889,.T.);
#4430=EDGE_CURVE('',#5477,#5561,#6890,.T.);
#4431=EDGE_CURVE('',#5483,#5481,#6891,.T.);
#4432=EDGE_CURVE('',#5481,#5556,#6892,.T.);
#4433=EDGE_CURVE('',#5558,#5483,#6893,.T.);
#4434=EDGE_CURVE('',#5555,#5479,#6894,.T.);
#4435=EDGE_CURVE('',#5485,#5479,#6895,.T.);
#4436=EDGE_CURVE('',#5485,#5557,#6896,.T.);
#4437=EDGE_CURVE('',#5491,#5489,#6897,.T.);
#4438=EDGE_CURVE('',#5489,#5552,#6898,.T.);
#4439=EDGE_CURVE('',#5554,#5491,#6899,.T.);
#4440=EDGE_CURVE('',#5551,#5487,#6900,.T.);
#4441=EDGE_CURVE('',#5493,#5487,#6901,.T.);
#4442=EDGE_CURVE('',#5493,#5553,#6902,.T.);
#4443=EDGE_CURVE('',#5499,#5497,#6903,.T.);
#4444=EDGE_CURVE('',#5497,#5548,#6904,.T.);
#4445=EDGE_CURVE('',#5550,#5499,#6905,.T.);
#4446=EDGE_CURVE('',#5547,#5495,#6906,.T.);
#4447=EDGE_CURVE('',#5501,#5495,#6907,.T.);
#4448=EDGE_CURVE('',#5501,#5549,#6908,.T.);
#4449=EDGE_CURVE('',#5507,#5505,#6909,.T.);
#4450=EDGE_CURVE('',#5505,#5544,#6910,.T.);
#4451=EDGE_CURVE('',#5546,#5507,#6911,.T.);
#4452=EDGE_CURVE('',#5543,#5503,#6912,.T.);
#4453=EDGE_CURVE('',#5509,#5503,#6913,.T.);
#4454=EDGE_CURVE('',#5509,#5545,#6914,.T.);
#4455=EDGE_CURVE('',#5515,#5513,#6915,.T.);
#4456=EDGE_CURVE('',#5513,#5540,#6916,.T.);
#4457=EDGE_CURVE('',#5542,#5515,#6917,.T.);
#4458=EDGE_CURVE('',#5539,#5511,#6918,.T.);
#4459=EDGE_CURVE('',#5517,#5511,#6919,.T.);
#4460=EDGE_CURVE('',#5517,#5541,#6920,.T.);
#4461=EDGE_CURVE('',#5523,#5521,#6921,.T.);
#4462=EDGE_CURVE('',#5521,#5536,#6922,.T.);
#4463=EDGE_CURVE('',#5538,#5523,#6923,.T.);
#4464=EDGE_CURVE('',#5535,#5519,#6924,.T.);
#4465=EDGE_CURVE('',#5525,#5519,#6925,.T.);
#4466=EDGE_CURVE('',#5525,#5537,#6926,.T.);
#4467=EDGE_CURVE('',#5382,#5376,#6927,.T.);
#4468=EDGE_CURVE('',#5390,#5384,#6928,.T.);
#4469=EDGE_CURVE('',#5398,#5392,#6929,.T.);
#4470=EDGE_CURVE('',#5406,#5400,#6930,.T.);
#4471=EDGE_CURVE('',#5414,#5408,#6931,.T.);
#4472=EDGE_CURVE('',#5422,#5416,#6932,.T.);
#4473=EDGE_CURVE('',#5430,#5424,#6933,.T.);
#4474=EDGE_CURVE('',#5438,#5432,#6934,.T.);
#4475=EDGE_CURVE('',#5446,#5440,#6935,.T.);
#4476=EDGE_CURVE('',#5454,#5448,#6936,.T.);
#4477=EDGE_CURVE('',#5462,#5456,#6937,.T.);
#4478=EDGE_CURVE('',#5470,#5464,#6938,.T.);
#4479=EDGE_CURVE('',#5478,#5472,#6939,.T.);
#4480=EDGE_CURVE('',#5486,#5480,#6940,.T.);
#4481=EDGE_CURVE('',#5494,#5488,#6941,.T.);
#4482=EDGE_CURVE('',#5502,#5496,#6942,.T.);
#4483=EDGE_CURVE('',#5510,#5504,#6943,.T.);
#4484=EDGE_CURVE('',#5518,#5512,#6944,.T.);
#4485=EDGE_CURVE('',#5526,#5520,#6945,.T.);
#4486=EDGE_CURVE('',#5534,#5528,#6946,.T.);
#4487=EDGE_CURVE('',#5378,#5380,#6947,.T.);
#4488=EDGE_CURVE('',#5386,#5388,#6948,.T.);
#4489=EDGE_CURVE('',#5394,#5396,#6949,.T.);
#4490=EDGE_CURVE('',#5402,#5404,#6950,.T.);
#4491=EDGE_CURVE('',#5410,#5412,#6951,.T.);
#4492=EDGE_CURVE('',#5418,#5420,#6952,.T.);
#4493=EDGE_CURVE('',#5426,#5428,#6953,.T.);
#4494=EDGE_CURVE('',#5434,#5436,#6954,.T.);
#4495=EDGE_CURVE('',#5442,#5444,#6955,.T.);
#4496=EDGE_CURVE('',#5450,#5452,#6956,.T.);
#4497=EDGE_CURVE('',#5458,#5460,#6957,.T.);
#4498=EDGE_CURVE('',#5466,#5468,#6958,.T.);
#4499=EDGE_CURVE('',#5474,#5476,#6959,.T.);
#4500=EDGE_CURVE('',#5482,#5484,#6960,.T.);
#4501=EDGE_CURVE('',#5490,#5492,#6961,.T.);
#4502=EDGE_CURVE('',#5498,#5500,#6962,.T.);
#4503=EDGE_CURVE('',#5506,#5508,#6963,.T.);
#4504=EDGE_CURVE('',#5514,#5516,#6964,.T.);
#4505=EDGE_CURVE('',#5522,#5524,#6965,.T.);
#4506=EDGE_CURVE('',#5530,#5532,#6966,.T.);
#4507=EDGE_CURVE('',#5615,#5616,#6967,.T.);
#4508=EDGE_CURVE('',#5615,#5617,#6968,.T.);
#4509=EDGE_CURVE('',#5617,#5618,#6969,.T.);
#4510=EDGE_CURVE('',#5616,#5618,#6970,.T.);
#4511=EDGE_CURVE('',#5616,#5619,#6971,.T.);
#4512=EDGE_CURVE('',#5618,#5620,#6972,.T.);
#4513=EDGE_CURVE('',#5619,#5620,#6973,.T.);
#4514=EDGE_CURVE('',#5619,#5621,#6974,.T.);
#4515=EDGE_CURVE('',#5620,#5622,#6975,.T.);
#4516=EDGE_CURVE('',#5621,#5622,#6976,.T.);
#4517=EDGE_CURVE('',#5621,#5615,#6977,.T.);
#4518=EDGE_CURVE('',#5622,#5617,#6978,.T.);
#4519=EDGE_CURVE('',#5368,#5355,#6979,.T.);
#4520=EDGE_CURVE('',#5370,#5361,#6980,.T.);
#4521=EDGE_CURVE('',#5371,#5360,#6981,.T.);
#4522=EDGE_CURVE('',#5372,#5359,#6982,.T.);
#4523=EDGE_CURVE('',#5373,#5358,#6983,.T.);
#4524=EDGE_CURVE('',#5374,#5357,#6984,.T.);
#4525=EDGE_CURVE('',#5348,#5335,#6985,.T.);
#4526=EDGE_CURVE('',#5350,#5341,#6986,.T.);
#4527=EDGE_CURVE('',#5351,#5340,#6987,.T.);
#4528=EDGE_CURVE('',#5352,#5339,#6988,.T.);
#4529=EDGE_CURVE('',#5353,#5338,#6989,.T.);
#4530=EDGE_CURVE('',#5354,#5337,#6990,.T.);
#4531=EDGE_CURVE('',#5328,#5315,#6991,.T.);
#4532=EDGE_CURVE('',#5330,#5321,#6992,.T.);
#4533=EDGE_CURVE('',#5331,#5320,#6993,.T.);
#4534=EDGE_CURVE('',#5332,#5319,#6994,.T.);
#4535=EDGE_CURVE('',#5333,#5318,#6995,.T.);
#4536=EDGE_CURVE('',#5334,#5317,#6996,.T.);
#4537=EDGE_CURVE('',#5308,#5295,#6997,.T.);
#4538=EDGE_CURVE('',#5310,#5301,#6998,.T.);
#4539=EDGE_CURVE('',#5311,#5300,#6999,.T.);
#4540=EDGE_CURVE('',#5312,#5299,#7000,.T.);
#4541=EDGE_CURVE('',#5313,#5298,#7001,.T.);
#4542=EDGE_CURVE('',#5314,#5297,#7002,.T.);
#4543=EDGE_CURVE('',#5288,#5275,#7003,.T.);
#4544=EDGE_CURVE('',#5290,#5281,#7004,.T.);
#4545=EDGE_CURVE('',#5291,#5280,#7005,.T.);
#4546=EDGE_CURVE('',#5292,#5279,#7006,.T.);
#4547=EDGE_CURVE('',#5293,#5278,#7007,.T.);
#4548=EDGE_CURVE('',#5294,#5277,#7008,.T.);
#4549=EDGE_CURVE('',#5268,#5255,#7009,.T.);
#4550=EDGE_CURVE('',#5270,#5261,#7010,.T.);
#4551=EDGE_CURVE('',#5271,#5260,#7011,.T.);
#4552=EDGE_CURVE('',#5272,#5259,#7012,.T.);
#4553=EDGE_CURVE('',#5273,#5258,#7013,.T.);
#4554=EDGE_CURVE('',#5274,#5257,#7014,.T.);
#4555=EDGE_CURVE('',#5248,#5235,#7015,.T.);
#4556=EDGE_CURVE('',#5250,#5241,#7016,.T.);
#4557=EDGE_CURVE('',#5251,#5240,#7017,.T.);
#4558=EDGE_CURVE('',#5252,#5239,#7018,.T.);
#4559=EDGE_CURVE('',#5253,#5238,#7019,.T.);
#4560=EDGE_CURVE('',#5254,#5237,#7020,.T.);
#4561=EDGE_CURVE('',#5228,#5215,#7021,.T.);
#4562=EDGE_CURVE('',#5230,#5221,#7022,.T.);
#4563=EDGE_CURVE('',#5231,#5220,#7023,.T.);
#4564=EDGE_CURVE('',#5232,#5219,#7024,.T.);
#4565=EDGE_CURVE('',#5233,#5218,#7025,.T.);
#4566=EDGE_CURVE('',#5234,#5217,#7026,.T.);
#4567=EDGE_CURVE('',#5208,#5195,#7027,.T.);
#4568=EDGE_CURVE('',#5210,#5201,#7028,.T.);
#4569=EDGE_CURVE('',#5211,#5200,#7029,.T.);
#4570=EDGE_CURVE('',#5212,#5199,#7030,.T.);
#4571=EDGE_CURVE('',#5213,#5198,#7031,.T.);
#4572=EDGE_CURVE('',#5214,#5197,#7032,.T.);
#4573=EDGE_CURVE('',#5188,#5175,#7033,.T.);
#4574=EDGE_CURVE('',#5190,#5181,#7034,.T.);
#4575=EDGE_CURVE('',#5191,#5180,#7035,.T.);
#4576=EDGE_CURVE('',#5192,#5179,#7036,.T.);
#4577=EDGE_CURVE('',#5193,#5178,#7037,.T.);
#4578=EDGE_CURVE('',#5194,#5177,#7038,.T.);
#4579=EDGE_CURVE('',#5168,#5155,#7039,.T.);
#4580=EDGE_CURVE('',#5170,#5161,#7040,.T.);
#4581=EDGE_CURVE('',#5171,#5160,#7041,.T.);
#4582=EDGE_CURVE('',#5172,#5159,#7042,.T.);
#4583=EDGE_CURVE('',#5173,#5158,#7043,.T.);
#4584=EDGE_CURVE('',#5174,#5157,#7044,.T.);
#4585=EDGE_CURVE('',#5148,#5135,#7045,.T.);
#4586=EDGE_CURVE('',#5150,#5141,#7046,.T.);
#4587=EDGE_CURVE('',#5151,#5140,#7047,.T.);
#4588=EDGE_CURVE('',#5152,#5139,#7048,.T.);
#4589=EDGE_CURVE('',#5153,#5138,#7049,.T.);
#4590=EDGE_CURVE('',#5154,#5137,#7050,.T.);
#4591=EDGE_CURVE('',#5128,#5115,#7051,.T.);
#4592=EDGE_CURVE('',#5130,#5121,#7052,.T.);
#4593=EDGE_CURVE('',#5131,#5120,#7053,.T.);
#4594=EDGE_CURVE('',#5132,#5119,#7054,.T.);
#4595=EDGE_CURVE('',#5133,#5118,#7055,.T.);
#4596=EDGE_CURVE('',#5134,#5117,#7056,.T.);
#4597=EDGE_CURVE('',#5108,#5095,#7057,.T.);
#4598=EDGE_CURVE('',#5110,#5101,#7058,.T.);
#4599=EDGE_CURVE('',#5111,#5100,#7059,.T.);
#4600=EDGE_CURVE('',#5112,#5099,#7060,.T.);
#4601=EDGE_CURVE('',#5113,#5098,#7061,.T.);
#4602=EDGE_CURVE('',#5114,#5097,#7062,.T.);
#4603=EDGE_CURVE('',#5088,#5075,#7063,.T.);
#4604=EDGE_CURVE('',#5090,#5081,#7064,.T.);
#4605=EDGE_CURVE('',#5091,#5080,#7065,.T.);
#4606=EDGE_CURVE('',#5092,#5079,#7066,.T.);
#4607=EDGE_CURVE('',#5093,#5078,#7067,.T.);
#4608=EDGE_CURVE('',#5094,#5077,#7068,.T.);
#4609=EDGE_CURVE('',#5068,#5055,#7069,.T.);
#4610=EDGE_CURVE('',#5070,#5061,#7070,.T.);
#4611=EDGE_CURVE('',#5071,#5060,#7071,.T.);
#4612=EDGE_CURVE('',#5072,#5059,#7072,.T.);
#4613=EDGE_CURVE('',#5073,#5058,#7073,.T.);
#4614=EDGE_CURVE('',#5074,#5057,#7074,.T.);
#4615=EDGE_CURVE('',#5048,#5035,#7075,.T.);
#4616=EDGE_CURVE('',#5050,#5041,#7076,.T.);
#4617=EDGE_CURVE('',#5051,#5040,#7077,.T.);
#4618=EDGE_CURVE('',#5052,#5039,#7078,.T.);
#4619=EDGE_CURVE('',#5053,#5038,#7079,.T.);
#4620=EDGE_CURVE('',#5054,#5037,#7080,.T.);
#4621=EDGE_CURVE('',#5028,#5015,#7081,.T.);
#4622=EDGE_CURVE('',#5030,#5021,#7082,.T.);
#4623=EDGE_CURVE('',#5031,#5020,#7083,.T.);
#4624=EDGE_CURVE('',#5032,#5019,#7084,.T.);
#4625=EDGE_CURVE('',#5033,#5018,#7085,.T.);
#4626=EDGE_CURVE('',#5034,#5017,#7086,.T.);
#4627=EDGE_CURVE('',#5008,#4995,#7087,.T.);
#4628=EDGE_CURVE('',#5010,#5001,#7088,.T.);
#4629=EDGE_CURVE('',#5011,#5000,#7089,.T.);
#4630=EDGE_CURVE('',#5012,#4999,#7090,.T.);
#4631=EDGE_CURVE('',#5013,#4998,#7091,.T.);
#4632=EDGE_CURVE('',#5014,#4997,#7092,.T.);
#4633=EDGE_CURVE('',#4988,#4975,#7093,.T.);
#4634=EDGE_CURVE('',#4994,#4977,#7094,.T.);
#4635=EDGE_CURVE('',#4993,#4978,#7095,.T.);
#4636=EDGE_CURVE('',#4992,#4979,#7096,.T.);
#4637=EDGE_CURVE('',#4991,#4980,#7097,.T.);
#4638=EDGE_CURVE('',#4990,#4981,#7098,.T.);
#4639=VERTEX_POINT('',#14480);
#4640=VERTEX_POINT('',#14481);
#4641=VERTEX_POINT('',#14483);
#4642=VERTEX_POINT('',#14485);
#4643=VERTEX_POINT('',#14489);
#4644=VERTEX_POINT('',#14490);
#4645=VERTEX_POINT('',#14492);
#4646=VERTEX_POINT('',#14494);
#4647=VERTEX_POINT('',#14498);
#4648=VERTEX_POINT('',#14499);
#4649=VERTEX_POINT('',#14501);
#4650=VERTEX_POINT('',#14503);
#4651=VERTEX_POINT('',#14507);
#4652=VERTEX_POINT('',#14508);
#4653=VERTEX_POINT('',#14510);
#4654=VERTEX_POINT('',#14512);
#4655=VERTEX_POINT('',#14516);
#4656=VERTEX_POINT('',#14517);
#4657=VERTEX_POINT('',#14519);
#4658=VERTEX_POINT('',#14521);
#4659=VERTEX_POINT('',#14525);
#4660=VERTEX_POINT('',#14526);
#4661=VERTEX_POINT('',#14528);
#4662=VERTEX_POINT('',#14530);
#4663=VERTEX_POINT('',#14534);
#4664=VERTEX_POINT('',#14535);
#4665=VERTEX_POINT('',#14537);
#4666=VERTEX_POINT('',#14539);
#4667=VERTEX_POINT('',#14543);
#4668=VERTEX_POINT('',#14544);
#4669=VERTEX_POINT('',#14546);
#4670=VERTEX_POINT('',#14548);
#4671=VERTEX_POINT('',#14552);
#4672=VERTEX_POINT('',#14553);
#4673=VERTEX_POINT('',#14555);
#4674=VERTEX_POINT('',#14557);
#4675=VERTEX_POINT('',#14561);
#4676=VERTEX_POINT('',#14562);
#4677=VERTEX_POINT('',#14564);
#4678=VERTEX_POINT('',#14566);
#4679=VERTEX_POINT('',#14570);
#4680=VERTEX_POINT('',#14571);
#4681=VERTEX_POINT('',#14573);
#4682=VERTEX_POINT('',#14575);
#4683=VERTEX_POINT('',#14579);
#4684=VERTEX_POINT('',#14580);
#4685=VERTEX_POINT('',#14582);
#4686=VERTEX_POINT('',#14584);
#4687=VERTEX_POINT('',#14588);
#4688=VERTEX_POINT('',#14589);
#4689=VERTEX_POINT('',#14591);
#4690=VERTEX_POINT('',#14593);
#4691=VERTEX_POINT('',#14597);
#4692=VERTEX_POINT('',#14598);
#4693=VERTEX_POINT('',#14600);
#4694=VERTEX_POINT('',#14602);
#4695=VERTEX_POINT('',#14606);
#4696=VERTEX_POINT('',#14607);
#4697=VERTEX_POINT('',#14609);
#4698=VERTEX_POINT('',#14611);
#4699=VERTEX_POINT('',#14615);
#4700=VERTEX_POINT('',#14616);
#4701=VERTEX_POINT('',#14618);
#4702=VERTEX_POINT('',#14620);
#4703=VERTEX_POINT('',#14624);
#4704=VERTEX_POINT('',#14625);
#4705=VERTEX_POINT('',#14627);
#4706=VERTEX_POINT('',#14629);
#4707=VERTEX_POINT('',#14633);
#4708=VERTEX_POINT('',#14634);
#4709=VERTEX_POINT('',#14636);
#4710=VERTEX_POINT('',#14638);
#4711=VERTEX_POINT('',#14642);
#4712=VERTEX_POINT('',#14643);
#4713=VERTEX_POINT('',#14645);
#4714=VERTEX_POINT('',#14647);
#4715=VERTEX_POINT('',#14651);
#4716=VERTEX_POINT('',#14652);
#4717=VERTEX_POINT('',#14654);
#4718=VERTEX_POINT('',#14656);
#4719=VERTEX_POINT('',#14660);
#4720=VERTEX_POINT('',#14661);
#4721=VERTEX_POINT('',#14663);
#4722=VERTEX_POINT('',#14665);
#4723=VERTEX_POINT('',#14669);
#4724=VERTEX_POINT('',#14670);
#4725=VERTEX_POINT('',#14672);
#4726=VERTEX_POINT('',#14674);
#4727=VERTEX_POINT('',#14678);
#4728=VERTEX_POINT('',#14680);
#4729=VERTEX_POINT('',#14683);
#4730=VERTEX_POINT('',#14685);
#4731=VERTEX_POINT('',#14688);
#4732=VERTEX_POINT('',#14690);
#4733=VERTEX_POINT('',#14693);
#4734=VERTEX_POINT('',#14695);
#4735=VERTEX_POINT('',#14698);
#4736=VERTEX_POINT('',#14700);
#4737=VERTEX_POINT('',#14703);
#4738=VERTEX_POINT('',#14705);
#4739=VERTEX_POINT('',#14708);
#4740=VERTEX_POINT('',#14710);
#4741=VERTEX_POINT('',#14713);
#4742=VERTEX_POINT('',#14715);
#4743=VERTEX_POINT('',#14718);
#4744=VERTEX_POINT('',#14720);
#4745=VERTEX_POINT('',#14723);
#4746=VERTEX_POINT('',#14725);
#4747=VERTEX_POINT('',#14728);
#4748=VERTEX_POINT('',#14730);
#4749=VERTEX_POINT('',#14734);
#4750=VERTEX_POINT('',#14736);
#4751=VERTEX_POINT('',#14738);
#4752=VERTEX_POINT('',#14741);
#4753=VERTEX_POINT('',#14743);
#4754=VERTEX_POINT('',#14746);
#4755=VERTEX_POINT('',#14748);
#4756=VERTEX_POINT('',#14751);
#4757=VERTEX_POINT('',#14753);
#4758=VERTEX_POINT('',#14756);
#4759=VERTEX_POINT('',#14758);
#4760=VERTEX_POINT('',#14761);
#4761=VERTEX_POINT('',#14763);
#4762=VERTEX_POINT('',#14766);
#4763=VERTEX_POINT('',#14768);
#4764=VERTEX_POINT('',#14771);
#4765=VERTEX_POINT('',#14773);
#4766=VERTEX_POINT('',#14776);
#4767=VERTEX_POINT('',#14778);
#4768=VERTEX_POINT('',#14781);
#4769=VERTEX_POINT('',#14783);
#4770=VERTEX_POINT('',#14786);
#4771=VERTEX_POINT('',#14790);
#4772=VERTEX_POINT('',#14792);
#4773=VERTEX_POINT('',#14796);
#4774=VERTEX_POINT('',#14797);
#4775=VERTEX_POINT('',#14802);
#4776=VERTEX_POINT('',#14803);
#4777=VERTEX_POINT('',#14808);
#4778=VERTEX_POINT('',#14809);
#4779=VERTEX_POINT('',#14814);
#4780=VERTEX_POINT('',#14815);
#4781=VERTEX_POINT('',#14820);
#4782=VERTEX_POINT('',#14821);
#4783=VERTEX_POINT('',#14826);
#4784=VERTEX_POINT('',#14827);
#4785=VERTEX_POINT('',#14832);
#4786=VERTEX_POINT('',#14833);
#4787=VERTEX_POINT('',#14838);
#4788=VERTEX_POINT('',#14839);
#4789=VERTEX_POINT('',#14844);
#4790=VERTEX_POINT('',#14845);
#4791=VERTEX_POINT('',#14850);
#4792=VERTEX_POINT('',#14851);
#4793=VERTEX_POINT('',#14856);
#4794=VERTEX_POINT('',#14857);
#4795=VERTEX_POINT('',#14862);
#4796=VERTEX_POINT('',#14864);
#4797=VERTEX_POINT('',#14868);
#4798=VERTEX_POINT('',#14870);
#4799=VERTEX_POINT('',#14874);
#4800=VERTEX_POINT('',#14876);
#4801=VERTEX_POINT('',#14880);
#4802=VERTEX_POINT('',#14882);
#4803=VERTEX_POINT('',#14886);
#4804=VERTEX_POINT('',#14888);
#4805=VERTEX_POINT('',#14892);
#4806=VERTEX_POINT('',#14894);
#4807=VERTEX_POINT('',#14898);
#4808=VERTEX_POINT('',#14900);
#4809=VERTEX_POINT('',#14904);
#4810=VERTEX_POINT('',#14906);
#4811=VERTEX_POINT('',#14910);
#4812=VERTEX_POINT('',#14912);
#4813=VERTEX_POINT('',#14916);
#4814=VERTEX_POINT('',#14918);
#4815=VERTEX_POINT('',#14928);
#4816=VERTEX_POINT('',#14929);
#4817=VERTEX_POINT('',#14931);
#4818=VERTEX_POINT('',#14933);
#4819=VERTEX_POINT('',#14937);
#4820=VERTEX_POINT('',#14939);
#4821=VERTEX_POINT('',#14943);
#4822=VERTEX_POINT('',#14945);
#4823=VERTEX_POINT('',#14949);
#4824=VERTEX_POINT('',#14950);
#4825=VERTEX_POINT('',#14952);
#4826=VERTEX_POINT('',#14954);
#4827=VERTEX_POINT('',#14958);
#4828=VERTEX_POINT('',#14960);
#4829=VERTEX_POINT('',#14964);
#4830=VERTEX_POINT('',#14966);
#4831=VERTEX_POINT('',#14970);
#4832=VERTEX_POINT('',#14971);
#4833=VERTEX_POINT('',#14973);
#4834=VERTEX_POINT('',#14975);
#4835=VERTEX_POINT('',#14979);
#4836=VERTEX_POINT('',#14981);
#4837=VERTEX_POINT('',#14985);
#4838=VERTEX_POINT('',#14987);
#4839=VERTEX_POINT('',#14991);
#4840=VERTEX_POINT('',#14992);
#4841=VERTEX_POINT('',#14994);
#4842=VERTEX_POINT('',#14996);
#4843=VERTEX_POINT('',#15000);
#4844=VERTEX_POINT('',#15002);
#4845=VERTEX_POINT('',#15006);
#4846=VERTEX_POINT('',#15008);
#4847=VERTEX_POINT('',#15012);
#4848=VERTEX_POINT('',#15013);
#4849=VERTEX_POINT('',#15015);
#4850=VERTEX_POINT('',#15017);
#4851=VERTEX_POINT('',#15021);
#4852=VERTEX_POINT('',#15023);
#4853=VERTEX_POINT('',#15027);
#4854=VERTEX_POINT('',#15029);
#4855=VERTEX_POINT('',#15033);
#4856=VERTEX_POINT('',#15034);
#4857=VERTEX_POINT('',#15036);
#4858=VERTEX_POINT('',#15038);
#4859=VERTEX_POINT('',#15042);
#4860=VERTEX_POINT('',#15044);
#4861=VERTEX_POINT('',#15048);
#4862=VERTEX_POINT('',#15050);
#4863=VERTEX_POINT('',#15054);
#4864=VERTEX_POINT('',#15055);
#4865=VERTEX_POINT('',#15057);
#4866=VERTEX_POINT('',#15059);
#4867=VERTEX_POINT('',#15063);
#4868=VERTEX_POINT('',#15065);
#4869=VERTEX_POINT('',#15069);
#4870=VERTEX_POINT('',#15071);
#4871=VERTEX_POINT('',#15075);
#4872=VERTEX_POINT('',#15076);
#4873=VERTEX_POINT('',#15078);
#4874=VERTEX_POINT('',#15080);
#4875=VERTEX_POINT('',#15084);
#4876=VERTEX_POINT('',#15086);
#4877=VERTEX_POINT('',#15090);
#4878=VERTEX_POINT('',#15092);
#4879=VERTEX_POINT('',#15096);
#4880=VERTEX_POINT('',#15097);
#4881=VERTEX_POINT('',#15099);
#4882=VERTEX_POINT('',#15101);
#4883=VERTEX_POINT('',#15105);
#4884=VERTEX_POINT('',#15107);
#4885=VERTEX_POINT('',#15111);
#4886=VERTEX_POINT('',#15113);
#4887=VERTEX_POINT('',#15117);
#4888=VERTEX_POINT('',#15118);
#4889=VERTEX_POINT('',#15120);
#4890=VERTEX_POINT('',#15122);
#4891=VERTEX_POINT('',#15126);
#4892=VERTEX_POINT('',#15128);
#4893=VERTEX_POINT('',#15132);
#4894=VERTEX_POINT('',#15134);
#4895=VERTEX_POINT('',#15138);
#4896=VERTEX_POINT('',#15139);
#4897=VERTEX_POINT('',#15141);
#4898=VERTEX_POINT('',#15143);
#4899=VERTEX_POINT('',#15147);
#4900=VERTEX_POINT('',#15149);
#4901=VERTEX_POINT('',#15153);
#4902=VERTEX_POINT('',#15155);
#4903=VERTEX_POINT('',#15159);
#4904=VERTEX_POINT('',#15160);
#4905=VERTEX_POINT('',#15162);
#4906=VERTEX_POINT('',#15164);
#4907=VERTEX_POINT('',#15168);
#4908=VERTEX_POINT('',#15170);
#4909=VERTEX_POINT('',#15174);
#4910=VERTEX_POINT('',#15176);
#4911=VERTEX_POINT('',#15180);
#4912=VERTEX_POINT('',#15181);
#4913=VERTEX_POINT('',#15183);
#4914=VERTEX_POINT('',#15185);
#4915=VERTEX_POINT('',#15189);
#4916=VERTEX_POINT('',#15191);
#4917=VERTEX_POINT('',#15195);
#4918=VERTEX_POINT('',#15197);
#4919=VERTEX_POINT('',#15201);
#4920=VERTEX_POINT('',#15202);
#4921=VERTEX_POINT('',#15204);
#4922=VERTEX_POINT('',#15206);
#4923=VERTEX_POINT('',#15210);
#4924=VERTEX_POINT('',#15212);
#4925=VERTEX_POINT('',#15216);
#4926=VERTEX_POINT('',#15218);
#4927=VERTEX_POINT('',#15222);
#4928=VERTEX_POINT('',#15223);
#4929=VERTEX_POINT('',#15225);
#4930=VERTEX_POINT('',#15227);
#4931=VERTEX_POINT('',#15231);
#4932=VERTEX_POINT('',#15233);
#4933=VERTEX_POINT('',#15237);
#4934=VERTEX_POINT('',#15239);
#4935=VERTEX_POINT('',#15243);
#4936=VERTEX_POINT('',#15244);
#4937=VERTEX_POINT('',#15246);
#4938=VERTEX_POINT('',#15248);
#4939=VERTEX_POINT('',#15252);
#4940=VERTEX_POINT('',#15254);
#4941=VERTEX_POINT('',#15258);
#4942=VERTEX_POINT('',#15260);
#4943=VERTEX_POINT('',#15264);
#4944=VERTEX_POINT('',#15265);
#4945=VERTEX_POINT('',#15267);
#4946=VERTEX_POINT('',#15269);
#4947=VERTEX_POINT('',#15273);
#4948=VERTEX_POINT('',#15275);
#4949=VERTEX_POINT('',#15279);
#4950=VERTEX_POINT('',#15281);
#4951=VERTEX_POINT('',#15285);
#4952=VERTEX_POINT('',#15286);
#4953=VERTEX_POINT('',#15288);
#4954=VERTEX_POINT('',#15290);
#4955=VERTEX_POINT('',#15294);
#4956=VERTEX_POINT('',#15296);
#4957=VERTEX_POINT('',#15300);
#4958=VERTEX_POINT('',#15302);
#4959=VERTEX_POINT('',#15306);
#4960=VERTEX_POINT('',#15307);
#4961=VERTEX_POINT('',#15309);
#4962=VERTEX_POINT('',#15311);
#4963=VERTEX_POINT('',#15315);
#4964=VERTEX_POINT('',#15317);
#4965=VERTEX_POINT('',#15321);
#4966=VERTEX_POINT('',#15323);
#4967=VERTEX_POINT('',#15327);
#4968=VERTEX_POINT('',#15328);
#4969=VERTEX_POINT('',#15330);
#4970=VERTEX_POINT('',#15332);
#4971=VERTEX_POINT('',#15336);
#4972=VERTEX_POINT('',#15338);
#4973=VERTEX_POINT('',#15342);
#4974=VERTEX_POINT('',#15344);
#4975=VERTEX_POINT('',#15511);
#4976=VERTEX_POINT('',#15512);
#4977=VERTEX_POINT('',#15514);
#4978=VERTEX_POINT('',#15516);
#4979=VERTEX_POINT('',#15518);
#4980=VERTEX_POINT('',#15520);
#4981=VERTEX_POINT('',#15522);
#4982=VERTEX_POINT('',#15524);
#4983=VERTEX_POINT('',#15526);
#4984=VERTEX_POINT('',#15528);
#4985=VERTEX_POINT('',#15532);
#4986=VERTEX_POINT('',#15534);
#4987=VERTEX_POINT('',#15538);
#4988=VERTEX_POINT('',#15539);
#4989=VERTEX_POINT('',#15541);
#4990=VERTEX_POINT('',#15544);
#4991=VERTEX_POINT('',#15546);
#4992=VERTEX_POINT('',#15548);
#4993=VERTEX_POINT('',#15550);
#4994=VERTEX_POINT('',#15552);
#4995=VERTEX_POINT('',#15556);
#4996=VERTEX_POINT('',#15557);
#4997=VERTEX_POINT('',#15559);
#4998=VERTEX_POINT('',#15561);
#4999=VERTEX_POINT('',#15563);
#5000=VERTEX_POINT('',#15565);
#5001=VERTEX_POINT('',#15567);
#5002=VERTEX_POINT('',#15569);
#5003=VERTEX_POINT('',#15571);
#5004=VERTEX_POINT('',#15573);
#5005=VERTEX_POINT('',#15577);
#5006=VERTEX_POINT('',#15579);
#5007=VERTEX_POINT('',#15583);
#5008=VERTEX_POINT('',#15584);
#5009=VERTEX_POINT('',#15586);
#5010=VERTEX_POINT('',#15589);
#5011=VERTEX_POINT('',#15591);
#5012=VERTEX_POINT('',#15593);
#5013=VERTEX_POINT('',#15595);
#5014=VERTEX_POINT('',#15597);
#5015=VERTEX_POINT('',#15601);
#5016=VERTEX_POINT('',#15602);
#5017=VERTEX_POINT('',#15604);
#5018=VERTEX_POINT('',#15606);
#5019=VERTEX_POINT('',#15608);
#5020=VERTEX_POINT('',#15610);
#5021=VERTEX_POINT('',#15612);
#5022=VERTEX_POINT('',#15614);
#5023=VERTEX_POINT('',#15616);
#5024=VERTEX_POINT('',#15618);
#5025=VERTEX_POINT('',#15622);
#5026=VERTEX_POINT('',#15624);
#5027=VERTEX_POINT('',#15628);
#5028=VERTEX_POINT('',#15629);
#5029=VERTEX_POINT('',#15631);
#5030=VERTEX_POINT('',#15634);
#5031=VERTEX_POINT('',#15636);
#5032=VERTEX_POINT('',#15638);
#5033=VERTEX_POINT('',#15640);
#5034=VERTEX_POINT('',#15642);
#5035=VERTEX_POINT('',#15646);
#5036=VERTEX_POINT('',#15647);
#5037=VERTEX_POINT('',#15649);
#5038=VERTEX_POINT('',#15651);
#5039=VERTEX_POINT('',#15653);
#5040=VERTEX_POINT('',#15655);
#5041=VERTEX_POINT('',#15657);
#5042=VERTEX_POINT('',#15659);
#5043=VERTEX_POINT('',#15661);
#5044=VERTEX_POINT('',#15663);
#5045=VERTEX_POINT('',#15667);
#5046=VERTEX_POINT('',#15669);
#5047=VERTEX_POINT('',#15673);
#5048=VERTEX_POINT('',#15674);
#5049=VERTEX_POINT('',#15676);
#5050=VERTEX_POINT('',#15679);
#5051=VERTEX_POINT('',#15681);
#5052=VERTEX_POINT('',#15683);
#5053=VERTEX_POINT('',#15685);
#5054=VERTEX_POINT('',#15687);
#5055=VERTEX_POINT('',#15691);
#5056=VERTEX_POINT('',#15692);
#5057=VERTEX_POINT('',#15694);
#5058=VERTEX_POINT('',#15696);
#5059=VERTEX_POINT('',#15698);
#5060=VERTEX_POINT('',#15700);
#5061=VERTEX_POINT('',#15702);
#5062=VERTEX_POINT('',#15704);
#5063=VERTEX_POINT('',#15706);
#5064=VERTEX_POINT('',#15708);
#5065=VERTEX_POINT('',#15712);
#5066=VERTEX_POINT('',#15714);
#5067=VERTEX_POINT('',#15718);
#5068=VERTEX_POINT('',#15719);
#5069=VERTEX_POINT('',#15721);
#5070=VERTEX_POINT('',#15724);
#5071=VERTEX_POINT('',#15726);
#5072=VERTEX_POINT('',#15728);
#5073=VERTEX_POINT('',#15730);
#5074=VERTEX_POINT('',#15732);
#5075=VERTEX_POINT('',#15736);
#5076=VERTEX_POINT('',#15737);
#5077=VERTEX_POINT('',#15739);
#5078=VERTEX_POINT('',#15741);
#5079=VERTEX_POINT('',#15743);
#5080=VERTEX_POINT('',#15745);
#5081=VERTEX_POINT('',#15747);
#5082=VERTEX_POINT('',#15749);
#5083=VERTEX_POINT('',#15751);
#5084=VERTEX_POINT('',#15753);
#5085=VERTEX_POINT('',#15757);
#5086=VERTEX_POINT('',#15759);
#5087=VERTEX_POINT('',#15763);
#5088=VERTEX_POINT('',#15764);
#5089=VERTEX_POINT('',#15766);
#5090=VERTEX_POINT('',#15769);
#5091=VERTEX_POINT('',#15771);
#5092=VERTEX_POINT('',#15773);
#5093=VERTEX_POINT('',#15775);
#5094=VERTEX_POINT('',#15777);
#5095=VERTEX_POINT('',#15781);
#5096=VERTEX_POINT('',#15782);
#5097=VERTEX_POINT('',#15784);
#5098=VERTEX_POINT('',#15786);
#5099=VERTEX_POINT('',#15788);
#5100=VERTEX_POINT('',#15790);
#5101=VERTEX_POINT('',#15792);
#5102=VERTEX_POINT('',#15794);
#5103=VERTEX_POINT('',#15796);
#5104=VERTEX_POINT('',#15798);
#5105=VERTEX_POINT('',#15802);
#5106=VERTEX_POINT('',#15804);
#5107=VERTEX_POINT('',#15808);
#5108=VERTEX_POINT('',#15809);
#5109=VERTEX_POINT('',#15811);
#5110=VERTEX_POINT('',#15814);
#5111=VERTEX_POINT('',#15816);
#5112=VERTEX_POINT('',#15818);
#5113=VERTEX_POINT('',#15820);
#5114=VERTEX_POINT('',#15822);
#5115=VERTEX_POINT('',#15826);
#5116=VERTEX_POINT('',#15827);
#5117=VERTEX_POINT('',#15829);
#5118=VERTEX_POINT('',#15831);
#5119=VERTEX_POINT('',#15833);
#5120=VERTEX_POINT('',#15835);
#5121=VERTEX_POINT('',#15837);
#5122=VERTEX_POINT('',#15839);
#5123=VERTEX_POINT('',#15841);
#5124=VERTEX_POINT('',#15843);
#5125=VERTEX_POINT('',#15847);
#5126=VERTEX_POINT('',#15849);
#5127=VERTEX_POINT('',#15853);
#5128=VERTEX_POINT('',#15854);
#5129=VERTEX_POINT('',#15856);
#5130=VERTEX_POINT('',#15859);
#5131=VERTEX_POINT('',#15861);
#5132=VERTEX_POINT('',#15863);
#5133=VERTEX_POINT('',#15865);
#5134=VERTEX_POINT('',#15867);
#5135=VERTEX_POINT('',#15871);
#5136=VERTEX_POINT('',#15872);
#5137=VERTEX_POINT('',#15874);
#5138=VERTEX_POINT('',#15876);
#5139=VERTEX_POINT('',#15878);
#5140=VERTEX_POINT('',#15880);
#5141=VERTEX_POINT('',#15882);
#5142=VERTEX_POINT('',#15884);
#5143=VERTEX_POINT('',#15886);
#5144=VERTEX_POINT('',#15888);
#5145=VERTEX_POINT('',#15892);
#5146=VERTEX_POINT('',#15894);
#5147=VERTEX_POINT('',#15898);
#5148=VERTEX_POINT('',#15899);
#5149=VERTEX_POINT('',#15901);
#5150=VERTEX_POINT('',#15904);
#5151=VERTEX_POINT('',#15906);
#5152=VERTEX_POINT('',#15908);
#5153=VERTEX_POINT('',#15910);
#5154=VERTEX_POINT('',#15912);
#5155=VERTEX_POINT('',#15916);
#5156=VERTEX_POINT('',#15917);
#5157=VERTEX_POINT('',#15919);
#5158=VERTEX_POINT('',#15921);
#5159=VERTEX_POINT('',#15923);
#5160=VERTEX_POINT('',#15925);
#5161=VERTEX_POINT('',#15927);
#5162=VERTEX_POINT('',#15929);
#5163=VERTEX_POINT('',#15931);
#5164=VERTEX_POINT('',#15933);
#5165=VERTEX_POINT('',#15937);
#5166=VERTEX_POINT('',#15939);
#5167=VERTEX_POINT('',#15943);
#5168=VERTEX_POINT('',#15944);
#5169=VERTEX_POINT('',#15946);
#5170=VERTEX_POINT('',#15949);
#5171=VERTEX_POINT('',#15951);
#5172=VERTEX_POINT('',#15953);
#5173=VERTEX_POINT('',#15955);
#5174=VERTEX_POINT('',#15957);
#5175=VERTEX_POINT('',#15961);
#5176=VERTEX_POINT('',#15962);
#5177=VERTEX_POINT('',#15964);
#5178=VERTEX_POINT('',#15966);
#5179=VERTEX_POINT('',#15968);
#5180=VERTEX_POINT('',#15970);
#5181=VERTEX_POINT('',#15972);
#5182=VERTEX_POINT('',#15974);
#5183=VERTEX_POINT('',#15976);
#5184=VERTEX_POINT('',#15978);
#5185=VERTEX_POINT('',#15982);
#5186=VERTEX_POINT('',#15984);
#5187=VERTEX_POINT('',#15988);
#5188=VERTEX_POINT('',#15989);
#5189=VERTEX_POINT('',#15991);
#5190=VERTEX_POINT('',#15994);
#5191=VERTEX_POINT('',#15996);
#5192=VERTEX_POINT('',#15998);
#5193=VERTEX_POINT('',#16000);
#5194=VERTEX_POINT('',#16002);
#5195=VERTEX_POINT('',#16006);
#5196=VERTEX_POINT('',#16007);
#5197=VERTEX_POINT('',#16009);
#5198=VERTEX_POINT('',#16011);
#5199=VERTEX_POINT('',#16013);
#5200=VERTEX_POINT('',#16015);
#5201=VERTEX_POINT('',#16017);
#5202=VERTEX_POINT('',#16019);
#5203=VERTEX_POINT('',#16021);
#5204=VERTEX_POINT('',#16023);
#5205=VERTEX_POINT('',#16027);
#5206=VERTEX_POINT('',#16029);
#5207=VERTEX_POINT('',#16033);
#5208=VERTEX_POINT('',#16034);
#5209=VERTEX_POINT('',#16036);
#5210=VERTEX_POINT('',#16039);
#5211=VERTEX_POINT('',#16041);
#5212=VERTEX_POINT('',#16043);
#5213=VERTEX_POINT('',#16045);
#5214=VERTEX_POINT('',#16047);
#5215=VERTEX_POINT('',#16051);
#5216=VERTEX_POINT('',#16052);
#5217=VERTEX_POINT('',#16054);
#5218=VERTEX_POINT('',#16056);
#5219=VERTEX_POINT('',#16058);
#5220=VERTEX_POINT('',#16060);
#5221=VERTEX_POINT('',#16062);
#5222=VERTEX_POINT('',#16064);
#5223=VERTEX_POINT('',#16066);
#5224=VERTEX_POINT('',#16068);
#5225=VERTEX_POINT('',#16072);
#5226=VERTEX_POINT('',#16074);
#5227=VERTEX_POINT('',#16078);
#5228=VERTEX_POINT('',#16079);
#5229=VERTEX_POINT('',#16081);
#5230=VERTEX_POINT('',#16084);
#5231=VERTEX_POINT('',#16086);
#5232=VERTEX_POINT('',#16088);
#5233=VERTEX_POINT('',#16090);
#5234=VERTEX_POINT('',#16092);
#5235=VERTEX_POINT('',#16096);
#5236=VERTEX_POINT('',#16097);
#5237=VERTEX_POINT('',#16099);
#5238=VERTEX_POINT('',#16101);
#5239=VERTEX_POINT('',#16103);
#5240=VERTEX_POINT('',#16105);
#5241=VERTEX_POINT('',#16107);
#5242=VERTEX_POINT('',#16109);
#5243=VERTEX_POINT('',#16111);
#5244=VERTEX_POINT('',#16113);
#5245=VERTEX_POINT('',#16117);
#5246=VERTEX_POINT('',#16119);
#5247=VERTEX_POINT('',#16123);
#5248=VERTEX_POINT('',#16124);
#5249=VERTEX_POINT('',#16126);
#5250=VERTEX_POINT('',#16129);
#5251=VERTEX_POINT('',#16131);
#5252=VERTEX_POINT('',#16133);
#5253=VERTEX_POINT('',#16135);
#5254=VERTEX_POINT('',#16137);
#5255=VERTEX_POINT('',#16141);
#5256=VERTEX_POINT('',#16142);
#5257=VERTEX_POINT('',#16144);
#5258=VERTEX_POINT('',#16146);
#5259=VERTEX_POINT('',#16148);
#5260=VERTEX_POINT('',#16150);
#5261=VERTEX_POINT('',#16152);
#5262=VERTEX_POINT('',#16154);
#5263=VERTEX_POINT('',#16156);
#5264=VERTEX_POINT('',#16158);
#5265=VERTEX_POINT('',#16162);
#5266=VERTEX_POINT('',#16164);
#5267=VERTEX_POINT('',#16168);
#5268=VERTEX_POINT('',#16169);
#5269=VERTEX_POINT('',#16171);
#5270=VERTEX_POINT('',#16174);
#5271=VERTEX_POINT('',#16176);
#5272=VERTEX_POINT('',#16178);
#5273=VERTEX_POINT('',#16180);
#5274=VERTEX_POINT('',#16182);
#5275=VERTEX_POINT('',#16186);
#5276=VERTEX_POINT('',#16187);
#5277=VERTEX_POINT('',#16189);
#5278=VERTEX_POINT('',#16191);
#5279=VERTEX_POINT('',#16193);
#5280=VERTEX_POINT('',#16195);
#5281=VERTEX_POINT('',#16197);
#5282=VERTEX_POINT('',#16199);
#5283=VERTEX_POINT('',#16201);
#5284=VERTEX_POINT('',#16203);
#5285=VERTEX_POINT('',#16207);
#5286=VERTEX_POINT('',#16209);
#5287=VERTEX_POINT('',#16213);
#5288=VERTEX_POINT('',#16214);
#5289=VERTEX_POINT('',#16216);
#5290=VERTEX_POINT('',#16219);
#5291=VERTEX_POINT('',#16221);
#5292=VERTEX_POINT('',#16223);
#5293=VERTEX_POINT('',#16225);
#5294=VERTEX_POINT('',#16227);
#5295=VERTEX_POINT('',#16231);
#5296=VERTEX_POINT('',#16232);
#5297=VERTEX_POINT('',#16234);
#5298=VERTEX_POINT('',#16236);
#5299=VERTEX_POINT('',#16238);
#5300=VERTEX_POINT('',#16240);
#5301=VERTEX_POINT('',#16242);
#5302=VERTEX_POINT('',#16244);
#5303=VERTEX_POINT('',#16246);
#5304=VERTEX_POINT('',#16248);
#5305=VERTEX_POINT('',#16252);
#5306=VERTEX_POINT('',#16254);
#5307=VERTEX_POINT('',#16258);
#5308=VERTEX_POINT('',#16259);
#5309=VERTEX_POINT('',#16261);
#5310=VERTEX_POINT('',#16264);
#5311=VERTEX_POINT('',#16266);
#5312=VERTEX_POINT('',#16268);
#5313=VERTEX_POINT('',#16270);
#5314=VERTEX_POINT('',#16272);
#5315=VERTEX_POINT('',#16276);
#5316=VERTEX_POINT('',#16277);
#5317=VERTEX_POINT('',#16279);
#5318=VERTEX_POINT('',#16281);
#5319=VERTEX_POINT('',#16283);
#5320=VERTEX_POINT('',#16285);
#5321=VERTEX_POINT('',#16287);
#5322=VERTEX_POINT('',#16289);
#5323=VERTEX_POINT('',#16291);
#5324=VERTEX_POINT('',#16293);
#5325=VERTEX_POINT('',#16297);
#5326=VERTEX_POINT('',#16299);
#5327=VERTEX_POINT('',#16303);
#5328=VERTEX_POINT('',#16304);
#5329=VERTEX_POINT('',#16306);
#5330=VERTEX_POINT('',#16309);
#5331=VERTEX_POINT('',#16311);
#5332=VERTEX_POINT('',#16313);
#5333=VERTEX_POINT('',#16315);
#5334=VERTEX_POINT('',#16317);
#5335=VERTEX_POINT('',#16321);
#5336=VERTEX_POINT('',#16322);
#5337=VERTEX_POINT('',#16324);
#5338=VERTEX_POINT('',#16326);
#5339=VERTEX_POINT('',#16328);
#5340=VERTEX_POINT('',#16330);
#5341=VERTEX_POINT('',#16332);
#5342=VERTEX_POINT('',#16334);
#5343=VERTEX_POINT('',#16336);
#5344=VERTEX_POINT('',#16338);
#5345=VERTEX_POINT('',#16342);
#5346=VERTEX_POINT('',#16344);
#5347=VERTEX_POINT('',#16348);
#5348=VERTEX_POINT('',#16349);
#5349=VERTEX_POINT('',#16351);
#5350=VERTEX_POINT('',#16354);
#5351=VERTEX_POINT('',#16356);
#5352=VERTEX_POINT('',#16358);
#5353=VERTEX_POINT('',#16360);
#5354=VERTEX_POINT('',#16362);
#5355=VERTEX_POINT('',#16366);
#5356=VERTEX_POINT('',#16367);
#5357=VERTEX_POINT('',#16369);
#5358=VERTEX_POINT('',#16371);
#5359=VERTEX_POINT('',#16373);
#5360=VERTEX_POINT('',#16375);
#5361=VERTEX_POINT('',#16377);
#5362=VERTEX_POINT('',#16379);
#5363=VERTEX_POINT('',#16381);
#5364=VERTEX_POINT('',#16383);
#5365=VERTEX_POINT('',#16387);
#5366=VERTEX_POINT('',#16389);
#5367=VERTEX_POINT('',#16393);
#5368=VERTEX_POINT('',#16394);
#5369=VERTEX_POINT('',#16396);
#5370=VERTEX_POINT('',#16399);
#5371=VERTEX_POINT('',#16401);
#5372=VERTEX_POINT('',#16403);
#5373=VERTEX_POINT('',#16405);
#5374=VERTEX_POINT('',#16407);
#5375=VERTEX_POINT('',#16471);
#5376=VERTEX_POINT('',#16472);
#5377=VERTEX_POINT('',#16474);
#5378=VERTEX_POINT('',#16476);
#5379=VERTEX_POINT('',#16480);
#5380=VERTEX_POINT('',#16481);
#5381=VERTEX_POINT('',#16483);
#5382=VERTEX_POINT('',#16485);
#5383=VERTEX_POINT('',#16489);
#5384=VERTEX_POINT('',#16490);
#5385=VERTEX_POINT('',#16492);
#5386=VERTEX_POINT('',#16494);
#5387=VERTEX_POINT('',#16498);
#5388=VERTEX_POINT('',#16499);
#5389=VERTEX_POINT('',#16501);
#5390=VERTEX_POINT('',#16503);
#5391=VERTEX_POINT('',#16507);
#5392=VERTEX_POINT('',#16508);
#5393=VERTEX_POINT('',#16510);
#5394=VERTEX_POINT('',#16512);
#5395=VERTEX_POINT('',#16516);
#5396=VERTEX_POINT('',#16517);
#5397=VERTEX_POINT('',#16519);
#5398=VERTEX_POINT('',#16521);
#5399=VERTEX_POINT('',#16525);
#5400=VERTEX_POINT('',#16526);
#5401=VERTEX_POINT('',#16528);
#5402=VERTEX_POINT('',#16530);
#5403=VERTEX_POINT('',#16534);
#5404=VERTEX_POINT('',#16535);
#5405=VERTEX_POINT('',#16537);
#5406=VERTEX_POINT('',#16539);
#5407=VERTEX_POINT('',#16543);
#5408=VERTEX_POINT('',#16544);
#5409=VERTEX_POINT('',#16546);
#5410=VERTEX_POINT('',#16548);
#5411=VERTEX_POINT('',#16552);
#5412=VERTEX_POINT('',#16553);
#5413=VERTEX_POINT('',#16555);
#5414=VERTEX_POINT('',#16557);
#5415=VERTEX_POINT('',#16561);
#5416=VERTEX_POINT('',#16562);
#5417=VERTEX_POINT('',#16564);
#5418=VERTEX_POINT('',#16566);
#5419=VERTEX_POINT('',#16570);
#5420=VERTEX_POINT('',#16571);
#5421=VERTEX_POINT('',#16573);
#5422=VERTEX_POINT('',#16575);
#5423=VERTEX_POINT('',#16579);
#5424=VERTEX_POINT('',#16580);
#5425=VERTEX_POINT('',#16582);
#5426=VERTEX_POINT('',#16584);
#5427=VERTEX_POINT('',#16588);
#5428=VERTEX_POINT('',#16589);
#5429=VERTEX_POINT('',#16591);
#5430=VERTEX_POINT('',#16593);
#5431=VERTEX_POINT('',#16597);
#5432=VERTEX_POINT('',#16598);
#5433=VERTEX_POINT('',#16600);
#5434=VERTEX_POINT('',#16602);
#5435=VERTEX_POINT('',#16606);
#5436=VERTEX_POINT('',#16607);
#5437=VERTEX_POINT('',#16609);
#5438=VERTEX_POINT('',#16611);
#5439=VERTEX_POINT('',#16615);
#5440=VERTEX_POINT('',#16616);
#5441=VERTEX_POINT('',#16618);
#5442=VERTEX_POINT('',#16620);
#5443=VERTEX_POINT('',#16624);
#5444=VERTEX_POINT('',#16625);
#5445=VERTEX_POINT('',#16627);
#5446=VERTEX_POINT('',#16629);
#5447=VERTEX_POINT('',#16633);
#5448=VERTEX_POINT('',#16634);
#5449=VERTEX_POINT('',#16636);
#5450=VERTEX_POINT('',#16638);
#5451=VERTEX_POINT('',#16642);
#5452=VERTEX_POINT('',#16643);
#5453=VERTEX_POINT('',#16645);
#5454=VERTEX_POINT('',#16647);
#5455=VERTEX_POINT('',#16651);
#5456=VERTEX_POINT('',#16652);
#5457=VERTEX_POINT('',#16654);
#5458=VERTEX_POINT('',#16656);
#5459=VERTEX_POINT('',#16660);
#5460=VERTEX_POINT('',#16661);
#5461=VERTEX_POINT('',#16663);
#5462=VERTEX_POINT('',#16665);
#5463=VERTEX_POINT('',#16669);
#5464=VERTEX_POINT('',#16670);
#5465=VERTEX_POINT('',#16672);
#5466=VERTEX_POINT('',#16674);
#5467=VERTEX_POINT('',#16678);
#5468=VERTEX_POINT('',#16679);
#5469=VERTEX_POINT('',#16681);
#5470=VERTEX_POINT('',#16683);
#5471=VERTEX_POINT('',#16687);
#5472=VERTEX_POINT('',#16688);
#5473=VERTEX_POINT('',#16690);
#5474=VERTEX_POINT('',#16692);
#5475=VERTEX_POINT('',#16696);
#5476=VERTEX_POINT('',#16697);
#5477=VERTEX_POINT('',#16699);
#5478=VERTEX_POINT('',#16701);
#5479=VERTEX_POINT('',#16705);
#5480=VERTEX_POINT('',#16706);
#5481=VERTEX_POINT('',#16708);
#5482=VERTEX_POINT('',#16710);
#5483=VERTEX_POINT('',#16714);
#5484=VERTEX_POINT('',#16715);
#5485=VERTEX_POINT('',#16717);
#5486=VERTEX_POINT('',#16719);
#5487=VERTEX_POINT('',#16723);
#5488=VERTEX_POINT('',#16724);
#5489=VERTEX_POINT('',#16726);
#5490=VERTEX_POINT('',#16728);
#5491=VERTEX_POINT('',#16732);
#5492=VERTEX_POINT('',#16733);
#5493=VERTEX_POINT('',#16735);
#5494=VERTEX_POINT('',#16737);
#5495=VERTEX_POINT('',#16741);
#5496=VERTEX_POINT('',#16742);
#5497=VERTEX_POINT('',#16744);
#5498=VERTEX_POINT('',#16746);
#5499=VERTEX_POINT('',#16750);
#5500=VERTEX_POINT('',#16751);
#5501=VERTEX_POINT('',#16753);
#5502=VERTEX_POINT('',#16755);
#5503=VERTEX_POINT('',#16759);
#5504=VERTEX_POINT('',#16760);
#5505=VERTEX_POINT('',#16762);
#5506=VERTEX_POINT('',#16764);
#5507=VERTEX_POINT('',#16768);
#5508=VERTEX_POINT('',#16769);
#5509=VERTEX_POINT('',#16771);
#5510=VERTEX_POINT('',#16773);
#5511=VERTEX_POINT('',#16777);
#5512=VERTEX_POINT('',#16778);
#5513=VERTEX_POINT('',#16780);
#5514=VERTEX_POINT('',#16782);
#5515=VERTEX_POINT('',#16786);
#5516=VERTEX_POINT('',#16787);
#5517=VERTEX_POINT('',#16789);
#5518=VERTEX_POINT('',#16791);
#5519=VERTEX_POINT('',#16795);
#5520=VERTEX_POINT('',#16796);
#5521=VERTEX_POINT('',#16798);
#5522=VERTEX_POINT('',#16800);
#5523=VERTEX_POINT('',#16804);
#5524=VERTEX_POINT('',#16805);
#5525=VERTEX_POINT('',#16807);
#5526=VERTEX_POINT('',#16809);
#5527=VERTEX_POINT('',#16813);
#5528=VERTEX_POINT('',#16814);
#5529=VERTEX_POINT('',#16816);
#5530=VERTEX_POINT('',#16818);
#5531=VERTEX_POINT('',#16822);
#5532=VERTEX_POINT('',#16823);
#5533=VERTEX_POINT('',#16825);
#5534=VERTEX_POINT('',#16827);
#5535=VERTEX_POINT('',#16831);
#5536=VERTEX_POINT('',#16832);
#5537=VERTEX_POINT('',#16834);
#5538=VERTEX_POINT('',#16836);
#5539=VERTEX_POINT('',#16840);
#5540=VERTEX_POINT('',#16841);
#5541=VERTEX_POINT('',#16843);
#5542=VERTEX_POINT('',#16845);
#5543=VERTEX_POINT('',#16849);
#5544=VERTEX_POINT('',#16850);
#5545=VERTEX_POINT('',#16852);
#5546=VERTEX_POINT('',#16854);
#5547=VERTEX_POINT('',#16858);
#5548=VERTEX_POINT('',#16859);
#5549=VERTEX_POINT('',#16861);
#5550=VERTEX_POINT('',#16863);
#5551=VERTEX_POINT('',#16867);
#5552=VERTEX_POINT('',#16868);
#5553=VERTEX_POINT('',#16870);
#5554=VERTEX_POINT('',#16872);
#5555=VERTEX_POINT('',#16876);
#5556=VERTEX_POINT('',#16877);
#5557=VERTEX_POINT('',#16879);
#5558=VERTEX_POINT('',#16881);
#5559=VERTEX_POINT('',#16885);
#5560=VERTEX_POINT('',#16886);
#5561=VERTEX_POINT('',#16888);
#5562=VERTEX_POINT('',#16890);
#5563=VERTEX_POINT('',#16894);
#5564=VERTEX_POINT('',#16895);
#5565=VERTEX_POINT('',#16897);
#5566=VERTEX_POINT('',#16899);
#5567=VERTEX_POINT('',#16903);
#5568=VERTEX_POINT('',#16904);
#5569=VERTEX_POINT('',#16906);
#5570=VERTEX_POINT('',#16908);
#5571=VERTEX_POINT('',#16912);
#5572=VERTEX_POINT('',#16913);
#5573=VERTEX_POINT('',#16915);
#5574=VERTEX_POINT('',#16917);
#5575=VERTEX_POINT('',#16921);
#5576=VERTEX_POINT('',#16922);
#5577=VERTEX_POINT('',#16924);
#5578=VERTEX_POINT('',#16926);
#5579=VERTEX_POINT('',#16930);
#5580=VERTEX_POINT('',#16931);
#5581=VERTEX_POINT('',#16933);
#5582=VERTEX_POINT('',#16935);
#5583=VERTEX_POINT('',#16939);
#5584=VERTEX_POINT('',#16940);
#5585=VERTEX_POINT('',#16942);
#5586=VERTEX_POINT('',#16944);
#5587=VERTEX_POINT('',#16948);
#5588=VERTEX_POINT('',#16949);
#5589=VERTEX_POINT('',#16951);
#5590=VERTEX_POINT('',#16953);
#5591=VERTEX_POINT('',#16957);
#5592=VERTEX_POINT('',#16958);
#5593=VERTEX_POINT('',#16960);
#5594=VERTEX_POINT('',#16962);
#5595=VERTEX_POINT('',#16966);
#5596=VERTEX_POINT('',#16967);
#5597=VERTEX_POINT('',#16969);
#5598=VERTEX_POINT('',#16971);
#5599=VERTEX_POINT('',#16975);
#5600=VERTEX_POINT('',#16976);
#5601=VERTEX_POINT('',#16978);
#5602=VERTEX_POINT('',#16980);
#5603=VERTEX_POINT('',#16984);
#5604=VERTEX_POINT('',#16985);
#5605=VERTEX_POINT('',#16987);
#5606=VERTEX_POINT('',#16989);
#5607=VERTEX_POINT('',#16993);
#5608=VERTEX_POINT('',#16994);
#5609=VERTEX_POINT('',#16996);
#5610=VERTEX_POINT('',#16998);
#5611=VERTEX_POINT('',#17002);
#5612=VERTEX_POINT('',#17003);
#5613=VERTEX_POINT('',#17005);
#5614=VERTEX_POINT('',#17007);
#5615=VERTEX_POINT('',#17251);
#5616=VERTEX_POINT('',#17252);
#5617=VERTEX_POINT('',#17254);
#5618=VERTEX_POINT('',#17256);
#5619=VERTEX_POINT('',#17260);
#5620=VERTEX_POINT('',#17262);
#5621=VERTEX_POINT('',#17266);
#5622=VERTEX_POINT('',#17268);
#5623=LINE('',#14479,#7099);
#5624=LINE('',#14482,#7100);
#5625=LINE('',#14484,#7101);
#5626=LINE('',#14486,#7102);
#5627=LINE('',#14488,#7103);
#5628=LINE('',#14491,#7104);
#5629=LINE('',#14493,#7105);
#5630=LINE('',#14495,#7106);
#5631=LINE('',#14497,#7107);
#5632=LINE('',#14500,#7108);
#5633=LINE('',#14502,#7109);
#5634=LINE('',#14504,#7110);
#5635=LINE('',#14506,#7111);
#5636=LINE('',#14509,#7112);
#5637=LINE('',#14511,#7113);
#5638=LINE('',#14513,#7114);
#5639=LINE('',#14515,#7115);
#5640=LINE('',#14518,#7116);
#5641=LINE('',#14520,#7117);
#5642=LINE('',#14522,#7118);
#5643=LINE('',#14524,#7119);
#5644=LINE('',#14527,#7120);
#5645=LINE('',#14529,#7121);
#5646=LINE('',#14531,#7122);
#5647=LINE('',#14533,#7123);
#5648=LINE('',#14536,#7124);
#5649=LINE('',#14538,#7125);
#5650=LINE('',#14540,#7126);
#5651=LINE('',#14542,#7127);
#5652=LINE('',#14545,#7128);
#5653=LINE('',#14547,#7129);
#5654=LINE('',#14549,#7130);
#5655=LINE('',#14551,#7131);
#5656=LINE('',#14554,#7132);
#5657=LINE('',#14556,#7133);
#5658=LINE('',#14558,#7134);
#5659=LINE('',#14560,#7135);
#5660=LINE('',#14563,#7136);
#5661=LINE('',#14565,#7137);
#5662=LINE('',#14567,#7138);
#5663=LINE('',#14569,#7139);
#5664=LINE('',#14572,#7140);
#5665=LINE('',#14574,#7141);
#5666=LINE('',#14576,#7142);
#5667=LINE('',#14578,#7143);
#5668=LINE('',#14581,#7144);
#5669=LINE('',#14583,#7145);
#5670=LINE('',#14585,#7146);
#5671=LINE('',#14587,#7147);
#5672=LINE('',#14590,#7148);
#5673=LINE('',#14592,#7149);
#5674=LINE('',#14594,#7150);
#5675=LINE('',#14596,#7151);
#5676=LINE('',#14599,#7152);
#5677=LINE('',#14601,#7153);
#5678=LINE('',#14603,#7154);
#5679=LINE('',#14605,#7155);
#5680=LINE('',#14608,#7156);
#5681=LINE('',#14610,#7157);
#5682=LINE('',#14612,#7158);
#5683=LINE('',#14614,#7159);
#5684=LINE('',#14617,#7160);
#5685=LINE('',#14619,#7161);
#5686=LINE('',#14621,#7162);
#5687=LINE('',#14623,#7163);
#5688=LINE('',#14626,#7164);
#5689=LINE('',#14628,#7165);
#5690=LINE('',#14630,#7166);
#5691=LINE('',#14632,#7167);
#5692=LINE('',#14635,#7168);
#5693=LINE('',#14637,#7169);
#5694=LINE('',#14639,#7170);
#5695=LINE('',#14641,#7171);
#5696=LINE('',#14644,#7172);
#5697=LINE('',#14646,#7173);
#5698=LINE('',#14648,#7174);
#5699=LINE('',#14650,#7175);
#5700=LINE('',#14653,#7176);
#5701=LINE('',#14655,#7177);
#5702=LINE('',#14657,#7178);
#5703=LINE('',#14659,#7179);
#5704=LINE('',#14662,#7180);
#5705=LINE('',#14664,#7181);
#5706=LINE('',#14666,#7182);
#5707=LINE('',#14668,#7183);
#5708=LINE('',#14671,#7184);
#5709=LINE('',#14673,#7185);
#5710=LINE('',#14675,#7186);
#5711=LINE('',#14677,#7187);
#5712=LINE('',#14679,#7188);
#5713=LINE('',#14681,#7189);
#5714=LINE('',#14682,#7190);
#5715=LINE('',#14684,#7191);
#5716=LINE('',#14686,#7192);
#5717=LINE('',#14687,#7193);
#5718=LINE('',#14689,#7194);
#5719=LINE('',#14691,#7195);
#5720=LINE('',#14692,#7196);
#5721=LINE('',#14694,#7197);
#5722=LINE('',#14696,#7198);
#5723=LINE('',#14697,#7199);
#5724=LINE('',#14699,#7200);
#5725=LINE('',#14701,#7201);
#5726=LINE('',#14702,#7202);
#5727=LINE('',#14704,#7203);
#5728=LINE('',#14706,#7204);
#5729=LINE('',#14707,#7205);
#5730=LINE('',#14709,#7206);
#5731=LINE('',#14711,#7207);
#5732=LINE('',#14712,#7208);
#5733=LINE('',#14714,#7209);
#5734=LINE('',#14716,#7210);
#5735=LINE('',#14717,#7211);
#5736=LINE('',#14719,#7212);
#5737=LINE('',#14721,#7213);
#5738=LINE('',#14722,#7214);
#5739=LINE('',#14724,#7215);
#5740=LINE('',#14726,#7216);
#5741=LINE('',#14727,#7217);
#5742=LINE('',#14729,#7218);
#5743=LINE('',#14731,#7219);
#5744=LINE('',#14733,#7220);
#5745=LINE('',#14735,#7221);
#5746=LINE('',#14737,#7222);
#5747=LINE('',#14739,#7223);
#5748=LINE('',#14740,#7224);
#5749=LINE('',#14742,#7225);
#5750=LINE('',#14744,#7226);
#5751=LINE('',#14745,#7227);
#5752=LINE('',#14747,#7228);
#5753=LINE('',#14749,#7229);
#5754=LINE('',#14750,#7230);
#5755=LINE('',#14752,#7231);
#5756=LINE('',#14754,#7232);
#5757=LINE('',#14755,#7233);
#5758=LINE('',#14757,#7234);
#5759=LINE('',#14759,#7235);
#5760=LINE('',#14760,#7236);
#5761=LINE('',#14762,#7237);
#5762=LINE('',#14764,#7238);
#5763=LINE('',#14765,#7239);
#5764=LINE('',#14767,#7240);
#5765=LINE('',#14769,#7241);
#5766=LINE('',#14770,#7242);
#5767=LINE('',#14772,#7243);
#5768=LINE('',#14774,#7244);
#5769=LINE('',#14775,#7245);
#5770=LINE('',#14777,#7246);
#5771=LINE('',#14779,#7247);
#5772=LINE('',#14780,#7248);
#5773=LINE('',#14782,#7249);
#5774=LINE('',#14784,#7250);
#5775=LINE('',#14785,#7251);
#5776=LINE('',#14787,#7252);
#5777=LINE('',#14789,#7253);
#5778=LINE('',#14791,#7254);
#5779=LINE('',#14793,#7255);
#5780=LINE('',#14795,#7256);
#5781=LINE('',#14798,#7257);
#5782=LINE('',#14799,#7258);
#5783=LINE('',#14801,#7259);
#5784=LINE('',#14804,#7260);
#5785=LINE('',#14805,#7261);
#5786=LINE('',#14807,#7262);
#5787=LINE('',#14810,#7263);
#5788=LINE('',#14811,#7264);
#5789=LINE('',#14813,#7265);
#5790=LINE('',#14816,#7266);
#5791=LINE('',#14817,#7267);
#5792=LINE('',#14819,#7268);
#5793=LINE('',#14822,#7269);
#5794=LINE('',#14823,#7270);
#5795=LINE('',#14825,#7271);
#5796=LINE('',#14828,#7272);
#5797=LINE('',#14829,#7273);
#5798=LINE('',#14831,#7274);
#5799=LINE('',#14834,#7275);
#5800=LINE('',#14835,#7276);
#5801=LINE('',#14837,#7277);
#5802=LINE('',#14840,#7278);
#5803=LINE('',#14841,#7279);
#5804=LINE('',#14843,#7280);
#5805=LINE('',#14846,#7281);
#5806=LINE('',#14847,#7282);
#5807=LINE('',#14849,#7283);
#5808=LINE('',#14852,#7284);
#5809=LINE('',#14853,#7285);
#5810=LINE('',#14855,#7286);
#5811=LINE('',#14858,#7287);
#5812=LINE('',#14859,#7288);
#5813=LINE('',#14861,#7289);
#5814=LINE('',#14863,#7290);
#5815=LINE('',#14865,#7291);
#5816=LINE('',#14867,#7292);
#5817=LINE('',#14869,#7293);
#5818=LINE('',#14871,#7294);
#5819=LINE('',#14873,#7295);
#5820=LINE('',#14875,#7296);
#5821=LINE('',#14877,#7297);
#5822=LINE('',#14879,#7298);
#5823=LINE('',#14881,#7299);
#5824=LINE('',#14883,#7300);
#5825=LINE('',#14885,#7301);
#5826=LINE('',#14887,#7302);
#5827=LINE('',#14889,#7303);
#5828=LINE('',#14891,#7304);
#5829=LINE('',#14893,#7305);
#5830=LINE('',#14895,#7306);
#5831=LINE('',#14897,#7307);
#5832=LINE('',#14899,#7308);
#5833=LINE('',#14901,#7309);
#5834=LINE('',#14903,#7310);
#5835=LINE('',#14905,#7311);
#5836=LINE('',#14907,#7312);
#5837=LINE('',#14909,#7313);
#5838=LINE('',#14911,#7314);
#5839=LINE('',#14913,#7315);
#5840=LINE('',#14915,#7316);
#5841=LINE('',#14917,#7317);
#5842=LINE('',#14919,#7318);
#5843=LINE('',#14921,#7319);
#5844=LINE('',#14922,#7320);
#5845=LINE('',#14924,#7321);
#5846=LINE('',#14925,#7322);
#5847=LINE('',#14927,#7323);
#5848=LINE('',#14930,#7324);
#5849=LINE('',#14932,#7325);
#5850=LINE('',#14934,#7326);
#5851=LINE('',#14936,#7327);
#5852=LINE('',#14938,#7328);
#5853=LINE('',#14940,#7329);
#5854=LINE('',#14942,#7330);
#5855=LINE('',#14944,#7331);
#5856=LINE('',#14946,#7332);
#5857=LINE('',#14948,#7333);
#5858=LINE('',#14951,#7334);
#5859=LINE('',#14953,#7335);
#5860=LINE('',#14955,#7336);
#5861=LINE('',#14957,#7337);
#5862=LINE('',#14959,#7338);
#5863=LINE('',#14961,#7339);
#5864=LINE('',#14963,#7340);
#5865=LINE('',#14965,#7341);
#5866=LINE('',#14967,#7342);
#5867=LINE('',#14969,#7343);
#5868=LINE('',#14972,#7344);
#5869=LINE('',#14974,#7345);
#5870=LINE('',#14976,#7346);
#5871=LINE('',#14978,#7347);
#5872=LINE('',#14980,#7348);
#5873=LINE('',#14982,#7349);
#5874=LINE('',#14984,#7350);
#5875=LINE('',#14986,#7351);
#5876=LINE('',#14988,#7352);
#5877=LINE('',#14990,#7353);
#5878=LINE('',#14993,#7354);
#5879=LINE('',#14995,#7355);
#5880=LINE('',#14997,#7356);
#5881=LINE('',#14999,#7357);
#5882=LINE('',#15001,#7358);
#5883=LINE('',#15003,#7359);
#5884=LINE('',#15005,#7360);
#5885=LINE('',#15007,#7361);
#5886=LINE('',#15009,#7362);
#5887=LINE('',#15011,#7363);
#5888=LINE('',#15014,#7364);
#5889=LINE('',#15016,#7365);
#5890=LINE('',#15018,#7366);
#5891=LINE('',#15020,#7367);
#5892=LINE('',#15022,#7368);
#5893=LINE('',#15024,#7369);
#5894=LINE('',#15026,#7370);
#5895=LINE('',#15028,#7371);
#5896=LINE('',#15030,#7372);
#5897=LINE('',#15032,#7373);
#5898=LINE('',#15035,#7374);
#5899=LINE('',#15037,#7375);
#5900=LINE('',#15039,#7376);
#5901=LINE('',#15041,#7377);
#5902=LINE('',#15043,#7378);
#5903=LINE('',#15045,#7379);
#5904=LINE('',#15047,#7380);
#5905=LINE('',#15049,#7381);
#5906=LINE('',#15051,#7382);
#5907=LINE('',#15053,#7383);
#5908=LINE('',#15056,#7384);
#5909=LINE('',#15058,#7385);
#5910=LINE('',#15060,#7386);
#5911=LINE('',#15062,#7387);
#5912=LINE('',#15064,#7388);
#5913=LINE('',#15066,#7389);
#5914=LINE('',#15068,#7390);
#5915=LINE('',#15070,#7391);
#5916=LINE('',#15072,#7392);
#5917=LINE('',#15074,#7393);
#5918=LINE('',#15077,#7394);
#5919=LINE('',#15079,#7395);
#5920=LINE('',#15081,#7396);
#5921=LINE('',#15083,#7397);
#5922=LINE('',#15085,#7398);
#5923=LINE('',#15087,#7399);
#5924=LINE('',#15089,#7400);
#5925=LINE('',#15091,#7401);
#5926=LINE('',#15093,#7402);
#5927=LINE('',#15095,#7403);
#5928=LINE('',#15098,#7404);
#5929=LINE('',#15100,#7405);
#5930=LINE('',#15102,#7406);
#5931=LINE('',#15104,#7407);
#5932=LINE('',#15106,#7408);
#5933=LINE('',#15108,#7409);
#5934=LINE('',#15110,#7410);
#5935=LINE('',#15112,#7411);
#5936=LINE('',#15114,#7412);
#5937=LINE('',#15116,#7413);
#5938=LINE('',#15119,#7414);
#5939=LINE('',#15121,#7415);
#5940=LINE('',#15123,#7416);
#5941=LINE('',#15125,#7417);
#5942=LINE('',#15127,#7418);
#5943=LINE('',#15129,#7419);
#5944=LINE('',#15131,#7420);
#5945=LINE('',#15133,#7421);
#5946=LINE('',#15135,#7422);
#5947=LINE('',#15137,#7423);
#5948=LINE('',#15140,#7424);
#5949=LINE('',#15142,#7425);
#5950=LINE('',#15144,#7426);
#5951=LINE('',#15146,#7427);
#5952=LINE('',#15148,#7428);
#5953=LINE('',#15150,#7429);
#5954=LINE('',#15152,#7430);
#5955=LINE('',#15154,#7431);
#5956=LINE('',#15156,#7432);
#5957=LINE('',#15158,#7433);
#5958=LINE('',#15161,#7434);
#5959=LINE('',#15163,#7435);
#5960=LINE('',#15165,#7436);
#5961=LINE('',#15167,#7437);
#5962=LINE('',#15169,#7438);
#5963=LINE('',#15171,#7439);
#5964=LINE('',#15173,#7440);
#5965=LINE('',#15175,#7441);
#5966=LINE('',#15177,#7442);
#5967=LINE('',#15179,#7443);
#5968=LINE('',#15182,#7444);
#5969=LINE('',#15184,#7445);
#5970=LINE('',#15186,#7446);
#5971=LINE('',#15188,#7447);
#5972=LINE('',#15190,#7448);
#5973=LINE('',#15192,#7449);
#5974=LINE('',#15194,#7450);
#5975=LINE('',#15196,#7451);
#5976=LINE('',#15198,#7452);
#5977=LINE('',#15200,#7453);
#5978=LINE('',#15203,#7454);
#5979=LINE('',#15205,#7455);
#5980=LINE('',#15207,#7456);
#5981=LINE('',#15209,#7457);
#5982=LINE('',#15211,#7458);
#5983=LINE('',#15213,#7459);
#5984=LINE('',#15215,#7460);
#5985=LINE('',#15217,#7461);
#5986=LINE('',#15219,#7462);
#5987=LINE('',#15221,#7463);
#5988=LINE('',#15224,#7464);
#5989=LINE('',#15226,#7465);
#5990=LINE('',#15228,#7466);
#5991=LINE('',#15230,#7467);
#5992=LINE('',#15232,#7468);
#5993=LINE('',#15234,#7469);
#5994=LINE('',#15236,#7470);
#5995=LINE('',#15238,#7471);
#5996=LINE('',#15240,#7472);
#5997=LINE('',#15242,#7473);
#5998=LINE('',#15245,#7474);
#5999=LINE('',#15247,#7475);
#6000=LINE('',#15249,#7476);
#6001=LINE('',#15251,#7477);
#6002=LINE('',#15253,#7478);
#6003=LINE('',#15255,#7479);
#6004=LINE('',#15257,#7480);
#6005=LINE('',#15259,#7481);
#6006=LINE('',#15261,#7482);
#6007=LINE('',#15263,#7483);
#6008=LINE('',#15266,#7484);
#6009=LINE('',#15268,#7485);
#6010=LINE('',#15270,#7486);
#6011=LINE('',#15272,#7487);
#6012=LINE('',#15274,#7488);
#6013=LINE('',#15276,#7489);
#6014=LINE('',#15278,#7490);
#6015=LINE('',#15280,#7491);
#6016=LINE('',#15282,#7492);
#6017=LINE('',#15284,#7493);
#6018=LINE('',#15287,#7494);
#6019=LINE('',#15289,#7495);
#6020=LINE('',#15291,#7496);
#6021=LINE('',#15293,#7497);
#6022=LINE('',#15295,#7498);
#6023=LINE('',#15297,#7499);
#6024=LINE('',#15299,#7500);
#6025=LINE('',#15301,#7501);
#6026=LINE('',#15303,#7502);
#6027=LINE('',#15305,#7503);
#6028=LINE('',#15308,#7504);
#6029=LINE('',#15310,#7505);
#6030=LINE('',#15312,#7506);
#6031=LINE('',#15314,#7507);
#6032=LINE('',#15316,#7508);
#6033=LINE('',#15318,#7509);
#6034=LINE('',#15320,#7510);
#6035=LINE('',#15322,#7511);
#6036=LINE('',#15324,#7512);
#6037=LINE('',#15326,#7513);
#6038=LINE('',#15329,#7514);
#6039=LINE('',#15331,#7515);
#6040=LINE('',#15333,#7516);
#6041=LINE('',#15335,#7517);
#6042=LINE('',#15337,#7518);
#6043=LINE('',#15339,#7519);
#6044=LINE('',#15341,#7520);
#6045=LINE('',#15343,#7521);
#6046=LINE('',#15345,#7522);
#6047=LINE('',#15347,#7523);
#6048=LINE('',#15348,#7524);
#6049=LINE('',#15350,#7525);
#6050=LINE('',#15351,#7526);
#6051=LINE('',#15353,#7527);
#6052=LINE('',#15354,#7528);
#6053=LINE('',#15356,#7529);
#6054=LINE('',#15357,#7530);
#6055=LINE('',#15359,#7531);
#6056=LINE('',#15360,#7532);
#6057=LINE('',#15362,#7533);
#6058=LINE('',#15363,#7534);
#6059=LINE('',#15365,#7535);
#6060=LINE('',#15366,#7536);
#6061=LINE('',#15368,#7537);
#6062=LINE('',#15369,#7538);
#6063=LINE('',#15371,#7539);
#6064=LINE('',#15372,#7540);
#6065=LINE('',#15374,#7541);
#6066=LINE('',#15375,#7542);
#6067=LINE('',#15377,#7543);
#6068=LINE('',#15378,#7544);
#6069=LINE('',#15380,#7545);
#6070=LINE('',#15381,#7546);
#6071=LINE('',#15383,#7547);
#6072=LINE('',#15384,#7548);
#6073=LINE('',#15386,#7549);
#6074=LINE('',#15387,#7550);
#6075=LINE('',#15389,#7551);
#6076=LINE('',#15390,#7552);
#6077=LINE('',#15392,#7553);
#6078=LINE('',#15393,#7554);
#6079=LINE('',#15395,#7555);
#6080=LINE('',#15396,#7556);
#6081=LINE('',#15398,#7557);
#6082=LINE('',#15399,#7558);
#6083=LINE('',#15401,#7559);
#6084=LINE('',#15402,#7560);
#6085=LINE('',#15404,#7561);
#6086=LINE('',#15405,#7562);
#6087=LINE('',#15428,#7563);
#6088=LINE('',#15429,#7564);
#6089=LINE('',#15430,#7565);
#6090=LINE('',#15431,#7566);
#6091=LINE('',#15432,#7567);
#6092=LINE('',#15433,#7568);
#6093=LINE('',#15434,#7569);
#6094=LINE('',#15435,#7570);
#6095=LINE('',#15436,#7571);
#6096=LINE('',#15437,#7572);
#6097=LINE('',#15438,#7573);
#6098=LINE('',#15439,#7574);
#6099=LINE('',#15440,#7575);
#6100=LINE('',#15441,#7576);
#6101=LINE('',#15442,#7577);
#6102=LINE('',#15443,#7578);
#6103=LINE('',#15444,#7579);
#6104=LINE('',#15445,#7580);
#6105=LINE('',#15446,#7581);
#6106=LINE('',#15447,#7582);
#6107=LINE('',#15448,#7583);
#6108=LINE('',#15449,#7584);
#6109=LINE('',#15450,#7585);
#6110=LINE('',#15451,#7586);
#6111=LINE('',#15452,#7587);
#6112=LINE('',#15453,#7588);
#6113=LINE('',#15454,#7589);
#6114=LINE('',#15455,#7590);
#6115=LINE('',#15456,#7591);
#6116=LINE('',#15457,#7592);
#6117=LINE('',#15458,#7593);
#6118=LINE('',#15459,#7594);
#6119=LINE('',#15460,#7595);
#6120=LINE('',#15461,#7596);
#6121=LINE('',#15462,#7597);
#6122=LINE('',#15463,#7598);
#6123=LINE('',#15464,#7599);
#6124=LINE('',#15465,#7600);
#6125=LINE('',#15466,#7601);
#6126=LINE('',#15467,#7602);
#6127=LINE('',#15510,#7603);
#6128=LINE('',#15513,#7604);
#6129=LINE('',#15515,#7605);
#6130=LINE('',#15519,#7606);
#6131=LINE('',#15521,#7607);
#6132=LINE('',#15523,#7608);
#6133=LINE('',#15525,#7609);
#6134=LINE('',#15527,#7610);
#6135=LINE('',#15529,#7611);
#6136=LINE('',#15531,#7612);
#6137=LINE('',#15533,#7613);
#6138=LINE('',#15535,#7614);
#6139=LINE('',#15537,#7615);
#6140=LINE('',#15540,#7616);
#6141=LINE('',#15542,#7617);
#6142=LINE('',#15543,#7618);
#6143=LINE('',#15545,#7619);
#6144=LINE('',#15547,#7620);
#6145=LINE('',#15551,#7621);
#6146=LINE('',#15553,#7622);
#6147=LINE('',#15555,#7623);
#6148=LINE('',#15558,#7624);
#6149=LINE('',#15560,#7625);
#6150=LINE('',#15564,#7626);
#6151=LINE('',#15566,#7627);
#6152=LINE('',#15568,#7628);
#6153=LINE('',#15570,#7629);
#6154=LINE('',#15572,#7630);
#6155=LINE('',#15574,#7631);
#6156=LINE('',#15576,#7632);
#6157=LINE('',#15578,#7633);
#6158=LINE('',#15580,#7634);
#6159=LINE('',#15582,#7635);
#6160=LINE('',#15585,#7636);
#6161=LINE('',#15587,#7637);
#6162=LINE('',#15588,#7638);
#6163=LINE('',#15590,#7639);
#6164=LINE('',#15592,#7640);
#6165=LINE('',#15596,#7641);
#6166=LINE('',#15598,#7642);
#6167=LINE('',#15600,#7643);
#6168=LINE('',#15603,#7644);
#6169=LINE('',#15605,#7645);
#6170=LINE('',#15609,#7646);
#6171=LINE('',#15611,#7647);
#6172=LINE('',#15613,#7648);
#6173=LINE('',#15615,#7649);
#6174=LINE('',#15617,#7650);
#6175=LINE('',#15619,#7651);
#6176=LINE('',#15621,#7652);
#6177=LINE('',#15623,#7653);
#6178=LINE('',#15625,#7654);
#6179=LINE('',#15627,#7655);
#6180=LINE('',#15630,#7656);
#6181=LINE('',#15632,#7657);
#6182=LINE('',#15633,#7658);
#6183=LINE('',#15635,#7659);
#6184=LINE('',#15637,#7660);
#6185=LINE('',#15641,#7661);
#6186=LINE('',#15643,#7662);
#6187=LINE('',#15645,#7663);
#6188=LINE('',#15648,#7664);
#6189=LINE('',#15650,#7665);
#6190=LINE('',#15654,#7666);
#6191=LINE('',#15656,#7667);
#6192=LINE('',#15658,#7668);
#6193=LINE('',#15660,#7669);
#6194=LINE('',#15662,#7670);
#6195=LINE('',#15664,#7671);
#6196=LINE('',#15666,#7672);
#6197=LINE('',#15668,#7673);
#6198=LINE('',#15670,#7674);
#6199=LINE('',#15672,#7675);
#6200=LINE('',#15675,#7676);
#6201=LINE('',#15677,#7677);
#6202=LINE('',#15678,#7678);
#6203=LINE('',#15680,#7679);
#6204=LINE('',#15682,#7680);
#6205=LINE('',#15686,#7681);
#6206=LINE('',#15688,#7682);
#6207=LINE('',#15690,#7683);
#6208=LINE('',#15693,#7684);
#6209=LINE('',#15695,#7685);
#6210=LINE('',#15699,#7686);
#6211=LINE('',#15701,#7687);
#6212=LINE('',#15703,#7688);
#6213=LINE('',#15705,#7689);
#6214=LINE('',#15707,#7690);
#6215=LINE('',#15709,#7691);
#6216=LINE('',#15711,#7692);
#6217=LINE('',#15713,#7693);
#6218=LINE('',#15715,#7694);
#6219=LINE('',#15717,#7695);
#6220=LINE('',#15720,#7696);
#6221=LINE('',#15722,#7697);
#6222=LINE('',#15723,#7698);
#6223=LINE('',#15725,#7699);
#6224=LINE('',#15727,#7700);
#6225=LINE('',#15731,#7701);
#6226=LINE('',#15733,#7702);
#6227=LINE('',#15735,#7703);
#6228=LINE('',#15738,#7704);
#6229=LINE('',#15740,#7705);
#6230=LINE('',#15744,#7706);
#6231=LINE('',#15746,#7707);
#6232=LINE('',#15748,#7708);
#6233=LINE('',#15750,#7709);
#6234=LINE('',#15752,#7710);
#6235=LINE('',#15754,#7711);
#6236=LINE('',#15756,#7712);
#6237=LINE('',#15758,#7713);
#6238=LINE('',#15760,#7714);
#6239=LINE('',#15762,#7715);
#6240=LINE('',#15765,#7716);
#6241=LINE('',#15767,#7717);
#6242=LINE('',#15768,#7718);
#6243=LINE('',#15770,#7719);
#6244=LINE('',#15772,#7720);
#6245=LINE('',#15776,#7721);
#6246=LINE('',#15778,#7722);
#6247=LINE('',#15780,#7723);
#6248=LINE('',#15783,#7724);
#6249=LINE('',#15785,#7725);
#6250=LINE('',#15789,#7726);
#6251=LINE('',#15791,#7727);
#6252=LINE('',#15793,#7728);
#6253=LINE('',#15795,#7729);
#6254=LINE('',#15797,#7730);
#6255=LINE('',#15799,#7731);
#6256=LINE('',#15801,#7732);
#6257=LINE('',#15803,#7733);
#6258=LINE('',#15805,#7734);
#6259=LINE('',#15807,#7735);
#6260=LINE('',#15810,#7736);
#6261=LINE('',#15812,#7737);
#6262=LINE('',#15813,#7738);
#6263=LINE('',#15815,#7739);
#6264=LINE('',#15817,#7740);
#6265=LINE('',#15821,#7741);
#6266=LINE('',#15823,#7742);
#6267=LINE('',#15825,#7743);
#6268=LINE('',#15828,#7744);
#6269=LINE('',#15830,#7745);
#6270=LINE('',#15834,#7746);
#6271=LINE('',#15836,#7747);
#6272=LINE('',#15838,#7748);
#6273=LINE('',#15840,#7749);
#6274=LINE('',#15842,#7750);
#6275=LINE('',#15844,#7751);
#6276=LINE('',#15846,#7752);
#6277=LINE('',#15848,#7753);
#6278=LINE('',#15850,#7754);
#6279=LINE('',#15852,#7755);
#6280=LINE('',#15855,#7756);
#6281=LINE('',#15857,#7757);
#6282=LINE('',#15858,#7758);
#6283=LINE('',#15860,#7759);
#6284=LINE('',#15862,#7760);
#6285=LINE('',#15866,#7761);
#6286=LINE('',#15868,#7762);
#6287=LINE('',#15870,#7763);
#6288=LINE('',#15873,#7764);
#6289=LINE('',#15875,#7765);
#6290=LINE('',#15879,#7766);
#6291=LINE('',#15881,#7767);
#6292=LINE('',#15883,#7768);
#6293=LINE('',#15885,#7769);
#6294=LINE('',#15887,#7770);
#6295=LINE('',#15889,#7771);
#6296=LINE('',#15891,#7772);
#6297=LINE('',#15893,#7773);
#6298=LINE('',#15895,#7774);
#6299=LINE('',#15897,#7775);
#6300=LINE('',#15900,#7776);
#6301=LINE('',#15902,#7777);
#6302=LINE('',#15903,#7778);
#6303=LINE('',#15905,#7779);
#6304=LINE('',#15907,#7780);
#6305=LINE('',#15911,#7781);
#6306=LINE('',#15913,#7782);
#6307=LINE('',#15915,#7783);
#6308=LINE('',#15918,#7784);
#6309=LINE('',#15920,#7785);
#6310=LINE('',#15924,#7786);
#6311=LINE('',#15926,#7787);
#6312=LINE('',#15928,#7788);
#6313=LINE('',#15930,#7789);
#6314=LINE('',#15932,#7790);
#6315=LINE('',#15934,#7791);
#6316=LINE('',#15936,#7792);
#6317=LINE('',#15938,#7793);
#6318=LINE('',#15940,#7794);
#6319=LINE('',#15942,#7795);
#6320=LINE('',#15945,#7796);
#6321=LINE('',#15947,#7797);
#6322=LINE('',#15948,#7798);
#6323=LINE('',#15950,#7799);
#6324=LINE('',#15952,#7800);
#6325=LINE('',#15956,#7801);
#6326=LINE('',#15958,#7802);
#6327=LINE('',#15960,#7803);
#6328=LINE('',#15963,#7804);
#6329=LINE('',#15965,#7805);
#6330=LINE('',#15969,#7806);
#6331=LINE('',#15971,#7807);
#6332=LINE('',#15973,#7808);
#6333=LINE('',#15975,#7809);
#6334=LINE('',#15977,#7810);
#6335=LINE('',#15979,#7811);
#6336=LINE('',#15981,#7812);
#6337=LINE('',#15983,#7813);
#6338=LINE('',#15985,#7814);
#6339=LINE('',#15987,#7815);
#6340=LINE('',#15990,#7816);
#6341=LINE('',#15992,#7817);
#6342=LINE('',#15993,#7818);
#6343=LINE('',#15995,#7819);
#6344=LINE('',#15997,#7820);
#6345=LINE('',#16001,#7821);
#6346=LINE('',#16003,#7822);
#6347=LINE('',#16005,#7823);
#6348=LINE('',#16008,#7824);
#6349=LINE('',#16010,#7825);
#6350=LINE('',#16014,#7826);
#6351=LINE('',#16016,#7827);
#6352=LINE('',#16018,#7828);
#6353=LINE('',#16020,#7829);
#6354=LINE('',#16022,#7830);
#6355=LINE('',#16024,#7831);
#6356=LINE('',#16026,#7832);
#6357=LINE('',#16028,#7833);
#6358=LINE('',#16030,#7834);
#6359=LINE('',#16032,#7835);
#6360=LINE('',#16035,#7836);
#6361=LINE('',#16037,#7837);
#6362=LINE('',#16038,#7838);
#6363=LINE('',#16040,#7839);
#6364=LINE('',#16042,#7840);
#6365=LINE('',#16046,#7841);
#6366=LINE('',#16048,#7842);
#6367=LINE('',#16050,#7843);
#6368=LINE('',#16053,#7844);
#6369=LINE('',#16055,#7845);
#6370=LINE('',#16059,#7846);
#6371=LINE('',#16061,#7847);
#6372=LINE('',#16063,#7848);
#6373=LINE('',#16065,#7849);
#6374=LINE('',#16067,#7850);
#6375=LINE('',#16069,#7851);
#6376=LINE('',#16071,#7852);
#6377=LINE('',#16073,#7853);
#6378=LINE('',#16075,#7854);
#6379=LINE('',#16077,#7855);
#6380=LINE('',#16080,#7856);
#6381=LINE('',#16082,#7857);
#6382=LINE('',#16083,#7858);
#6383=LINE('',#16085,#7859);
#6384=LINE('',#16087,#7860);
#6385=LINE('',#16091,#7861);
#6386=LINE('',#16093,#7862);
#6387=LINE('',#16095,#7863);
#6388=LINE('',#16098,#7864);
#6389=LINE('',#16100,#7865);
#6390=LINE('',#16104,#7866);
#6391=LINE('',#16106,#7867);
#6392=LINE('',#16108,#7868);
#6393=LINE('',#16110,#7869);
#6394=LINE('',#16112,#7870);
#6395=LINE('',#16114,#7871);
#6396=LINE('',#16116,#7872);
#6397=LINE('',#16118,#7873);
#6398=LINE('',#16120,#7874);
#6399=LINE('',#16122,#7875);
#6400=LINE('',#16125,#7876);
#6401=LINE('',#16127,#7877);
#6402=LINE('',#16128,#7878);
#6403=LINE('',#16130,#7879);
#6404=LINE('',#16132,#7880);
#6405=LINE('',#16136,#7881);
#6406=LINE('',#16138,#7882);
#6407=LINE('',#16140,#7883);
#6408=LINE('',#16143,#7884);
#6409=LINE('',#16145,#7885);
#6410=LINE('',#16149,#7886);
#6411=LINE('',#16151,#7887);
#6412=LINE('',#16153,#7888);
#6413=LINE('',#16155,#7889);
#6414=LINE('',#16157,#7890);
#6415=LINE('',#16159,#7891);
#6416=LINE('',#16161,#7892);
#6417=LINE('',#16163,#7893);
#6418=LINE('',#16165,#7894);
#6419=LINE('',#16167,#7895);
#6420=LINE('',#16170,#7896);
#6421=LINE('',#16172,#7897);
#6422=LINE('',#16173,#7898);
#6423=LINE('',#16175,#7899);
#6424=LINE('',#16177,#7900);
#6425=LINE('',#16181,#7901);
#6426=LINE('',#16183,#7902);
#6427=LINE('',#16185,#7903);
#6428=LINE('',#16188,#7904);
#6429=LINE('',#16190,#7905);
#6430=LINE('',#16194,#7906);
#6431=LINE('',#16196,#7907);
#6432=LINE('',#16198,#7908);
#6433=LINE('',#16200,#7909);
#6434=LINE('',#16202,#7910);
#6435=LINE('',#16204,#7911);
#6436=LINE('',#16206,#7912);
#6437=LINE('',#16208,#7913);
#6438=LINE('',#16210,#7914);
#6439=LINE('',#16212,#7915);
#6440=LINE('',#16215,#7916);
#6441=LINE('',#16217,#7917);
#6442=LINE('',#16218,#7918);
#6443=LINE('',#16220,#7919);
#6444=LINE('',#16222,#7920);
#6445=LINE('',#16226,#7921);
#6446=LINE('',#16228,#7922);
#6447=LINE('',#16230,#7923);
#6448=LINE('',#16233,#7924);
#6449=LINE('',#16235,#7925);
#6450=LINE('',#16239,#7926);
#6451=LINE('',#16241,#7927);
#6452=LINE('',#16243,#7928);
#6453=LINE('',#16245,#7929);
#6454=LINE('',#16247,#7930);
#6455=LINE('',#16249,#7931);
#6456=LINE('',#16251,#7932);
#6457=LINE('',#16253,#7933);
#6458=LINE('',#16255,#7934);
#6459=LINE('',#16257,#7935);
#6460=LINE('',#16260,#7936);
#6461=LINE('',#16262,#7937);
#6462=LINE('',#16263,#7938);
#6463=LINE('',#16265,#7939);
#6464=LINE('',#16267,#7940);
#6465=LINE('',#16271,#7941);
#6466=LINE('',#16273,#7942);
#6467=LINE('',#16275,#7943);
#6468=LINE('',#16278,#7944);
#6469=LINE('',#16280,#7945);
#6470=LINE('',#16284,#7946);
#6471=LINE('',#16286,#7947);
#6472=LINE('',#16288,#7948);
#6473=LINE('',#16290,#7949);
#6474=LINE('',#16292,#7950);
#6475=LINE('',#16294,#7951);
#6476=LINE('',#16296,#7952);
#6477=LINE('',#16298,#7953);
#6478=LINE('',#16300,#7954);
#6479=LINE('',#16302,#7955);
#6480=LINE('',#16305,#7956);
#6481=LINE('',#16307,#7957);
#6482=LINE('',#16308,#7958);
#6483=LINE('',#16310,#7959);
#6484=LINE('',#16312,#7960);
#6485=LINE('',#16316,#7961);
#6486=LINE('',#16318,#7962);
#6487=LINE('',#16320,#7963);
#6488=LINE('',#16323,#7964);
#6489=LINE('',#16325,#7965);
#6490=LINE('',#16329,#7966);
#6491=LINE('',#16331,#7967);
#6492=LINE('',#16333,#7968);
#6493=LINE('',#16335,#7969);
#6494=LINE('',#16337,#7970);
#6495=LINE('',#16339,#7971);
#6496=LINE('',#16341,#7972);
#6497=LINE('',#16343,#7973);
#6498=LINE('',#16345,#7974);
#6499=LINE('',#16347,#7975);
#6500=LINE('',#16350,#7976);
#6501=LINE('',#16352,#7977);
#6502=LINE('',#16353,#7978);
#6503=LINE('',#16355,#7979);
#6504=LINE('',#16357,#7980);
#6505=LINE('',#16361,#7981);
#6506=LINE('',#16363,#7982);
#6507=LINE('',#16365,#7983);
#6508=LINE('',#16368,#7984);
#6509=LINE('',#16370,#7985);
#6510=LINE('',#16374,#7986);
#6511=LINE('',#16376,#7987);
#6512=LINE('',#16378,#7988);
#6513=LINE('',#16380,#7989);
#6514=LINE('',#16382,#7990);
#6515=LINE('',#16384,#7991);
#6516=LINE('',#16386,#7992);
#6517=LINE('',#16388,#7993);
#6518=LINE('',#16390,#7994);
#6519=LINE('',#16392,#7995);
#6520=LINE('',#16395,#7996);
#6521=LINE('',#16397,#7997);
#6522=LINE('',#16398,#7998);
#6523=LINE('',#16400,#7999);
#6524=LINE('',#16402,#8000);
#6525=LINE('',#16406,#8001);
#6526=LINE('',#16408,#8002);
#6527=LINE('',#16410,#8003);
#6528=LINE('',#16411,#8004);
#6529=LINE('',#16413,#8005);
#6530=LINE('',#16414,#8006);
#6531=LINE('',#16416,#8007);
#6532=LINE('',#16417,#8008);
#6533=LINE('',#16419,#8009);
#6534=LINE('',#16420,#8010);
#6535=LINE('',#16422,#8011);
#6536=LINE('',#16423,#8012);
#6537=LINE('',#16425,#8013);
#6538=LINE('',#16426,#8014);
#6539=LINE('',#16428,#8015);
#6540=LINE('',#16429,#8016);
#6541=LINE('',#16431,#8017);
#6542=LINE('',#16432,#8018);
#6543=LINE('',#16434,#8019);
#6544=LINE('',#16435,#8020);
#6545=LINE('',#16437,#8021);
#6546=LINE('',#16438,#8022);
#6547=LINE('',#16440,#8023);
#6548=LINE('',#16441,#8024);
#6549=LINE('',#16443,#8025);
#6550=LINE('',#16444,#8026);
#6551=LINE('',#16446,#8027);
#6552=LINE('',#16447,#8028);
#6553=LINE('',#16449,#8029);
#6554=LINE('',#16450,#8030);
#6555=LINE('',#16452,#8031);
#6556=LINE('',#16453,#8032);
#6557=LINE('',#16455,#8033);
#6558=LINE('',#16456,#8034);
#6559=LINE('',#16458,#8035);
#6560=LINE('',#16459,#8036);
#6561=LINE('',#16461,#8037);
#6562=LINE('',#16462,#8038);
#6563=LINE('',#16464,#8039);
#6564=LINE('',#16465,#8040);
#6565=LINE('',#16467,#8041);
#6566=LINE('',#16468,#8042);
#6567=LINE('',#16470,#8043);
#6568=LINE('',#16473,#8044);
#6569=LINE('',#16475,#8045);
#6570=LINE('',#16477,#8046);
#6571=LINE('',#16479,#8047);
#6572=LINE('',#16482,#8048);
#6573=LINE('',#16484,#8049);
#6574=LINE('',#16486,#8050);
#6575=LINE('',#16488,#8051);
#6576=LINE('',#16491,#8052);
#6577=LINE('',#16493,#8053);
#6578=LINE('',#16495,#8054);
#6579=LINE('',#16497,#8055);
#6580=LINE('',#16500,#8056);
#6581=LINE('',#16502,#8057);
#6582=LINE('',#16504,#8058);
#6583=LINE('',#16506,#8059);
#6584=LINE('',#16509,#8060);
#6585=LINE('',#16511,#8061);
#6586=LINE('',#16513,#8062);
#6587=LINE('',#16515,#8063);
#6588=LINE('',#16518,#8064);
#6589=LINE('',#16520,#8065);
#6590=LINE('',#16522,#8066);
#6591=LINE('',#16524,#8067);
#6592=LINE('',#16527,#8068);
#6593=LINE('',#16529,#8069);
#6594=LINE('',#16531,#8070);
#6595=LINE('',#16533,#8071);
#6596=LINE('',#16536,#8072);
#6597=LINE('',#16538,#8073);
#6598=LINE('',#16540,#8074);
#6599=LINE('',#16542,#8075);
#6600=LINE('',#16545,#8076);
#6601=LINE('',#16547,#8077);
#6602=LINE('',#16549,#8078);
#6603=LINE('',#16551,#8079);
#6604=LINE('',#16554,#8080);
#6605=LINE('',#16556,#8081);
#6606=LINE('',#16558,#8082);
#6607=LINE('',#16560,#8083);
#6608=LINE('',#16563,#8084);
#6609=LINE('',#16565,#8085);
#6610=LINE('',#16567,#8086);
#6611=LINE('',#16569,#8087);
#6612=LINE('',#16572,#8088);
#6613=LINE('',#16574,#8089);
#6614=LINE('',#16576,#8090);
#6615=LINE('',#16578,#8091);
#6616=LINE('',#16581,#8092);
#6617=LINE('',#16583,#8093);
#6618=LINE('',#16585,#8094);
#6619=LINE('',#16587,#8095);
#6620=LINE('',#16590,#8096);
#6621=LINE('',#16592,#8097);
#6622=LINE('',#16594,#8098);
#6623=LINE('',#16596,#8099);
#6624=LINE('',#16599,#8100);
#6625=LINE('',#16601,#8101);
#6626=LINE('',#16603,#8102);
#6627=LINE('',#16605,#8103);
#6628=LINE('',#16608,#8104);
#6629=LINE('',#16610,#8105);
#6630=LINE('',#16612,#8106);
#6631=LINE('',#16614,#8107);
#6632=LINE('',#16617,#8108);
#6633=LINE('',#16619,#8109);
#6634=LINE('',#16621,#8110);
#6635=LINE('',#16623,#8111);
#6636=LINE('',#16626,#8112);
#6637=LINE('',#16628,#8113);
#6638=LINE('',#16630,#8114);
#6639=LINE('',#16632,#8115);
#6640=LINE('',#16635,#8116);
#6641=LINE('',#16637,#8117);
#6642=LINE('',#16639,#8118);
#6643=LINE('',#16641,#8119);
#6644=LINE('',#16644,#8120);
#6645=LINE('',#16646,#8121);
#6646=LINE('',#16648,#8122);
#6647=LINE('',#16650,#8123);
#6648=LINE('',#16653,#8124);
#6649=LINE('',#16655,#8125);
#6650=LINE('',#16657,#8126);
#6651=LINE('',#16659,#8127);
#6652=LINE('',#16662,#8128);
#6653=LINE('',#16664,#8129);
#6654=LINE('',#16666,#8130);
#6655=LINE('',#16668,#8131);
#6656=LINE('',#16671,#8132);
#6657=LINE('',#16673,#8133);
#6658=LINE('',#16675,#8134);
#6659=LINE('',#16677,#8135);
#6660=LINE('',#16680,#8136);
#6661=LINE('',#16682,#8137);
#6662=LINE('',#16684,#8138);
#6663=LINE('',#16686,#8139);
#6664=LINE('',#16689,#8140);
#6665=LINE('',#16691,#8141);
#6666=LINE('',#16693,#8142);
#6667=LINE('',#16695,#8143);
#6668=LINE('',#16698,#8144);
#6669=LINE('',#16700,#8145);
#6670=LINE('',#16702,#8146);
#6671=LINE('',#16704,#8147);
#6672=LINE('',#16707,#8148);
#6673=LINE('',#16709,#8149);
#6674=LINE('',#16711,#8150);
#6675=LINE('',#16713,#8151);
#6676=LINE('',#16716,#8152);
#6677=LINE('',#16718,#8153);
#6678=LINE('',#16720,#8154);
#6679=LINE('',#16722,#8155);
#6680=LINE('',#16725,#8156);
#6681=LINE('',#16727,#8157);
#6682=LINE('',#16729,#8158);
#6683=LINE('',#16731,#8159);
#6684=LINE('',#16734,#8160);
#6685=LINE('',#16736,#8161);
#6686=LINE('',#16738,#8162);
#6687=LINE('',#16740,#8163);
#6688=LINE('',#16743,#8164);
#6689=LINE('',#16745,#8165);
#6690=LINE('',#16747,#8166);
#6691=LINE('',#16749,#8167);
#6692=LINE('',#16752,#8168);
#6693=LINE('',#16754,#8169);
#6694=LINE('',#16756,#8170);
#6695=LINE('',#16758,#8171);
#6696=LINE('',#16761,#8172);
#6697=LINE('',#16763,#8173);
#6698=LINE('',#16765,#8174);
#6699=LINE('',#16767,#8175);
#6700=LINE('',#16770,#8176);
#6701=LINE('',#16772,#8177);
#6702=LINE('',#16774,#8178);
#6703=LINE('',#16776,#8179);
#6704=LINE('',#16779,#8180);
#6705=LINE('',#16781,#8181);
#6706=LINE('',#16783,#8182);
#6707=LINE('',#16785,#8183);
#6708=LINE('',#16788,#8184);
#6709=LINE('',#16790,#8185);
#6710=LINE('',#16792,#8186);
#6711=LINE('',#16794,#8187);
#6712=LINE('',#16797,#8188);
#6713=LINE('',#16799,#8189);
#6714=LINE('',#16801,#8190);
#6715=LINE('',#16803,#8191);
#6716=LINE('',#16806,#8192);
#6717=LINE('',#16808,#8193);
#6718=LINE('',#16810,#8194);
#6719=LINE('',#16812,#8195);
#6720=LINE('',#16815,#8196);
#6721=LINE('',#16817,#8197);
#6722=LINE('',#16819,#8198);
#6723=LINE('',#16821,#8199);
#6724=LINE('',#16824,#8200);
#6725=LINE('',#16826,#8201);
#6726=LINE('',#16828,#8202);
#6727=LINE('',#16830,#8203);
#6728=LINE('',#16833,#8204);
#6729=LINE('',#16835,#8205);
#6730=LINE('',#16837,#8206);
#6731=LINE('',#16839,#8207);
#6732=LINE('',#16842,#8208);
#6733=LINE('',#16844,#8209);
#6734=LINE('',#16846,#8210);
#6735=LINE('',#16848,#8211);
#6736=LINE('',#16851,#8212);
#6737=LINE('',#16853,#8213);
#6738=LINE('',#16855,#8214);
#6739=LINE('',#16857,#8215);
#6740=LINE('',#16860,#8216);
#6741=LINE('',#16862,#8217);
#6742=LINE('',#16864,#8218);
#6743=LINE('',#16866,#8219);
#6744=LINE('',#16869,#8220);
#6745=LINE('',#16871,#8221);
#6746=LINE('',#16873,#8222);
#6747=LINE('',#16875,#8223);
#6748=LINE('',#16878,#8224);
#6749=LINE('',#16880,#8225);
#6750=LINE('',#16882,#8226);
#6751=LINE('',#16884,#8227);
#6752=LINE('',#16887,#8228);
#6753=LINE('',#16889,#8229);
#6754=LINE('',#16891,#8230);
#6755=LINE('',#16893,#8231);
#6756=LINE('',#16896,#8232);
#6757=LINE('',#16898,#8233);
#6758=LINE('',#16900,#8234);
#6759=LINE('',#16902,#8235);
#6760=LINE('',#16905,#8236);
#6761=LINE('',#16907,#8237);
#6762=LINE('',#16909,#8238);
#6763=LINE('',#16911,#8239);
#6764=LINE('',#16914,#8240);
#6765=LINE('',#16916,#8241);
#6766=LINE('',#16918,#8242);
#6767=LINE('',#16920,#8243);
#6768=LINE('',#16923,#8244);
#6769=LINE('',#16925,#8245);
#6770=LINE('',#16927,#8246);
#6771=LINE('',#16929,#8247);
#6772=LINE('',#16932,#8248);
#6773=LINE('',#16934,#8249);
#6774=LINE('',#16936,#8250);
#6775=LINE('',#16938,#8251);
#6776=LINE('',#16941,#8252);
#6777=LINE('',#16943,#8253);
#6778=LINE('',#16945,#8254);
#6779=LINE('',#16947,#8255);
#6780=LINE('',#16950,#8256);
#6781=LINE('',#16952,#8257);
#6782=LINE('',#16954,#8258);
#6783=LINE('',#16956,#8259);
#6784=LINE('',#16959,#8260);
#6785=LINE('',#16961,#8261);
#6786=LINE('',#16963,#8262);
#6787=LINE('',#16965,#8263);
#6788=LINE('',#16968,#8264);
#6789=LINE('',#16970,#8265);
#6790=LINE('',#16972,#8266);
#6791=LINE('',#16974,#8267);
#6792=LINE('',#16977,#8268);
#6793=LINE('',#16979,#8269);
#6794=LINE('',#16981,#8270);
#6795=LINE('',#16983,#8271);
#6796=LINE('',#16986,#8272);
#6797=LINE('',#16988,#8273);
#6798=LINE('',#16990,#8274);
#6799=LINE('',#16992,#8275);
#6800=LINE('',#16995,#8276);
#6801=LINE('',#16997,#8277);
#6802=LINE('',#16999,#8278);
#6803=LINE('',#17001,#8279);
#6804=LINE('',#17004,#8280);
#6805=LINE('',#17006,#8281);
#6806=LINE('',#17008,#8282);
#6807=LINE('',#17010,#8283);
#6808=LINE('',#17011,#8284);
#6809=LINE('',#17012,#8285);
#6810=LINE('',#17014,#8286);
#6811=LINE('',#17015,#8287);
#6812=LINE('',#17016,#8288);
#6813=LINE('',#17018,#8289);
#6814=LINE('',#17019,#8290);
#6815=LINE('',#17020,#8291);
#6816=LINE('',#17022,#8292);
#6817=LINE('',#17023,#8293);
#6818=LINE('',#17024,#8294);
#6819=LINE('',#17026,#8295);
#6820=LINE('',#17027,#8296);
#6821=LINE('',#17028,#8297);
#6822=LINE('',#17030,#8298);
#6823=LINE('',#17031,#8299);
#6824=LINE('',#17032,#8300);
#6825=LINE('',#17034,#8301);
#6826=LINE('',#17035,#8302);
#6827=LINE('',#17036,#8303);
#6828=LINE('',#17038,#8304);
#6829=LINE('',#17039,#8305);
#6830=LINE('',#17040,#8306);
#6831=LINE('',#17042,#8307);
#6832=LINE('',#17043,#8308);
#6833=LINE('',#17044,#8309);
#6834=LINE('',#17046,#8310);
#6835=LINE('',#17047,#8311);
#6836=LINE('',#17048,#8312);
#6837=LINE('',#17050,#8313);
#6838=LINE('',#17051,#8314);
#6839=LINE('',#17052,#8315);
#6840=LINE('',#17054,#8316);
#6841=LINE('',#17055,#8317);
#6842=LINE('',#17056,#8318);
#6843=LINE('',#17058,#8319);
#6844=LINE('',#17059,#8320);
#6845=LINE('',#17060,#8321);
#6846=LINE('',#17062,#8322);
#6847=LINE('',#17063,#8323);
#6848=LINE('',#17064,#8324);
#6849=LINE('',#17066,#8325);
#6850=LINE('',#17067,#8326);
#6851=LINE('',#17068,#8327);
#6852=LINE('',#17070,#8328);
#6853=LINE('',#17071,#8329);
#6854=LINE('',#17072,#8330);
#6855=LINE('',#17074,#8331);
#6856=LINE('',#17075,#8332);
#6857=LINE('',#17076,#8333);
#6858=LINE('',#17078,#8334);
#6859=LINE('',#17079,#8335);
#6860=LINE('',#17080,#8336);
#6861=LINE('',#17082,#8337);
#6862=LINE('',#17083,#8338);
#6863=LINE('',#17084,#8339);
#6864=LINE('',#17086,#8340);
#6865=LINE('',#17087,#8341);
#6866=LINE('',#17088,#8342);
#6867=LINE('',#17090,#8343);
#6868=LINE('',#17091,#8344);
#6869=LINE('',#17092,#8345);
#6870=LINE('',#17094,#8346);
#6871=LINE('',#17095,#8347);
#6872=LINE('',#17096,#8348);
#6873=LINE('',#17098,#8349);
#6874=LINE('',#17099,#8350);
#6875=LINE('',#17100,#8351);
#6876=LINE('',#17102,#8352);
#6877=LINE('',#17103,#8353);
#6878=LINE('',#17104,#8354);
#6879=LINE('',#17106,#8355);
#6880=LINE('',#17107,#8356);
#6881=LINE('',#17108,#8357);
#6882=LINE('',#17110,#8358);
#6883=LINE('',#17111,#8359);
#6884=LINE('',#17112,#8360);
#6885=LINE('',#17114,#8361);
#6886=LINE('',#17115,#8362);
#6887=LINE('',#17116,#8363);
#6888=LINE('',#17118,#8364);
#6889=LINE('',#17119,#8365);
#6890=LINE('',#17120,#8366);
#6891=LINE('',#17122,#8367);
#6892=LINE('',#17123,#8368);
#6893=LINE('',#17124,#8369);
#6894=LINE('',#17126,#8370);
#6895=LINE('',#17127,#8371);
#6896=LINE('',#17128,#8372);
#6897=LINE('',#17130,#8373);
#6898=LINE('',#17131,#8374);
#6899=LINE('',#17132,#8375);
#6900=LINE('',#17134,#8376);
#6901=LINE('',#17135,#8377);
#6902=LINE('',#17136,#8378);
#6903=LINE('',#17138,#8379);
#6904=LINE('',#17139,#8380);
#6905=LINE('',#17140,#8381);
#6906=LINE('',#17142,#8382);
#6907=LINE('',#17143,#8383);
#6908=LINE('',#17144,#8384);
#6909=LINE('',#17146,#8385);
#6910=LINE('',#17147,#8386);
#6911=LINE('',#17148,#8387);
#6912=LINE('',#17150,#8388);
#6913=LINE('',#17151,#8389);
#6914=LINE('',#17152,#8390);
#6915=LINE('',#17154,#8391);
#6916=LINE('',#17155,#8392);
#6917=LINE('',#17156,#8393);
#6918=LINE('',#17158,#8394);
#6919=LINE('',#17159,#8395);
#6920=LINE('',#17160,#8396);
#6921=LINE('',#17162,#8397);
#6922=LINE('',#17163,#8398);
#6923=LINE('',#17164,#8399);
#6924=LINE('',#17166,#8400);
#6925=LINE('',#17167,#8401);
#6926=LINE('',#17168,#8402);
#6927=LINE('',#17170,#8403);
#6928=LINE('',#17172,#8404);
#6929=LINE('',#17174,#8405);
#6930=LINE('',#17176,#8406);
#6931=LINE('',#17178,#8407);
#6932=LINE('',#17180,#8408);
#6933=LINE('',#17182,#8409);
#6934=LINE('',#17184,#8410);
#6935=LINE('',#17186,#8411);
#6936=LINE('',#17188,#8412);
#6937=LINE('',#17190,#8413);
#6938=LINE('',#17192,#8414);
#6939=LINE('',#17194,#8415);
#6940=LINE('',#17196,#8416);
#6941=LINE('',#17198,#8417);
#6942=LINE('',#17200,#8418);
#6943=LINE('',#17202,#8419);
#6944=LINE('',#17204,#8420);
#6945=LINE('',#17206,#8421);
#6946=LINE('',#17208,#8422);
#6947=LINE('',#17210,#8423);
#6948=LINE('',#17212,#8424);
#6949=LINE('',#17214,#8425);
#6950=LINE('',#17216,#8426);
#6951=LINE('',#17218,#8427);
#6952=LINE('',#17220,#8428);
#6953=LINE('',#17222,#8429);
#6954=LINE('',#17224,#8430);
#6955=LINE('',#17226,#8431);
#6956=LINE('',#17228,#8432);
#6957=LINE('',#17230,#8433);
#6958=LINE('',#17232,#8434);
#6959=LINE('',#17234,#8435);
#6960=LINE('',#17236,#8436);
#6961=LINE('',#17238,#8437);
#6962=LINE('',#17240,#8438);
#6963=LINE('',#17242,#8439);
#6964=LINE('',#17244,#8440);
#6965=LINE('',#17246,#8441);
#6966=LINE('',#17248,#8442);
#6967=LINE('',#17250,#8443);
#6968=LINE('',#17253,#8444);
#6969=LINE('',#17255,#8445);
#6970=LINE('',#17257,#8446);
#6971=LINE('',#17259,#8447);
#6972=LINE('',#17261,#8448);
#6973=LINE('',#17263,#8449);
#6974=LINE('',#17265,#8450);
#6975=LINE('',#17267,#8451);
#6976=LINE('',#17269,#8452);
#6977=LINE('',#17271,#8453);
#6978=LINE('',#17272,#8454);
#6979=LINE('',#17316,#8455);
#6980=LINE('',#17318,#8456);
#6981=LINE('',#17320,#8457);
#6982=LINE('',#17322,#8458);
#6983=LINE('',#17324,#8459);
#6984=LINE('',#17326,#8460);
#6985=LINE('',#17329,#8461);
#6986=LINE('',#17331,#8462);
#6987=LINE('',#17333,#8463);
#6988=LINE('',#17335,#8464);
#6989=LINE('',#17337,#8465);
#6990=LINE('',#17339,#8466);
#6991=LINE('',#17342,#8467);
#6992=LINE('',#17344,#8468);
#6993=LINE('',#17346,#8469);
#6994=LINE('',#17348,#8470);
#6995=LINE('',#17350,#8471);
#6996=LINE('',#17352,#8472);
#6997=LINE('',#17355,#8473);
#6998=LINE('',#17357,#8474);
#6999=LINE('',#17359,#8475);
#7000=LINE('',#17361,#8476);
#7001=LINE('',#17363,#8477);
#7002=LINE('',#17365,#8478);
#7003=LINE('',#17368,#8479);
#7004=LINE('',#17370,#8480);
#7005=LINE('',#17372,#8481);
#7006=LINE('',#17374,#8482);
#7007=LINE('',#17376,#8483);
#7008=LINE('',#17378,#8484);
#7009=LINE('',#17381,#8485);
#7010=LINE('',#17383,#8486);
#7011=LINE('',#17385,#8487);
#7012=LINE('',#17387,#8488);
#7013=LINE('',#17389,#8489);
#7014=LINE('',#17391,#8490);
#7015=LINE('',#17394,#8491);
#7016=LINE('',#17396,#8492);
#7017=LINE('',#17398,#8493);
#7018=LINE('',#17400,#8494);
#7019=LINE('',#17402,#8495);
#7020=LINE('',#17404,#8496);
#7021=LINE('',#17407,#8497);
#7022=LINE('',#17409,#8498);
#7023=LINE('',#17411,#8499);
#7024=LINE('',#17413,#8500);
#7025=LINE('',#17415,#8501);
#7026=LINE('',#17417,#8502);
#7027=LINE('',#17420,#8503);
#7028=LINE('',#17422,#8504);
#7029=LINE('',#17424,#8505);
#7030=LINE('',#17426,#8506);
#7031=LINE('',#17428,#8507);
#7032=LINE('',#17430,#8508);
#7033=LINE('',#17433,#8509);
#7034=LINE('',#17435,#8510);
#7035=LINE('',#17437,#8511);
#7036=LINE('',#17439,#8512);
#7037=LINE('',#17441,#8513);
#7038=LINE('',#17443,#8514);
#7039=LINE('',#17446,#8515);
#7040=LINE('',#17448,#8516);
#7041=LINE('',#17450,#8517);
#7042=LINE('',#17452,#8518);
#7043=LINE('',#17454,#8519);
#7044=LINE('',#17456,#8520);
#7045=LINE('',#17459,#8521);
#7046=LINE('',#17461,#8522);
#7047=LINE('',#17463,#8523);
#7048=LINE('',#17465,#8524);
#7049=LINE('',#17467,#8525);
#7050=LINE('',#17469,#8526);
#7051=LINE('',#17472,#8527);
#7052=LINE('',#17474,#8528);
#7053=LINE('',#17476,#8529);
#7054=LINE('',#17478,#8530);
#7055=LINE('',#17480,#8531);
#7056=LINE('',#17482,#8532);
#7057=LINE('',#17485,#8533);
#7058=LINE('',#17487,#8534);
#7059=LINE('',#17489,#8535);
#7060=LINE('',#17491,#8536);
#7061=LINE('',#17493,#8537);
#7062=LINE('',#17495,#8538);
#7063=LINE('',#17498,#8539);
#7064=LINE('',#17500,#8540);
#7065=LINE('',#17502,#8541);
#7066=LINE('',#17504,#8542);
#7067=LINE('',#17506,#8543);
#7068=LINE('',#17508,#8544);
#7069=LINE('',#17511,#8545);
#7070=LINE('',#17513,#8546);
#7071=LINE('',#17515,#8547);
#7072=LINE('',#17517,#8548);
#7073=LINE('',#17519,#8549);
#7074=LINE('',#17521,#8550);
#7075=LINE('',#17524,#8551);
#7076=LINE('',#17526,#8552);
#7077=LINE('',#17528,#8553);
#7078=LINE('',#17530,#8554);
#7079=LINE('',#17532,#8555);
#7080=LINE('',#17534,#8556);
#7081=LINE('',#17537,#8557);
#7082=LINE('',#17539,#8558);
#7083=LINE('',#17541,#8559);
#7084=LINE('',#17543,#8560);
#7085=LINE('',#17545,#8561);
#7086=LINE('',#17547,#8562);
#7087=LINE('',#17550,#8563);
#7088=LINE('',#17552,#8564);
#7089=LINE('',#17554,#8565);
#7090=LINE('',#17556,#8566);
#7091=LINE('',#17558,#8567);
#7092=LINE('',#17560,#8568);
#7093=LINE('',#17563,#8569);
#7094=LINE('',#17564,#8570);
#7095=LINE('',#17566,#8571);
#7096=LINE('',#17568,#8572);
#7097=LINE('',#17570,#8573);
#7098=LINE('',#17572,#8574);
#7099=VECTOR('',#11727,39.3700787401575);
#7100=VECTOR('',#11728,39.3700787401575);
#7101=VECTOR('',#11729,39.3700787401575);
#7102=VECTOR('',#11730,39.3700787401575);
#7103=VECTOR('',#11733,39.3700787401575);
#7104=VECTOR('',#11734,39.3700787401575);
#7105=VECTOR('',#11735,39.3700787401575);
#7106=VECTOR('',#11736,39.3700787401575);
#7107=VECTOR('',#11739,39.3700787401575);
#7108=VECTOR('',#11740,39.3700787401575);
#7109=VECTOR('',#11741,39.3700787401575);
#7110=VECTOR('',#11742,39.3700787401575);
#7111=VECTOR('',#11745,39.3700787401575);
#7112=VECTOR('',#11746,39.3700787401575);
#7113=VECTOR('',#11747,39.3700787401575);
#7114=VECTOR('',#11748,39.3700787401575);
#7115=VECTOR('',#11751,39.3700787401575);
#7116=VECTOR('',#11752,39.3700787401575);
#7117=VECTOR('',#11753,39.3700787401575);
#7118=VECTOR('',#11754,39.3700787401575);
#7119=VECTOR('',#11757,39.3700787401575);
#7120=VECTOR('',#11758,39.3700787401575);
#7121=VECTOR('',#11759,39.3700787401575);
#7122=VECTOR('',#11760,39.3700787401575);
#7123=VECTOR('',#11763,39.3700787401575);
#7124=VECTOR('',#11764,39.3700787401575);
#7125=VECTOR('',#11765,39.3700787401575);
#7126=VECTOR('',#11766,39.3700787401575);
#7127=VECTOR('',#11769,39.3700787401575);
#7128=VECTOR('',#11770,39.3700787401575);
#7129=VECTOR('',#11771,39.3700787401575);
#7130=VECTOR('',#11772,39.3700787401575);
#7131=VECTOR('',#11775,39.3700787401575);
#7132=VECTOR('',#11776,39.3700787401575);
#7133=VECTOR('',#11777,39.3700787401575);
#7134=VECTOR('',#11778,39.3700787401575);
#7135=VECTOR('',#11781,39.3700787401575);
#7136=VECTOR('',#11782,39.3700787401575);
#7137=VECTOR('',#11783,39.3700787401575);
#7138=VECTOR('',#11784,39.3700787401575);
#7139=VECTOR('',#11787,39.3700787401575);
#7140=VECTOR('',#11788,39.3700787401575);
#7141=VECTOR('',#11789,39.3700787401575);
#7142=VECTOR('',#11790,39.3700787401575);
#7143=VECTOR('',#11793,39.3700787401575);
#7144=VECTOR('',#11794,39.3700787401575);
#7145=VECTOR('',#11795,39.3700787401575);
#7146=VECTOR('',#11796,39.3700787401575);
#7147=VECTOR('',#11799,39.3700787401575);
#7148=VECTOR('',#11800,39.3700787401575);
#7149=VECTOR('',#11801,39.3700787401575);
#7150=VECTOR('',#11802,39.3700787401575);
#7151=VECTOR('',#11805,39.3700787401575);
#7152=VECTOR('',#11806,39.3700787401575);
#7153=VECTOR('',#11807,39.3700787401575);
#7154=VECTOR('',#11808,39.3700787401575);
#7155=VECTOR('',#11811,39.3700787401575);
#7156=VECTOR('',#11812,39.3700787401575);
#7157=VECTOR('',#11813,39.3700787401575);
#7158=VECTOR('',#11814,39.3700787401575);
#7159=VECTOR('',#11817,39.3700787401575);
#7160=VECTOR('',#11818,39.3700787401575);
#7161=VECTOR('',#11819,39.3700787401575);
#7162=VECTOR('',#11820,39.3700787401575);
#7163=VECTOR('',#11823,39.3700787401575);
#7164=VECTOR('',#11824,39.3700787401575);
#7165=VECTOR('',#11825,39.3700787401575);
#7166=VECTOR('',#11826,39.3700787401575);
#7167=VECTOR('',#11829,39.3700787401575);
#7168=VECTOR('',#11830,39.3700787401575);
#7169=VECTOR('',#11831,39.3700787401575);
#7170=VECTOR('',#11832,39.3700787401575);
#7171=VECTOR('',#11835,39.3700787401575);
#7172=VECTOR('',#11836,39.3700787401575);
#7173=VECTOR('',#11837,39.3700787401575);
#7174=VECTOR('',#11838,39.3700787401575);
#7175=VECTOR('',#11841,39.3700787401575);
#7176=VECTOR('',#11842,39.3700787401575);
#7177=VECTOR('',#11843,39.3700787401575);
#7178=VECTOR('',#11844,39.3700787401575);
#7179=VECTOR('',#11847,39.3700787401575);
#7180=VECTOR('',#11848,39.3700787401575);
#7181=VECTOR('',#11849,39.3700787401575);
#7182=VECTOR('',#11850,39.3700787401575);
#7183=VECTOR('',#11853,39.3700787401575);
#7184=VECTOR('',#11854,39.3700787401575);
#7185=VECTOR('',#11855,39.3700787401575);
#7186=VECTOR('',#11856,39.3700787401575);
#7187=VECTOR('',#11859,39.3700787401575);
#7188=VECTOR('',#11860,39.3700787401575);
#7189=VECTOR('',#11861,39.3700787401575);
#7190=VECTOR('',#11862,39.3700787401575);
#7191=VECTOR('',#11863,39.3700787401575);
#7192=VECTOR('',#11864,39.3700787401575);
#7193=VECTOR('',#11865,39.3700787401575);
#7194=VECTOR('',#11866,39.3700787401575);
#7195=VECTOR('',#11867,39.3700787401575);
#7196=VECTOR('',#11868,39.3700787401575);
#7197=VECTOR('',#11869,39.3700787401575);
#7198=VECTOR('',#11870,39.3700787401575);
#7199=VECTOR('',#11871,39.3700787401575);
#7200=VECTOR('',#11872,39.3700787401575);
#7201=VECTOR('',#11873,39.3700787401575);
#7202=VECTOR('',#11874,39.3700787401575);
#7203=VECTOR('',#11875,39.3700787401575);
#7204=VECTOR('',#11876,39.3700787401575);
#7205=VECTOR('',#11877,39.3700787401575);
#7206=VECTOR('',#11878,39.3700787401575);
#7207=VECTOR('',#11879,39.3700787401575);
#7208=VECTOR('',#11880,39.3700787401575);
#7209=VECTOR('',#11881,39.3700787401575);
#7210=VECTOR('',#11882,39.3700787401575);
#7211=VECTOR('',#11883,39.3700787401575);
#7212=VECTOR('',#11884,39.3700787401575);
#7213=VECTOR('',#11885,39.3700787401575);
#7214=VECTOR('',#11886,39.3700787401575);
#7215=VECTOR('',#11887,39.3700787401575);
#7216=VECTOR('',#11888,39.3700787401575);
#7217=VECTOR('',#11889,39.3700787401575);
#7218=VECTOR('',#11890,39.3700787401575);
#7219=VECTOR('',#11891,39.3700787401575);
#7220=VECTOR('',#11894,39.3700787401575);
#7221=VECTOR('',#11895,39.3700787401575);
#7222=VECTOR('',#11896,39.3700787401575);
#7223=VECTOR('',#11897,39.3700787401575);
#7224=VECTOR('',#11898,39.3700787401575);
#7225=VECTOR('',#11899,39.3700787401575);
#7226=VECTOR('',#11900,39.3700787401575);
#7227=VECTOR('',#11901,39.3700787401575);
#7228=VECTOR('',#11902,39.3700787401575);
#7229=VECTOR('',#11903,39.3700787401575);
#7230=VECTOR('',#11904,39.3700787401575);
#7231=VECTOR('',#11905,39.3700787401575);
#7232=VECTOR('',#11906,39.3700787401575);
#7233=VECTOR('',#11907,39.3700787401575);
#7234=VECTOR('',#11908,39.3700787401575);
#7235=VECTOR('',#11909,39.3700787401575);
#7236=VECTOR('',#11910,39.3700787401575);
#7237=VECTOR('',#11911,39.3700787401575);
#7238=VECTOR('',#11912,39.3700787401575);
#7239=VECTOR('',#11913,39.3700787401575);
#7240=VECTOR('',#11914,39.3700787401575);
#7241=VECTOR('',#11915,39.3700787401575);
#7242=VECTOR('',#11916,39.3700787401575);
#7243=VECTOR('',#11917,39.3700787401575);
#7244=VECTOR('',#11918,39.3700787401575);
#7245=VECTOR('',#11919,39.3700787401575);
#7246=VECTOR('',#11920,39.3700787401575);
#7247=VECTOR('',#11921,39.3700787401575);
#7248=VECTOR('',#11922,39.3700787401575);
#7249=VECTOR('',#11923,39.3700787401575);
#7250=VECTOR('',#11924,39.3700787401575);
#7251=VECTOR('',#11925,39.3700787401575);
#7252=VECTOR('',#11926,39.3700787401575);
#7253=VECTOR('',#11929,39.3700787401575);
#7254=VECTOR('',#11930,39.3700787401575);
#7255=VECTOR('',#11931,39.3700787401575);
#7256=VECTOR('',#11934,39.3700787401575);
#7257=VECTOR('',#11935,39.3700787401575);
#7258=VECTOR('',#11936,39.3700787401575);
#7259=VECTOR('',#11939,39.3700787401575);
#7260=VECTOR('',#11940,39.3700787401575);
#7261=VECTOR('',#11941,39.3700787401575);
#7262=VECTOR('',#11944,39.3700787401575);
#7263=VECTOR('',#11945,39.3700787401575);
#7264=VECTOR('',#11946,39.3700787401575);
#7265=VECTOR('',#11949,39.3700787401575);
#7266=VECTOR('',#11950,39.3700787401575);
#7267=VECTOR('',#11951,39.3700787401575);
#7268=VECTOR('',#11954,39.3700787401575);
#7269=VECTOR('',#11955,39.3700787401575);
#7270=VECTOR('',#11956,39.3700787401575);
#7271=VECTOR('',#11959,39.3700787401575);
#7272=VECTOR('',#11960,39.3700787401575);
#7273=VECTOR('',#11961,39.3700787401575);
#7274=VECTOR('',#11964,39.3700787401575);
#7275=VECTOR('',#11965,39.3700787401575);
#7276=VECTOR('',#11966,39.3700787401575);
#7277=VECTOR('',#11969,39.3700787401575);
#7278=VECTOR('',#11970,39.3700787401575);
#7279=VECTOR('',#11971,39.3700787401575);
#7280=VECTOR('',#11974,39.3700787401575);
#7281=VECTOR('',#11975,39.3700787401575);
#7282=VECTOR('',#11976,39.3700787401575);
#7283=VECTOR('',#11979,39.3700787401575);
#7284=VECTOR('',#11980,39.3700787401575);
#7285=VECTOR('',#11981,39.3700787401575);
#7286=VECTOR('',#11984,39.3700787401575);
#7287=VECTOR('',#11985,39.3700787401575);
#7288=VECTOR('',#11986,39.3700787401575);
#7289=VECTOR('',#11989,39.3700787401575);
#7290=VECTOR('',#11990,39.3700787401575);
#7291=VECTOR('',#11991,39.3700787401575);
#7292=VECTOR('',#11994,39.3700787401575);
#7293=VECTOR('',#11995,39.3700787401575);
#7294=VECTOR('',#11996,39.3700787401575);
#7295=VECTOR('',#11999,39.3700787401575);
#7296=VECTOR('',#12000,39.3700787401575);
#7297=VECTOR('',#12001,39.3700787401575);
#7298=VECTOR('',#12004,39.3700787401575);
#7299=VECTOR('',#12005,39.3700787401575);
#7300=VECTOR('',#12006,39.3700787401575);
#7301=VECTOR('',#12009,39.3700787401575);
#7302=VECTOR('',#12010,39.3700787401575);
#7303=VECTOR('',#12011,39.3700787401575);
#7304=VECTOR('',#12014,39.3700787401575);
#7305=VECTOR('',#12015,39.3700787401575);
#7306=VECTOR('',#12016,39.3700787401575);
#7307=VECTOR('',#12019,39.3700787401575);
#7308=VECTOR('',#12020,39.3700787401575);
#7309=VECTOR('',#12021,39.3700787401575);
#7310=VECTOR('',#12024,39.3700787401575);
#7311=VECTOR('',#12025,39.3700787401575);
#7312=VECTOR('',#12026,39.3700787401575);
#7313=VECTOR('',#12029,39.3700787401575);
#7314=VECTOR('',#12030,39.3700787401575);
#7315=VECTOR('',#12031,39.3700787401575);
#7316=VECTOR('',#12034,39.3700787401575);
#7317=VECTOR('',#12035,39.3700787401575);
#7318=VECTOR('',#12036,39.3700787401575);
#7319=VECTOR('',#12039,39.3700787401575);
#7320=VECTOR('',#12040,39.3700787401575);
#7321=VECTOR('',#12043,39.3700787401575);
#7322=VECTOR('',#12044,39.3700787401575);
#7323=VECTOR('',#12047,39.3700787401575);
#7324=VECTOR('',#12048,39.3700787401575);
#7325=VECTOR('',#12049,39.3700787401575);
#7326=VECTOR('',#12050,39.3700787401575);
#7327=VECTOR('',#12053,39.3700787401575);
#7328=VECTOR('',#12054,39.3700787401575);
#7329=VECTOR('',#12055,39.3700787401575);
#7330=VECTOR('',#12058,39.3700787401575);
#7331=VECTOR('',#12059,39.3700787401575);
#7332=VECTOR('',#12060,39.3700787401575);
#7333=VECTOR('',#12063,39.3700787401575);
#7334=VECTOR('',#12064,39.3700787401575);
#7335=VECTOR('',#12065,39.3700787401575);
#7336=VECTOR('',#12066,39.3700787401575);
#7337=VECTOR('',#12069,39.3700787401575);
#7338=VECTOR('',#12070,39.3700787401575);
#7339=VECTOR('',#12071,39.3700787401575);
#7340=VECTOR('',#12074,39.3700787401575);
#7341=VECTOR('',#12075,39.3700787401575);
#7342=VECTOR('',#12076,39.3700787401575);
#7343=VECTOR('',#12079,39.3700787401575);
#7344=VECTOR('',#12080,39.3700787401575);
#7345=VECTOR('',#12081,39.3700787401575);
#7346=VECTOR('',#12082,39.3700787401575);
#7347=VECTOR('',#12085,39.3700787401575);
#7348=VECTOR('',#12086,39.3700787401575);
#7349=VECTOR('',#12087,39.3700787401575);
#7350=VECTOR('',#12090,39.3700787401575);
#7351=VECTOR('',#12091,39.3700787401575);
#7352=VECTOR('',#12092,39.3700787401575);
#7353=VECTOR('',#12095,39.3700787401575);
#7354=VECTOR('',#12096,39.3700787401575);
#7355=VECTOR('',#12097,39.3700787401575);
#7356=VECTOR('',#12098,39.3700787401575);
#7357=VECTOR('',#12101,39.3700787401575);
#7358=VECTOR('',#12102,39.3700787401575);
#7359=VECTOR('',#12103,39.3700787401575);
#7360=VECTOR('',#12106,39.3700787401575);
#7361=VECTOR('',#12107,39.3700787401575);
#7362=VECTOR('',#12108,39.3700787401575);
#7363=VECTOR('',#12111,39.3700787401575);
#7364=VECTOR('',#12112,39.3700787401575);
#7365=VECTOR('',#12113,39.3700787401575);
#7366=VECTOR('',#12114,39.3700787401575);
#7367=VECTOR('',#12117,39.3700787401575);
#7368=VECTOR('',#12118,39.3700787401575);
#7369=VECTOR('',#12119,39.3700787401575);
#7370=VECTOR('',#12122,39.3700787401575);
#7371=VECTOR('',#12123,39.3700787401575);
#7372=VECTOR('',#12124,39.3700787401575);
#7373=VECTOR('',#12127,39.3700787401575);
#7374=VECTOR('',#12128,39.3700787401575);
#7375=VECTOR('',#12129,39.3700787401575);
#7376=VECTOR('',#12130,39.3700787401575);
#7377=VECTOR('',#12133,39.3700787401575);
#7378=VECTOR('',#12134,39.3700787401575);
#7379=VECTOR('',#12135,39.3700787401575);
#7380=VECTOR('',#12138,39.3700787401575);
#7381=VECTOR('',#12139,39.3700787401575);
#7382=VECTOR('',#12140,39.3700787401575);
#7383=VECTOR('',#12143,39.3700787401575);
#7384=VECTOR('',#12144,39.3700787401575);
#7385=VECTOR('',#12145,39.3700787401575);
#7386=VECTOR('',#12146,39.3700787401575);
#7387=VECTOR('',#12149,39.3700787401575);
#7388=VECTOR('',#12150,39.3700787401575);
#7389=VECTOR('',#12151,39.3700787401575);
#7390=VECTOR('',#12154,39.3700787401575);
#7391=VECTOR('',#12155,39.3700787401575);
#7392=VECTOR('',#12156,39.3700787401575);
#7393=VECTOR('',#12159,39.3700787401575);
#7394=VECTOR('',#12160,39.3700787401575);
#7395=VECTOR('',#12161,39.3700787401575);
#7396=VECTOR('',#12162,39.3700787401575);
#7397=VECTOR('',#12165,39.3700787401575);
#7398=VECTOR('',#12166,39.3700787401575);
#7399=VECTOR('',#12167,39.3700787401575);
#7400=VECTOR('',#12170,39.3700787401575);
#7401=VECTOR('',#12171,39.3700787401575);
#7402=VECTOR('',#12172,39.3700787401575);
#7403=VECTOR('',#12175,39.3700787401575);
#7404=VECTOR('',#12176,39.3700787401575);
#7405=VECTOR('',#12177,39.3700787401575);
#7406=VECTOR('',#12178,39.3700787401575);
#7407=VECTOR('',#12181,39.3700787401575);
#7408=VECTOR('',#12182,39.3700787401575);
#7409=VECTOR('',#12183,39.3700787401575);
#7410=VECTOR('',#12186,39.3700787401575);
#7411=VECTOR('',#12187,39.3700787401575);
#7412=VECTOR('',#12188,39.3700787401575);
#7413=VECTOR('',#12191,39.3700787401575);
#7414=VECTOR('',#12192,39.3700787401575);
#7415=VECTOR('',#12193,39.3700787401575);
#7416=VECTOR('',#12194,39.3700787401575);
#7417=VECTOR('',#12197,39.3700787401575);
#7418=VECTOR('',#12198,39.3700787401575);
#7419=VECTOR('',#12199,39.3700787401575);
#7420=VECTOR('',#12202,39.3700787401575);
#7421=VECTOR('',#12203,39.3700787401575);
#7422=VECTOR('',#12204,39.3700787401575);
#7423=VECTOR('',#12207,39.3700787401575);
#7424=VECTOR('',#12208,39.3700787401575);
#7425=VECTOR('',#12209,39.3700787401575);
#7426=VECTOR('',#12210,39.3700787401575);
#7427=VECTOR('',#12213,39.3700787401575);
#7428=VECTOR('',#12214,39.3700787401575);
#7429=VECTOR('',#12215,39.3700787401575);
#7430=VECTOR('',#12218,39.3700787401575);
#7431=VECTOR('',#12219,39.3700787401575);
#7432=VECTOR('',#12220,39.3700787401575);
#7433=VECTOR('',#12223,39.3700787401575);
#7434=VECTOR('',#12224,39.3700787401575);
#7435=VECTOR('',#12225,39.3700787401575);
#7436=VECTOR('',#12226,39.3700787401575);
#7437=VECTOR('',#12229,39.3700787401575);
#7438=VECTOR('',#12230,39.3700787401575);
#7439=VECTOR('',#12231,39.3700787401575);
#7440=VECTOR('',#12234,39.3700787401575);
#7441=VECTOR('',#12235,39.3700787401575);
#7442=VECTOR('',#12236,39.3700787401575);
#7443=VECTOR('',#12239,39.3700787401575);
#7444=VECTOR('',#12240,39.3700787401575);
#7445=VECTOR('',#12241,39.3700787401575);
#7446=VECTOR('',#12242,39.3700787401575);
#7447=VECTOR('',#12245,39.3700787401575);
#7448=VECTOR('',#12246,39.3700787401575);
#7449=VECTOR('',#12247,39.3700787401575);
#7450=VECTOR('',#12250,39.3700787401575);
#7451=VECTOR('',#12251,39.3700787401575);
#7452=VECTOR('',#12252,39.3700787401575);
#7453=VECTOR('',#12255,39.3700787401575);
#7454=VECTOR('',#12256,39.3700787401575);
#7455=VECTOR('',#12257,39.3700787401575);
#7456=VECTOR('',#12258,39.3700787401575);
#7457=VECTOR('',#12261,39.3700787401575);
#7458=VECTOR('',#12262,39.3700787401575);
#7459=VECTOR('',#12263,39.3700787401575);
#7460=VECTOR('',#12266,39.3700787401575);
#7461=VECTOR('',#12267,39.3700787401575);
#7462=VECTOR('',#12268,39.3700787401575);
#7463=VECTOR('',#12271,39.3700787401575);
#7464=VECTOR('',#12272,39.3700787401575);
#7465=VECTOR('',#12273,39.3700787401575);
#7466=VECTOR('',#12274,39.3700787401575);
#7467=VECTOR('',#12277,39.3700787401575);
#7468=VECTOR('',#12278,39.3700787401575);
#7469=VECTOR('',#12279,39.3700787401575);
#7470=VECTOR('',#12282,39.3700787401575);
#7471=VECTOR('',#12283,39.3700787401575);
#7472=VECTOR('',#12284,39.3700787401575);
#7473=VECTOR('',#12287,39.3700787401575);
#7474=VECTOR('',#12288,39.3700787401575);
#7475=VECTOR('',#12289,39.3700787401575);
#7476=VECTOR('',#12290,39.3700787401575);
#7477=VECTOR('',#12293,39.3700787401575);
#7478=VECTOR('',#12294,39.3700787401575);
#7479=VECTOR('',#12295,39.3700787401575);
#7480=VECTOR('',#12298,39.3700787401575);
#7481=VECTOR('',#12299,39.3700787401575);
#7482=VECTOR('',#12300,39.3700787401575);
#7483=VECTOR('',#12303,39.3700787401575);
#7484=VECTOR('',#12304,39.3700787401575);
#7485=VECTOR('',#12305,39.3700787401575);
#7486=VECTOR('',#12306,39.3700787401575);
#7487=VECTOR('',#12309,39.3700787401575);
#7488=VECTOR('',#12310,39.3700787401575);
#7489=VECTOR('',#12311,39.3700787401575);
#7490=VECTOR('',#12314,39.3700787401575);
#7491=VECTOR('',#12315,39.3700787401575);
#7492=VECTOR('',#12316,39.3700787401575);
#7493=VECTOR('',#12319,39.3700787401575);
#7494=VECTOR('',#12320,39.3700787401575);
#7495=VECTOR('',#12321,39.3700787401575);
#7496=VECTOR('',#12322,39.3700787401575);
#7497=VECTOR('',#12325,39.3700787401575);
#7498=VECTOR('',#12326,39.3700787401575);
#7499=VECTOR('',#12327,39.3700787401575);
#7500=VECTOR('',#12330,39.3700787401575);
#7501=VECTOR('',#12331,39.3700787401575);
#7502=VECTOR('',#12332,39.3700787401575);
#7503=VECTOR('',#12335,39.3700787401575);
#7504=VECTOR('',#12336,39.3700787401575);
#7505=VECTOR('',#12337,39.3700787401575);
#7506=VECTOR('',#12338,39.3700787401575);
#7507=VECTOR('',#12341,39.3700787401575);
#7508=VECTOR('',#12342,39.3700787401575);
#7509=VECTOR('',#12343,39.3700787401575);
#7510=VECTOR('',#12346,39.3700787401575);
#7511=VECTOR('',#12347,39.3700787401575);
#7512=VECTOR('',#12348,39.3700787401575);
#7513=VECTOR('',#12351,39.3700787401575);
#7514=VECTOR('',#12352,39.3700787401575);
#7515=VECTOR('',#12353,39.3700787401575);
#7516=VECTOR('',#12354,39.3700787401575);
#7517=VECTOR('',#12357,39.3700787401575);
#7518=VECTOR('',#12358,39.3700787401575);
#7519=VECTOR('',#12359,39.3700787401575);
#7520=VECTOR('',#12362,39.3700787401575);
#7521=VECTOR('',#12363,39.3700787401575);
#7522=VECTOR('',#12364,39.3700787401575);
#7523=VECTOR('',#12367,39.3700787401575);
#7524=VECTOR('',#12368,39.3700787401575);
#7525=VECTOR('',#12371,39.3700787401575);
#7526=VECTOR('',#12372,39.3700787401575);
#7527=VECTOR('',#12375,39.3700787401575);
#7528=VECTOR('',#12376,39.3700787401575);
#7529=VECTOR('',#12379,39.3700787401575);
#7530=VECTOR('',#12380,39.3700787401575);
#7531=VECTOR('',#12383,39.3700787401575);
#7532=VECTOR('',#12384,39.3700787401575);
#7533=VECTOR('',#12387,39.3700787401575);
#7534=VECTOR('',#12388,39.3700787401575);
#7535=VECTOR('',#12391,39.3700787401575);
#7536=VECTOR('',#12392,39.3700787401575);
#7537=VECTOR('',#12395,39.3700787401575);
#7538=VECTOR('',#12396,39.3700787401575);
#7539=VECTOR('',#12399,39.3700787401575);
#7540=VECTOR('',#12400,39.3700787401575);
#7541=VECTOR('',#12403,39.3700787401575);
#7542=VECTOR('',#12404,39.3700787401575);
#7543=VECTOR('',#12407,39.3700787401575);
#7544=VECTOR('',#12408,39.3700787401575);
#7545=VECTOR('',#12411,39.3700787401575);
#7546=VECTOR('',#12412,39.3700787401575);
#7547=VECTOR('',#12415,39.3700787401575);
#7548=VECTOR('',#12416,39.3700787401575);
#7549=VECTOR('',#12419,39.3700787401575);
#7550=VECTOR('',#12420,39.3700787401575);
#7551=VECTOR('',#12423,39.3700787401575);
#7552=VECTOR('',#12424,39.3700787401575);
#7553=VECTOR('',#12427,39.3700787401575);
#7554=VECTOR('',#12428,39.3700787401575);
#7555=VECTOR('',#12431,39.3700787401575);
#7556=VECTOR('',#12432,39.3700787401575);
#7557=VECTOR('',#12435,39.3700787401575);
#7558=VECTOR('',#12436,39.3700787401575);
#7559=VECTOR('',#12439,39.3700787401575);
#7560=VECTOR('',#12440,39.3700787401575);
#7561=VECTOR('',#12443,39.3700787401575);
#7562=VECTOR('',#12444,39.3700787401575);
#7563=VECTOR('',#12489,39.3700787401575);
#7564=VECTOR('',#12490,39.3700787401575);
#7565=VECTOR('',#12491,39.3700787401575);
#7566=VECTOR('',#12492,39.3700787401575);
#7567=VECTOR('',#12493,39.3700787401575);
#7568=VECTOR('',#12494,39.3700787401575);
#7569=VECTOR('',#12495,39.3700787401575);
#7570=VECTOR('',#12496,39.3700787401575);
#7571=VECTOR('',#12497,39.3700787401575);
#7572=VECTOR('',#12498,39.3700787401575);
#7573=VECTOR('',#12499,39.3700787401575);
#7574=VECTOR('',#12500,39.3700787401575);
#7575=VECTOR('',#12501,39.3700787401575);
#7576=VECTOR('',#12502,39.3700787401575);
#7577=VECTOR('',#12503,39.3700787401575);
#7578=VECTOR('',#12504,39.3700787401575);
#7579=VECTOR('',#12505,39.3700787401575);
#7580=VECTOR('',#12506,39.3700787401575);
#7581=VECTOR('',#12507,39.3700787401575);
#7582=VECTOR('',#12508,39.3700787401575);
#7583=VECTOR('',#12509,39.3700787401575);
#7584=VECTOR('',#12510,39.3700787401575);
#7585=VECTOR('',#12511,39.3700787401575);
#7586=VECTOR('',#12512,39.3700787401575);
#7587=VECTOR('',#12513,39.3700787401575);
#7588=VECTOR('',#12514,39.3700787401575);
#7589=VECTOR('',#12515,39.3700787401575);
#7590=VECTOR('',#12516,39.3700787401575);
#7591=VECTOR('',#12517,39.3700787401575);
#7592=VECTOR('',#12518,39.3700787401575);
#7593=VECTOR('',#12519,39.3700787401575);
#7594=VECTOR('',#12520,39.3700787401575);
#7595=VECTOR('',#12521,39.3700787401575);
#7596=VECTOR('',#12522,39.3700787401575);
#7597=VECTOR('',#12523,39.3700787401575);
#7598=VECTOR('',#12524,39.3700787401575);
#7599=VECTOR('',#12525,39.3700787401575);
#7600=VECTOR('',#12526,39.3700787401575);
#7601=VECTOR('',#12527,39.3700787401575);
#7602=VECTOR('',#12528,39.3700787401575);
#7603=VECTOR('',#12613,39.3700787401575);
#7604=VECTOR('',#12614,39.3700787401575);
#7605=VECTOR('',#12615,39.3700787401575);
#7606=VECTOR('',#12618,39.3700787401575);
#7607=VECTOR('',#12619,39.3700787401575);
#7608=VECTOR('',#12620,39.3700787401575);
#7609=VECTOR('',#12621,39.3700787401575);
#7610=VECTOR('',#12622,39.3700787401575);
#7611=VECTOR('',#12623,39.3700787401575);
#7612=VECTOR('',#12626,39.3700787401575);
#7613=VECTOR('',#12627,39.3700787401575);
#7614=VECTOR('',#12628,39.3700787401575);
#7615=VECTOR('',#12631,39.3700787401575);
#7616=VECTOR('',#12632,39.3700787401575);
#7617=VECTOR('',#12633,39.3700787401575);
#7618=VECTOR('',#12634,39.3700787401575);
#7619=VECTOR('',#12635,39.3700787401575);
#7620=VECTOR('',#12636,39.3700787401575);
#7621=VECTOR('',#12639,39.3700787401575);
#7622=VECTOR('',#12640,39.3700787401575);
#7623=VECTOR('',#12643,39.3700787401575);
#7624=VECTOR('',#12644,39.3700787401575);
#7625=VECTOR('',#12645,39.3700787401575);
#7626=VECTOR('',#12648,39.3700787401575);
#7627=VECTOR('',#12649,39.3700787401575);
#7628=VECTOR('',#12650,39.3700787401575);
#7629=VECTOR('',#12651,39.3700787401575);
#7630=VECTOR('',#12652,39.3700787401575);
#7631=VECTOR('',#12653,39.3700787401575);
#7632=VECTOR('',#12656,39.3700787401575);
#7633=VECTOR('',#12657,39.3700787401575);
#7634=VECTOR('',#12658,39.3700787401575);
#7635=VECTOR('',#12661,39.3700787401575);
#7636=VECTOR('',#12662,39.3700787401575);
#7637=VECTOR('',#12663,39.3700787401575);
#7638=VECTOR('',#12664,39.3700787401575);
#7639=VECTOR('',#12665,39.3700787401575);
#7640=VECTOR('',#12666,39.3700787401575);
#7641=VECTOR('',#12669,39.3700787401575);
#7642=VECTOR('',#12670,39.3700787401575);
#7643=VECTOR('',#12673,39.3700787401575);
#7644=VECTOR('',#12674,39.3700787401575);
#7645=VECTOR('',#12675,39.3700787401575);
#7646=VECTOR('',#12678,39.3700787401575);
#7647=VECTOR('',#12679,39.3700787401575);
#7648=VECTOR('',#12680,39.3700787401575);
#7649=VECTOR('',#12681,39.3700787401575);
#7650=VECTOR('',#12682,39.3700787401575);
#7651=VECTOR('',#12683,39.3700787401575);
#7652=VECTOR('',#12686,39.3700787401575);
#7653=VECTOR('',#12687,39.3700787401575);
#7654=VECTOR('',#12688,39.3700787401575);
#7655=VECTOR('',#12691,39.3700787401575);
#7656=VECTOR('',#12692,39.3700787401575);
#7657=VECTOR('',#12693,39.3700787401575);
#7658=VECTOR('',#12694,39.3700787401575);
#7659=VECTOR('',#12695,39.3700787401575);
#7660=VECTOR('',#12696,39.3700787401575);
#7661=VECTOR('',#12699,39.3700787401575);
#7662=VECTOR('',#12700,39.3700787401575);
#7663=VECTOR('',#12703,39.3700787401575);
#7664=VECTOR('',#12704,39.3700787401575);
#7665=VECTOR('',#12705,39.3700787401575);
#7666=VECTOR('',#12708,39.3700787401575);
#7667=VECTOR('',#12709,39.3700787401575);
#7668=VECTOR('',#12710,39.3700787401575);
#7669=VECTOR('',#12711,39.3700787401575);
#7670=VECTOR('',#12712,39.3700787401575);
#7671=VECTOR('',#12713,39.3700787401575);
#7672=VECTOR('',#12716,39.3700787401575);
#7673=VECTOR('',#12717,39.3700787401575);
#7674=VECTOR('',#12718,39.3700787401575);
#7675=VECTOR('',#12721,39.3700787401575);
#7676=VECTOR('',#12722,39.3700787401575);
#7677=VECTOR('',#12723,39.3700787401575);
#7678=VECTOR('',#12724,39.3700787401575);
#7679=VECTOR('',#12725,39.3700787401575);
#7680=VECTOR('',#12726,39.3700787401575);
#7681=VECTOR('',#12729,39.3700787401575);
#7682=VECTOR('',#12730,39.3700787401575);
#7683=VECTOR('',#12733,39.3700787401575);
#7684=VECTOR('',#12734,39.3700787401575);
#7685=VECTOR('',#12735,39.3700787401575);
#7686=VECTOR('',#12738,39.3700787401575);
#7687=VECTOR('',#12739,39.3700787401575);
#7688=VECTOR('',#12740,39.3700787401575);
#7689=VECTOR('',#12741,39.3700787401575);
#7690=VECTOR('',#12742,39.3700787401575);
#7691=VECTOR('',#12743,39.3700787401575);
#7692=VECTOR('',#12746,39.3700787401575);
#7693=VECTOR('',#12747,39.3700787401575);
#7694=VECTOR('',#12748,39.3700787401575);
#7695=VECTOR('',#12751,39.3700787401575);
#7696=VECTOR('',#12752,39.3700787401575);
#7697=VECTOR('',#12753,39.3700787401575);
#7698=VECTOR('',#12754,39.3700787401575);
#7699=VECTOR('',#12755,39.3700787401575);
#7700=VECTOR('',#12756,39.3700787401575);
#7701=VECTOR('',#12759,39.3700787401575);
#7702=VECTOR('',#12760,39.3700787401575);
#7703=VECTOR('',#12763,39.3700787401575);
#7704=VECTOR('',#12764,39.3700787401575);
#7705=VECTOR('',#12765,39.3700787401575);
#7706=VECTOR('',#12768,39.3700787401575);
#7707=VECTOR('',#12769,39.3700787401575);
#7708=VECTOR('',#12770,39.3700787401575);
#7709=VECTOR('',#12771,39.3700787401575);
#7710=VECTOR('',#12772,39.3700787401575);
#7711=VECTOR('',#12773,39.3700787401575);
#7712=VECTOR('',#12776,39.3700787401575);
#7713=VECTOR('',#12777,39.3700787401575);
#7714=VECTOR('',#12778,39.3700787401575);
#7715=VECTOR('',#12781,39.3700787401575);
#7716=VECTOR('',#12782,39.3700787401575);
#7717=VECTOR('',#12783,39.3700787401575);
#7718=VECTOR('',#12784,39.3700787401575);
#7719=VECTOR('',#12785,39.3700787401575);
#7720=VECTOR('',#12786,39.3700787401575);
#7721=VECTOR('',#12789,39.3700787401575);
#7722=VECTOR('',#12790,39.3700787401575);
#7723=VECTOR('',#12793,39.3700787401575);
#7724=VECTOR('',#12794,39.3700787401575);
#7725=VECTOR('',#12795,39.3700787401575);
#7726=VECTOR('',#12798,39.3700787401575);
#7727=VECTOR('',#12799,39.3700787401575);
#7728=VECTOR('',#12800,39.3700787401575);
#7729=VECTOR('',#12801,39.3700787401575);
#7730=VECTOR('',#12802,39.3700787401575);
#7731=VECTOR('',#12803,39.3700787401575);
#7732=VECTOR('',#12806,39.3700787401575);
#7733=VECTOR('',#12807,39.3700787401575);
#7734=VECTOR('',#12808,39.3700787401575);
#7735=VECTOR('',#12811,39.3700787401575);
#7736=VECTOR('',#12812,39.3700787401575);
#7737=VECTOR('',#12813,39.3700787401575);
#7738=VECTOR('',#12814,39.3700787401575);
#7739=VECTOR('',#12815,39.3700787401575);
#7740=VECTOR('',#12816,39.3700787401575);
#7741=VECTOR('',#12819,39.3700787401575);
#7742=VECTOR('',#12820,39.3700787401575);
#7743=VECTOR('',#12823,39.3700787401575);
#7744=VECTOR('',#12824,39.3700787401575);
#7745=VECTOR('',#12825,39.3700787401575);
#7746=VECTOR('',#12828,39.3700787401575);
#7747=VECTOR('',#12829,39.3700787401575);
#7748=VECTOR('',#12830,39.3700787401575);
#7749=VECTOR('',#12831,39.3700787401575);
#7750=VECTOR('',#12832,39.3700787401575);
#7751=VECTOR('',#12833,39.3700787401575);
#7752=VECTOR('',#12836,39.3700787401575);
#7753=VECTOR('',#12837,39.3700787401575);
#7754=VECTOR('',#12838,39.3700787401575);
#7755=VECTOR('',#12841,39.3700787401575);
#7756=VECTOR('',#12842,39.3700787401575);
#7757=VECTOR('',#12843,39.3700787401575);
#7758=VECTOR('',#12844,39.3700787401575);
#7759=VECTOR('',#12845,39.3700787401575);
#7760=VECTOR('',#12846,39.3700787401575);
#7761=VECTOR('',#12849,39.3700787401575);
#7762=VECTOR('',#12850,39.3700787401575);
#7763=VECTOR('',#12853,39.3700787401575);
#7764=VECTOR('',#12854,39.3700787401575);
#7765=VECTOR('',#12855,39.3700787401575);
#7766=VECTOR('',#12858,39.3700787401575);
#7767=VECTOR('',#12859,39.3700787401575);
#7768=VECTOR('',#12860,39.3700787401575);
#7769=VECTOR('',#12861,39.3700787401575);
#7770=VECTOR('',#12862,39.3700787401575);
#7771=VECTOR('',#12863,39.3700787401575);
#7772=VECTOR('',#12866,39.3700787401575);
#7773=VECTOR('',#12867,39.3700787401575);
#7774=VECTOR('',#12868,39.3700787401575);
#7775=VECTOR('',#12871,39.3700787401575);
#7776=VECTOR('',#12872,39.3700787401575);
#7777=VECTOR('',#12873,39.3700787401575);
#7778=VECTOR('',#12874,39.3700787401575);
#7779=VECTOR('',#12875,39.3700787401575);
#7780=VECTOR('',#12876,39.3700787401575);
#7781=VECTOR('',#12879,39.3700787401575);
#7782=VECTOR('',#12880,39.3700787401575);
#7783=VECTOR('',#12883,39.3700787401575);
#7784=VECTOR('',#12884,39.3700787401575);
#7785=VECTOR('',#12885,39.3700787401575);
#7786=VECTOR('',#12888,39.3700787401575);
#7787=VECTOR('',#12889,39.3700787401575);
#7788=VECTOR('',#12890,39.3700787401575);
#7789=VECTOR('',#12891,39.3700787401575);
#7790=VECTOR('',#12892,39.3700787401575);
#7791=VECTOR('',#12893,39.3700787401575);
#7792=VECTOR('',#12896,39.3700787401575);
#7793=VECTOR('',#12897,39.3700787401575);
#7794=VECTOR('',#12898,39.3700787401575);
#7795=VECTOR('',#12901,39.3700787401575);
#7796=VECTOR('',#12902,39.3700787401575);
#7797=VECTOR('',#12903,39.3700787401575);
#7798=VECTOR('',#12904,39.3700787401575);
#7799=VECTOR('',#12905,39.3700787401575);
#7800=VECTOR('',#12906,39.3700787401575);
#7801=VECTOR('',#12909,39.3700787401575);
#7802=VECTOR('',#12910,39.3700787401575);
#7803=VECTOR('',#12913,39.3700787401575);
#7804=VECTOR('',#12914,39.3700787401575);
#7805=VECTOR('',#12915,39.3700787401575);
#7806=VECTOR('',#12918,39.3700787401575);
#7807=VECTOR('',#12919,39.3700787401575);
#7808=VECTOR('',#12920,39.3700787401575);
#7809=VECTOR('',#12921,39.3700787401575);
#7810=VECTOR('',#12922,39.3700787401575);
#7811=VECTOR('',#12923,39.3700787401575);
#7812=VECTOR('',#12926,39.3700787401575);
#7813=VECTOR('',#12927,39.3700787401575);
#7814=VECTOR('',#12928,39.3700787401575);
#7815=VECTOR('',#12931,39.3700787401575);
#7816=VECTOR('',#12932,39.3700787401575);
#7817=VECTOR('',#12933,39.3700787401575);
#7818=VECTOR('',#12934,39.3700787401575);
#7819=VECTOR('',#12935,39.3700787401575);
#7820=VECTOR('',#12936,39.3700787401575);
#7821=VECTOR('',#12939,39.3700787401575);
#7822=VECTOR('',#12940,39.3700787401575);
#7823=VECTOR('',#12943,39.3700787401575);
#7824=VECTOR('',#12944,39.3700787401575);
#7825=VECTOR('',#12945,39.3700787401575);
#7826=VECTOR('',#12948,39.3700787401575);
#7827=VECTOR('',#12949,39.3700787401575);
#7828=VECTOR('',#12950,39.3700787401575);
#7829=VECTOR('',#12951,39.3700787401575);
#7830=VECTOR('',#12952,39.3700787401575);
#7831=VECTOR('',#12953,39.3700787401575);
#7832=VECTOR('',#12956,39.3700787401575);
#7833=VECTOR('',#12957,39.3700787401575);
#7834=VECTOR('',#12958,39.3700787401575);
#7835=VECTOR('',#12961,39.3700787401575);
#7836=VECTOR('',#12962,39.3700787401575);
#7837=VECTOR('',#12963,39.3700787401575);
#7838=VECTOR('',#12964,39.3700787401575);
#7839=VECTOR('',#12965,39.3700787401575);
#7840=VECTOR('',#12966,39.3700787401575);
#7841=VECTOR('',#12969,39.3700787401575);
#7842=VECTOR('',#12970,39.3700787401575);
#7843=VECTOR('',#12973,39.3700787401575);
#7844=VECTOR('',#12974,39.3700787401575);
#7845=VECTOR('',#12975,39.3700787401575);
#7846=VECTOR('',#12978,39.3700787401575);
#7847=VECTOR('',#12979,39.3700787401575);
#7848=VECTOR('',#12980,39.3700787401575);
#7849=VECTOR('',#12981,39.3700787401575);
#7850=VECTOR('',#12982,39.3700787401575);
#7851=VECTOR('',#12983,39.3700787401575);
#7852=VECTOR('',#12986,39.3700787401575);
#7853=VECTOR('',#12987,39.3700787401575);
#7854=VECTOR('',#12988,39.3700787401575);
#7855=VECTOR('',#12991,39.3700787401575);
#7856=VECTOR('',#12992,39.3700787401575);
#7857=VECTOR('',#12993,39.3700787401575);
#7858=VECTOR('',#12994,39.3700787401575);
#7859=VECTOR('',#12995,39.3700787401575);
#7860=VECTOR('',#12996,39.3700787401575);
#7861=VECTOR('',#12999,39.3700787401575);
#7862=VECTOR('',#13000,39.3700787401575);
#7863=VECTOR('',#13003,39.3700787401575);
#7864=VECTOR('',#13004,39.3700787401575);
#7865=VECTOR('',#13005,39.3700787401575);
#7866=VECTOR('',#13008,39.3700787401575);
#7867=VECTOR('',#13009,39.3700787401575);
#7868=VECTOR('',#13010,39.3700787401575);
#7869=VECTOR('',#13011,39.3700787401575);
#7870=VECTOR('',#13012,39.3700787401575);
#7871=VECTOR('',#13013,39.3700787401575);
#7872=VECTOR('',#13016,39.3700787401575);
#7873=VECTOR('',#13017,39.3700787401575);
#7874=VECTOR('',#13018,39.3700787401575);
#7875=VECTOR('',#13021,39.3700787401575);
#7876=VECTOR('',#13022,39.3700787401575);
#7877=VECTOR('',#13023,39.3700787401575);
#7878=VECTOR('',#13024,39.3700787401575);
#7879=VECTOR('',#13025,39.3700787401575);
#7880=VECTOR('',#13026,39.3700787401575);
#7881=VECTOR('',#13029,39.3700787401575);
#7882=VECTOR('',#13030,39.3700787401575);
#7883=VECTOR('',#13033,39.3700787401575);
#7884=VECTOR('',#13034,39.3700787401575);
#7885=VECTOR('',#13035,39.3700787401575);
#7886=VECTOR('',#13038,39.3700787401575);
#7887=VECTOR('',#13039,39.3700787401575);
#7888=VECTOR('',#13040,39.3700787401575);
#7889=VECTOR('',#13041,39.3700787401575);
#7890=VECTOR('',#13042,39.3700787401575);
#7891=VECTOR('',#13043,39.3700787401575);
#7892=VECTOR('',#13046,39.3700787401575);
#7893=VECTOR('',#13047,39.3700787401575);
#7894=VECTOR('',#13048,39.3700787401575);
#7895=VECTOR('',#13051,39.3700787401575);
#7896=VECTOR('',#13052,39.3700787401575);
#7897=VECTOR('',#13053,39.3700787401575);
#7898=VECTOR('',#13054,39.3700787401575);
#7899=VECTOR('',#13055,39.3700787401575);
#7900=VECTOR('',#13056,39.3700787401575);
#7901=VECTOR('',#13059,39.3700787401575);
#7902=VECTOR('',#13060,39.3700787401575);
#7903=VECTOR('',#13063,39.3700787401575);
#7904=VECTOR('',#13064,39.3700787401575);
#7905=VECTOR('',#13065,39.3700787401575);
#7906=VECTOR('',#13068,39.3700787401575);
#7907=VECTOR('',#13069,39.3700787401575);
#7908=VECTOR('',#13070,39.3700787401575);
#7909=VECTOR('',#13071,39.3700787401575);
#7910=VECTOR('',#13072,39.3700787401575);
#7911=VECTOR('',#13073,39.3700787401575);
#7912=VECTOR('',#13076,39.3700787401575);
#7913=VECTOR('',#13077,39.3700787401575);
#7914=VECTOR('',#13078,39.3700787401575);
#7915=VECTOR('',#13081,39.3700787401575);
#7916=VECTOR('',#13082,39.3700787401575);
#7917=VECTOR('',#13083,39.3700787401575);
#7918=VECTOR('',#13084,39.3700787401575);
#7919=VECTOR('',#13085,39.3700787401575);
#7920=VECTOR('',#13086,39.3700787401575);
#7921=VECTOR('',#13089,39.3700787401575);
#7922=VECTOR('',#13090,39.3700787401575);
#7923=VECTOR('',#13093,39.3700787401575);
#7924=VECTOR('',#13094,39.3700787401575);
#7925=VECTOR('',#13095,39.3700787401575);
#7926=VECTOR('',#13098,39.3700787401575);
#7927=VECTOR('',#13099,39.3700787401575);
#7928=VECTOR('',#13100,39.3700787401575);
#7929=VECTOR('',#13101,39.3700787401575);
#7930=VECTOR('',#13102,39.3700787401575);
#7931=VECTOR('',#13103,39.3700787401575);
#7932=VECTOR('',#13106,39.3700787401575);
#7933=VECTOR('',#13107,39.3700787401575);
#7934=VECTOR('',#13108,39.3700787401575);
#7935=VECTOR('',#13111,39.3700787401575);
#7936=VECTOR('',#13112,39.3700787401575);
#7937=VECTOR('',#13113,39.3700787401575);
#7938=VECTOR('',#13114,39.3700787401575);
#7939=VECTOR('',#13115,39.3700787401575);
#7940=VECTOR('',#13116,39.3700787401575);
#7941=VECTOR('',#13119,39.3700787401575);
#7942=VECTOR('',#13120,39.3700787401575);
#7943=VECTOR('',#13123,39.3700787401575);
#7944=VECTOR('',#13124,39.3700787401575);
#7945=VECTOR('',#13125,39.3700787401575);
#7946=VECTOR('',#13128,39.3700787401575);
#7947=VECTOR('',#13129,39.3700787401575);
#7948=VECTOR('',#13130,39.3700787401575);
#7949=VECTOR('',#13131,39.3700787401575);
#7950=VECTOR('',#13132,39.3700787401575);
#7951=VECTOR('',#13133,39.3700787401575);
#7952=VECTOR('',#13136,39.3700787401575);
#7953=VECTOR('',#13137,39.3700787401575);
#7954=VECTOR('',#13138,39.3700787401575);
#7955=VECTOR('',#13141,39.3700787401575);
#7956=VECTOR('',#13142,39.3700787401575);
#7957=VECTOR('',#13143,39.3700787401575);
#7958=VECTOR('',#13144,39.3700787401575);
#7959=VECTOR('',#13145,39.3700787401575);
#7960=VECTOR('',#13146,39.3700787401575);
#7961=VECTOR('',#13149,39.3700787401575);
#7962=VECTOR('',#13150,39.3700787401575);
#7963=VECTOR('',#13153,39.3700787401575);
#7964=VECTOR('',#13154,39.3700787401575);
#7965=VECTOR('',#13155,39.3700787401575);
#7966=VECTOR('',#13158,39.3700787401575);
#7967=VECTOR('',#13159,39.3700787401575);
#7968=VECTOR('',#13160,39.3700787401575);
#7969=VECTOR('',#13161,39.3700787401575);
#7970=VECTOR('',#13162,39.3700787401575);
#7971=VECTOR('',#13163,39.3700787401575);
#7972=VECTOR('',#13166,39.3700787401575);
#7973=VECTOR('',#13167,39.3700787401575);
#7974=VECTOR('',#13168,39.3700787401575);
#7975=VECTOR('',#13171,39.3700787401575);
#7976=VECTOR('',#13172,39.3700787401575);
#7977=VECTOR('',#13173,39.3700787401575);
#7978=VECTOR('',#13174,39.3700787401575);
#7979=VECTOR('',#13175,39.3700787401575);
#7980=VECTOR('',#13176,39.3700787401575);
#7981=VECTOR('',#13179,39.3700787401575);
#7982=VECTOR('',#13180,39.3700787401575);
#7983=VECTOR('',#13183,39.3700787401575);
#7984=VECTOR('',#13184,39.3700787401575);
#7985=VECTOR('',#13185,39.3700787401575);
#7986=VECTOR('',#13188,39.3700787401575);
#7987=VECTOR('',#13189,39.3700787401575);
#7988=VECTOR('',#13190,39.3700787401575);
#7989=VECTOR('',#13191,39.3700787401575);
#7990=VECTOR('',#13192,39.3700787401575);
#7991=VECTOR('',#13193,39.3700787401575);
#7992=VECTOR('',#13196,39.3700787401575);
#7993=VECTOR('',#13197,39.3700787401575);
#7994=VECTOR('',#13198,39.3700787401575);
#7995=VECTOR('',#13201,39.3700787401575);
#7996=VECTOR('',#13202,39.3700787401575);
#7997=VECTOR('',#13203,39.3700787401575);
#7998=VECTOR('',#13204,39.3700787401575);
#7999=VECTOR('',#13205,39.3700787401575);
#8000=VECTOR('',#13206,39.3700787401575);
#8001=VECTOR('',#13209,39.3700787401575);
#8002=VECTOR('',#13210,39.3700787401575);
#8003=VECTOR('',#13213,39.3700787401575);
#8004=VECTOR('',#13214,39.3700787401575);
#8005=VECTOR('',#13217,39.3700787401575);
#8006=VECTOR('',#13218,39.3700787401575);
#8007=VECTOR('',#13221,39.3700787401575);
#8008=VECTOR('',#13222,39.3700787401575);
#8009=VECTOR('',#13225,39.3700787401575);
#8010=VECTOR('',#13226,39.3700787401575);
#8011=VECTOR('',#13229,39.3700787401575);
#8012=VECTOR('',#13230,39.3700787401575);
#8013=VECTOR('',#13233,39.3700787401575);
#8014=VECTOR('',#13234,39.3700787401575);
#8015=VECTOR('',#13237,39.3700787401575);
#8016=VECTOR('',#13238,39.3700787401575);
#8017=VECTOR('',#13241,39.3700787401575);
#8018=VECTOR('',#13242,39.3700787401575);
#8019=VECTOR('',#13245,39.3700787401575);
#8020=VECTOR('',#13246,39.3700787401575);
#8021=VECTOR('',#13249,39.3700787401575);
#8022=VECTOR('',#13250,39.3700787401575);
#8023=VECTOR('',#13253,39.3700787401575);
#8024=VECTOR('',#13254,39.3700787401575);
#8025=VECTOR('',#13257,39.3700787401575);
#8026=VECTOR('',#13258,39.3700787401575);
#8027=VECTOR('',#13261,39.3700787401575);
#8028=VECTOR('',#13262,39.3700787401575);
#8029=VECTOR('',#13265,39.3700787401575);
#8030=VECTOR('',#13266,39.3700787401575);
#8031=VECTOR('',#13269,39.3700787401575);
#8032=VECTOR('',#13270,39.3700787401575);
#8033=VECTOR('',#13273,39.3700787401575);
#8034=VECTOR('',#13274,39.3700787401575);
#8035=VECTOR('',#13277,39.3700787401575);
#8036=VECTOR('',#13278,39.3700787401575);
#8037=VECTOR('',#13281,39.3700787401575);
#8038=VECTOR('',#13282,39.3700787401575);
#8039=VECTOR('',#13285,39.3700787401575);
#8040=VECTOR('',#13286,39.3700787401575);
#8041=VECTOR('',#13289,39.3700787401575);
#8042=VECTOR('',#13290,39.3700787401575);
#8043=VECTOR('',#13293,39.3700787401575);
#8044=VECTOR('',#13294,39.3700787401575);
#8045=VECTOR('',#13295,39.3700787401575);
#8046=VECTOR('',#13296,39.3700787401575);
#8047=VECTOR('',#13299,39.3700787401575);
#8048=VECTOR('',#13300,39.3700787401575);
#8049=VECTOR('',#13301,39.3700787401575);
#8050=VECTOR('',#13302,39.3700787401575);
#8051=VECTOR('',#13305,39.3700787401575);
#8052=VECTOR('',#13306,39.3700787401575);
#8053=VECTOR('',#13307,39.3700787401575);
#8054=VECTOR('',#13308,39.3700787401575);
#8055=VECTOR('',#13311,39.3700787401575);
#8056=VECTOR('',#13312,39.3700787401575);
#8057=VECTOR('',#13313,39.3700787401575);
#8058=VECTOR('',#13314,39.3700787401575);
#8059=VECTOR('',#13317,39.3700787401575);
#8060=VECTOR('',#13318,39.3700787401575);
#8061=VECTOR('',#13319,39.3700787401575);
#8062=VECTOR('',#13320,39.3700787401575);
#8063=VECTOR('',#13323,39.3700787401575);
#8064=VECTOR('',#13324,39.3700787401575);
#8065=VECTOR('',#13325,39.3700787401575);
#8066=VECTOR('',#13326,39.3700787401575);
#8067=VECTOR('',#13329,39.3700787401575);
#8068=VECTOR('',#13330,39.3700787401575);
#8069=VECTOR('',#13331,39.3700787401575);
#8070=VECTOR('',#13332,39.3700787401575);
#8071=VECTOR('',#13335,39.3700787401575);
#8072=VECTOR('',#13336,39.3700787401575);
#8073=VECTOR('',#13337,39.3700787401575);
#8074=VECTOR('',#13338,39.3700787401575);
#8075=VECTOR('',#13341,39.3700787401575);
#8076=VECTOR('',#13342,39.3700787401575);
#8077=VECTOR('',#13343,39.3700787401575);
#8078=VECTOR('',#13344,39.3700787401575);
#8079=VECTOR('',#13347,39.3700787401575);
#8080=VECTOR('',#13348,39.3700787401575);
#8081=VECTOR('',#13349,39.3700787401575);
#8082=VECTOR('',#13350,39.3700787401575);
#8083=VECTOR('',#13353,39.3700787401575);
#8084=VECTOR('',#13354,39.3700787401575);
#8085=VECTOR('',#13355,39.3700787401575);
#8086=VECTOR('',#13356,39.3700787401575);
#8087=VECTOR('',#13359,39.3700787401575);
#8088=VECTOR('',#13360,39.3700787401575);
#8089=VECTOR('',#13361,39.3700787401575);
#8090=VECTOR('',#13362,39.3700787401575);
#8091=VECTOR('',#13365,39.3700787401575);
#8092=VECTOR('',#13366,39.3700787401575);
#8093=VECTOR('',#13367,39.3700787401575);
#8094=VECTOR('',#13368,39.3700787401575);
#8095=VECTOR('',#13371,39.3700787401575);
#8096=VECTOR('',#13372,39.3700787401575);
#8097=VECTOR('',#13373,39.3700787401575);
#8098=VECTOR('',#13374,39.3700787401575);
#8099=VECTOR('',#13377,39.3700787401575);
#8100=VECTOR('',#13378,39.3700787401575);
#8101=VECTOR('',#13379,39.3700787401575);
#8102=VECTOR('',#13380,39.3700787401575);
#8103=VECTOR('',#13383,39.3700787401575);
#8104=VECTOR('',#13384,39.3700787401575);
#8105=VECTOR('',#13385,39.3700787401575);
#8106=VECTOR('',#13386,39.3700787401575);
#8107=VECTOR('',#13389,39.3700787401575);
#8108=VECTOR('',#13390,39.3700787401575);
#8109=VECTOR('',#13391,39.3700787401575);
#8110=VECTOR('',#13392,39.3700787401575);
#8111=VECTOR('',#13395,39.3700787401575);
#8112=VECTOR('',#13396,39.3700787401575);
#8113=VECTOR('',#13397,39.3700787401575);
#8114=VECTOR('',#13398,39.3700787401575);
#8115=VECTOR('',#13401,39.3700787401575);
#8116=VECTOR('',#13402,39.3700787401575);
#8117=VECTOR('',#13403,39.3700787401575);
#8118=VECTOR('',#13404,39.3700787401575);
#8119=VECTOR('',#13407,39.3700787401575);
#8120=VECTOR('',#13408,39.3700787401575);
#8121=VECTOR('',#13409,39.3700787401575);
#8122=VECTOR('',#13410,39.3700787401575);
#8123=VECTOR('',#13413,39.3700787401575);
#8124=VECTOR('',#13414,39.3700787401575);
#8125=VECTOR('',#13415,39.3700787401575);
#8126=VECTOR('',#13416,39.3700787401575);
#8127=VECTOR('',#13419,39.3700787401575);
#8128=VECTOR('',#13420,39.3700787401575);
#8129=VECTOR('',#13421,39.3700787401575);
#8130=VECTOR('',#13422,39.3700787401575);
#8131=VECTOR('',#13425,39.3700787401575);
#8132=VECTOR('',#13426,39.3700787401575);
#8133=VECTOR('',#13427,39.3700787401575);
#8134=VECTOR('',#13428,39.3700787401575);
#8135=VECTOR('',#13431,39.3700787401575);
#8136=VECTOR('',#13432,39.3700787401575);
#8137=VECTOR('',#13433,39.3700787401575);
#8138=VECTOR('',#13434,39.3700787401575);
#8139=VECTOR('',#13437,39.3700787401575);
#8140=VECTOR('',#13438,39.3700787401575);
#8141=VECTOR('',#13439,39.3700787401575);
#8142=VECTOR('',#13440,39.3700787401575);
#8143=VECTOR('',#13443,39.3700787401575);
#8144=VECTOR('',#13444,39.3700787401575);
#8145=VECTOR('',#13445,39.3700787401575);
#8146=VECTOR('',#13446,39.3700787401575);
#8147=VECTOR('',#13449,39.3700787401575);
#8148=VECTOR('',#13450,39.3700787401575);
#8149=VECTOR('',#13451,39.3700787401575);
#8150=VECTOR('',#13452,39.3700787401575);
#8151=VECTOR('',#13455,39.3700787401575);
#8152=VECTOR('',#13456,39.3700787401575);
#8153=VECTOR('',#13457,39.3700787401575);
#8154=VECTOR('',#13458,39.3700787401575);
#8155=VECTOR('',#13461,39.3700787401575);
#8156=VECTOR('',#13462,39.3700787401575);
#8157=VECTOR('',#13463,39.3700787401575);
#8158=VECTOR('',#13464,39.3700787401575);
#8159=VECTOR('',#13467,39.3700787401575);
#8160=VECTOR('',#13468,39.3700787401575);
#8161=VECTOR('',#13469,39.3700787401575);
#8162=VECTOR('',#13470,39.3700787401575);
#8163=VECTOR('',#13473,39.3700787401575);
#8164=VECTOR('',#13474,39.3700787401575);
#8165=VECTOR('',#13475,39.3700787401575);
#8166=VECTOR('',#13476,39.3700787401575);
#8167=VECTOR('',#13479,39.3700787401575);
#8168=VECTOR('',#13480,39.3700787401575);
#8169=VECTOR('',#13481,39.3700787401575);
#8170=VECTOR('',#13482,39.3700787401575);
#8171=VECTOR('',#13485,39.3700787401575);
#8172=VECTOR('',#13486,39.3700787401575);
#8173=VECTOR('',#13487,39.3700787401575);
#8174=VECTOR('',#13488,39.3700787401575);
#8175=VECTOR('',#13491,39.3700787401575);
#8176=VECTOR('',#13492,39.3700787401575);
#8177=VECTOR('',#13493,39.3700787401575);
#8178=VECTOR('',#13494,39.3700787401575);
#8179=VECTOR('',#13497,39.3700787401575);
#8180=VECTOR('',#13498,39.3700787401575);
#8181=VECTOR('',#13499,39.3700787401575);
#8182=VECTOR('',#13500,39.3700787401575);
#8183=VECTOR('',#13503,39.3700787401575);
#8184=VECTOR('',#13504,39.3700787401575);
#8185=VECTOR('',#13505,39.3700787401575);
#8186=VECTOR('',#13506,39.3700787401575);
#8187=VECTOR('',#13509,39.3700787401575);
#8188=VECTOR('',#13510,39.3700787401575);
#8189=VECTOR('',#13511,39.3700787401575);
#8190=VECTOR('',#13512,39.3700787401575);
#8191=VECTOR('',#13515,39.3700787401575);
#8192=VECTOR('',#13516,39.3700787401575);
#8193=VECTOR('',#13517,39.3700787401575);
#8194=VECTOR('',#13518,39.3700787401575);
#8195=VECTOR('',#13521,39.3700787401575);
#8196=VECTOR('',#13522,39.3700787401575);
#8197=VECTOR('',#13523,39.3700787401575);
#8198=VECTOR('',#13524,39.3700787401575);
#8199=VECTOR('',#13527,39.3700787401575);
#8200=VECTOR('',#13528,39.3700787401575);
#8201=VECTOR('',#13529,39.3700787401575);
#8202=VECTOR('',#13530,39.3700787401575);
#8203=VECTOR('',#13533,39.3700787401575);
#8204=VECTOR('',#13534,39.3700787401575);
#8205=VECTOR('',#13535,39.3700787401575);
#8206=VECTOR('',#13536,39.3700787401575);
#8207=VECTOR('',#13539,39.3700787401575);
#8208=VECTOR('',#13540,39.3700787401575);
#8209=VECTOR('',#13541,39.3700787401575);
#8210=VECTOR('',#13542,39.3700787401575);
#8211=VECTOR('',#13545,39.3700787401575);
#8212=VECTOR('',#13546,39.3700787401575);
#8213=VECTOR('',#13547,39.3700787401575);
#8214=VECTOR('',#13548,39.3700787401575);
#8215=VECTOR('',#13551,39.3700787401575);
#8216=VECTOR('',#13552,39.3700787401575);
#8217=VECTOR('',#13553,39.3700787401575);
#8218=VECTOR('',#13554,39.3700787401575);
#8219=VECTOR('',#13557,39.3700787401575);
#8220=VECTOR('',#13558,39.3700787401575);
#8221=VECTOR('',#13559,39.3700787401575);
#8222=VECTOR('',#13560,39.3700787401575);
#8223=VECTOR('',#13563,39.3700787401575);
#8224=VECTOR('',#13564,39.3700787401575);
#8225=VECTOR('',#13565,39.3700787401575);
#8226=VECTOR('',#13566,39.3700787401575);
#8227=VECTOR('',#13569,39.3700787401575);
#8228=VECTOR('',#13570,39.3700787401575);
#8229=VECTOR('',#13571,39.3700787401575);
#8230=VECTOR('',#13572,39.3700787401575);
#8231=VECTOR('',#13575,39.3700787401575);
#8232=VECTOR('',#13576,39.3700787401575);
#8233=VECTOR('',#13577,39.3700787401575);
#8234=VECTOR('',#13578,39.3700787401575);
#8235=VECTOR('',#13581,39.3700787401575);
#8236=VECTOR('',#13582,39.3700787401575);
#8237=VECTOR('',#13583,39.3700787401575);
#8238=VECTOR('',#13584,39.3700787401575);
#8239=VECTOR('',#13587,39.3700787401575);
#8240=VECTOR('',#13588,39.3700787401575);
#8241=VECTOR('',#13589,39.3700787401575);
#8242=VECTOR('',#13590,39.3700787401575);
#8243=VECTOR('',#13593,39.3700787401575);
#8244=VECTOR('',#13594,39.3700787401575);
#8245=VECTOR('',#13595,39.3700787401575);
#8246=VECTOR('',#13596,39.3700787401575);
#8247=VECTOR('',#13599,39.3700787401575);
#8248=VECTOR('',#13600,39.3700787401575);
#8249=VECTOR('',#13601,39.3700787401575);
#8250=VECTOR('',#13602,39.3700787401575);
#8251=VECTOR('',#13605,39.3700787401575);
#8252=VECTOR('',#13606,39.3700787401575);
#8253=VECTOR('',#13607,39.3700787401575);
#8254=VECTOR('',#13608,39.3700787401575);
#8255=VECTOR('',#13611,39.3700787401575);
#8256=VECTOR('',#13612,39.3700787401575);
#8257=VECTOR('',#13613,39.3700787401575);
#8258=VECTOR('',#13614,39.3700787401575);
#8259=VECTOR('',#13617,39.3700787401575);
#8260=VECTOR('',#13618,39.3700787401575);
#8261=VECTOR('',#13619,39.3700787401575);
#8262=VECTOR('',#13620,39.3700787401575);
#8263=VECTOR('',#13623,39.3700787401575);
#8264=VECTOR('',#13624,39.3700787401575);
#8265=VECTOR('',#13625,39.3700787401575);
#8266=VECTOR('',#13626,39.3700787401575);
#8267=VECTOR('',#13629,39.3700787401575);
#8268=VECTOR('',#13630,39.3700787401575);
#8269=VECTOR('',#13631,39.3700787401575);
#8270=VECTOR('',#13632,39.3700787401575);
#8271=VECTOR('',#13635,39.3700787401575);
#8272=VECTOR('',#13636,39.3700787401575);
#8273=VECTOR('',#13637,39.3700787401575);
#8274=VECTOR('',#13638,39.3700787401575);
#8275=VECTOR('',#13641,39.3700787401575);
#8276=VECTOR('',#13642,39.3700787401575);
#8277=VECTOR('',#13643,39.3700787401575);
#8278=VECTOR('',#13644,39.3700787401575);
#8279=VECTOR('',#13647,39.3700787401575);
#8280=VECTOR('',#13648,39.3700787401575);
#8281=VECTOR('',#13649,39.3700787401575);
#8282=VECTOR('',#13650,39.3700787401575);
#8283=VECTOR('',#13653,39.3700787401575);
#8284=VECTOR('',#13654,39.3700787401575);
#8285=VECTOR('',#13655,39.3700787401575);
#8286=VECTOR('',#13658,39.3700787401575);
#8287=VECTOR('',#13659,39.3700787401575);
#8288=VECTOR('',#13660,39.3700787401575);
#8289=VECTOR('',#13663,39.3700787401575);
#8290=VECTOR('',#13664,39.3700787401575);
#8291=VECTOR('',#13665,39.3700787401575);
#8292=VECTOR('',#13668,39.3700787401575);
#8293=VECTOR('',#13669,39.3700787401575);
#8294=VECTOR('',#13670,39.3700787401575);
#8295=VECTOR('',#13673,39.3700787401575);
#8296=VECTOR('',#13674,39.3700787401575);
#8297=VECTOR('',#13675,39.3700787401575);
#8298=VECTOR('',#13678,39.3700787401575);
#8299=VECTOR('',#13679,39.3700787401575);
#8300=VECTOR('',#13680,39.3700787401575);
#8301=VECTOR('',#13683,39.3700787401575);
#8302=VECTOR('',#13684,39.3700787401575);
#8303=VECTOR('',#13685,39.3700787401575);
#8304=VECTOR('',#13688,39.3700787401575);
#8305=VECTOR('',#13689,39.3700787401575);
#8306=VECTOR('',#13690,39.3700787401575);
#8307=VECTOR('',#13693,39.3700787401575);
#8308=VECTOR('',#13694,39.3700787401575);
#8309=VECTOR('',#13695,39.3700787401575);
#8310=VECTOR('',#13698,39.3700787401575);
#8311=VECTOR('',#13699,39.3700787401575);
#8312=VECTOR('',#13700,39.3700787401575);
#8313=VECTOR('',#13703,39.3700787401575);
#8314=VECTOR('',#13704,39.3700787401575);
#8315=VECTOR('',#13705,39.3700787401575);
#8316=VECTOR('',#13708,39.3700787401575);
#8317=VECTOR('',#13709,39.3700787401575);
#8318=VECTOR('',#13710,39.3700787401575);
#8319=VECTOR('',#13713,39.3700787401575);
#8320=VECTOR('',#13714,39.3700787401575);
#8321=VECTOR('',#13715,39.3700787401575);
#8322=VECTOR('',#13718,39.3700787401575);
#8323=VECTOR('',#13719,39.3700787401575);
#8324=VECTOR('',#13720,39.3700787401575);
#8325=VECTOR('',#13723,39.3700787401575);
#8326=VECTOR('',#13724,39.3700787401575);
#8327=VECTOR('',#13725,39.3700787401575);
#8328=VECTOR('',#13728,39.3700787401575);
#8329=VECTOR('',#13729,39.3700787401575);
#8330=VECTOR('',#13730,39.3700787401575);
#8331=VECTOR('',#13733,39.3700787401575);
#8332=VECTOR('',#13734,39.3700787401575);
#8333=VECTOR('',#13735,39.3700787401575);
#8334=VECTOR('',#13738,39.3700787401575);
#8335=VECTOR('',#13739,39.3700787401575);
#8336=VECTOR('',#13740,39.3700787401575);
#8337=VECTOR('',#13743,39.3700787401575);
#8338=VECTOR('',#13744,39.3700787401575);
#8339=VECTOR('',#13745,39.3700787401575);
#8340=VECTOR('',#13748,39.3700787401575);
#8341=VECTOR('',#13749,39.3700787401575);
#8342=VECTOR('',#13750,39.3700787401575);
#8343=VECTOR('',#13753,39.3700787401575);
#8344=VECTOR('',#13754,39.3700787401575);
#8345=VECTOR('',#13755,39.3700787401575);
#8346=VECTOR('',#13758,39.3700787401575);
#8347=VECTOR('',#13759,39.3700787401575);
#8348=VECTOR('',#13760,39.3700787401575);
#8349=VECTOR('',#13763,39.3700787401575);
#8350=VECTOR('',#13764,39.3700787401575);
#8351=VECTOR('',#13765,39.3700787401575);
#8352=VECTOR('',#13768,39.3700787401575);
#8353=VECTOR('',#13769,39.3700787401575);
#8354=VECTOR('',#13770,39.3700787401575);
#8355=VECTOR('',#13773,39.3700787401575);
#8356=VECTOR('',#13774,39.3700787401575);
#8357=VECTOR('',#13775,39.3700787401575);
#8358=VECTOR('',#13778,39.3700787401575);
#8359=VECTOR('',#13779,39.3700787401575);
#8360=VECTOR('',#13780,39.3700787401575);
#8361=VECTOR('',#13783,39.3700787401575);
#8362=VECTOR('',#13784,39.3700787401575);
#8363=VECTOR('',#13785,39.3700787401575);
#8364=VECTOR('',#13788,39.3700787401575);
#8365=VECTOR('',#13789,39.3700787401575);
#8366=VECTOR('',#13790,39.3700787401575);
#8367=VECTOR('',#13793,39.3700787401575);
#8368=VECTOR('',#13794,39.3700787401575);
#8369=VECTOR('',#13795,39.3700787401575);
#8370=VECTOR('',#13798,39.3700787401575);
#8371=VECTOR('',#13799,39.3700787401575);
#8372=VECTOR('',#13800,39.3700787401575);
#8373=VECTOR('',#13803,39.3700787401575);
#8374=VECTOR('',#13804,39.3700787401575);
#8375=VECTOR('',#13805,39.3700787401575);
#8376=VECTOR('',#13808,39.3700787401575);
#8377=VECTOR('',#13809,39.3700787401575);
#8378=VECTOR('',#13810,39.3700787401575);
#8379=VECTOR('',#13813,39.3700787401575);
#8380=VECTOR('',#13814,39.3700787401575);
#8381=VECTOR('',#13815,39.3700787401575);
#8382=VECTOR('',#13818,39.3700787401575);
#8383=VECTOR('',#13819,39.3700787401575);
#8384=VECTOR('',#13820,39.3700787401575);
#8385=VECTOR('',#13823,39.3700787401575);
#8386=VECTOR('',#13824,39.3700787401575);
#8387=VECTOR('',#13825,39.3700787401575);
#8388=VECTOR('',#13828,39.3700787401575);
#8389=VECTOR('',#13829,39.3700787401575);
#8390=VECTOR('',#13830,39.3700787401575);
#8391=VECTOR('',#13833,39.3700787401575);
#8392=VECTOR('',#13834,39.3700787401575);
#8393=VECTOR('',#13835,39.3700787401575);
#8394=VECTOR('',#13838,39.3700787401575);
#8395=VECTOR('',#13839,39.3700787401575);
#8396=VECTOR('',#13840,39.3700787401575);
#8397=VECTOR('',#13843,39.3700787401575);
#8398=VECTOR('',#13844,39.3700787401575);
#8399=VECTOR('',#13845,39.3700787401575);
#8400=VECTOR('',#13848,39.3700787401575);
#8401=VECTOR('',#13849,39.3700787401575);
#8402=VECTOR('',#13850,39.3700787401575);
#8403=VECTOR('',#13853,39.3700787401575);
#8404=VECTOR('',#13856,39.3700787401575);
#8405=VECTOR('',#13859,39.3700787401575);
#8406=VECTOR('',#13862,39.3700787401575);
#8407=VECTOR('',#13865,39.3700787401575);
#8408=VECTOR('',#13868,39.3700787401575);
#8409=VECTOR('',#13871,39.3700787401575);
#8410=VECTOR('',#13874,39.3700787401575);
#8411=VECTOR('',#13877,39.3700787401575);
#8412=VECTOR('',#13880,39.3700787401575);
#8413=VECTOR('',#13883,39.3700787401575);
#8414=VECTOR('',#13886,39.3700787401575);
#8415=VECTOR('',#13889,39.3700787401575);
#8416=VECTOR('',#13892,39.3700787401575);
#8417=VECTOR('',#13895,39.3700787401575);
#8418=VECTOR('',#13898,39.3700787401575);
#8419=VECTOR('',#13901,39.3700787401575);
#8420=VECTOR('',#13904,39.3700787401575);
#8421=VECTOR('',#13907,39.3700787401575);
#8422=VECTOR('',#13910,39.3700787401575);
#8423=VECTOR('',#13913,39.3700787401575);
#8424=VECTOR('',#13916,39.3700787401575);
#8425=VECTOR('',#13919,39.3700787401575);
#8426=VECTOR('',#13922,39.3700787401575);
#8427=VECTOR('',#13925,39.3700787401575);
#8428=VECTOR('',#13928,39.3700787401575);
#8429=VECTOR('',#13931,39.3700787401575);
#8430=VECTOR('',#13934,39.3700787401575);
#8431=VECTOR('',#13937,39.3700787401575);
#8432=VECTOR('',#13940,39.3700787401575);
#8433=VECTOR('',#13943,39.3700787401575);
#8434=VECTOR('',#13946,39.3700787401575);
#8435=VECTOR('',#13949,39.3700787401575);
#8436=VECTOR('',#13952,39.3700787401575);
#8437=VECTOR('',#13955,39.3700787401575);
#8438=VECTOR('',#13958,39.3700787401575);
#8439=VECTOR('',#13961,39.3700787401575);
#8440=VECTOR('',#13964,39.3700787401575);
#8441=VECTOR('',#13967,39.3700787401575);
#8442=VECTOR('',#13970,39.3700787401575);
#8443=VECTOR('',#13973,39.3700787401575);
#8444=VECTOR('',#13974,39.3700787401575);
#8445=VECTOR('',#13975,39.3700787401575);
#8446=VECTOR('',#13976,39.3700787401575);
#8447=VECTOR('',#13979,39.3700787401575);
#8448=VECTOR('',#13980,39.3700787401575);
#8449=VECTOR('',#13981,39.3700787401575);
#8450=VECTOR('',#13984,39.3700787401575);
#8451=VECTOR('',#13985,39.3700787401575);
#8452=VECTOR('',#13986,39.3700787401575);
#8453=VECTOR('',#13989,39.3700787401575);
#8454=VECTOR('',#13990,39.3700787401575);
#8455=VECTOR('',#14077,39.3700787401575);
#8456=VECTOR('',#14080,39.3700787401575);
#8457=VECTOR('',#14083,39.3700787401575);
#8458=VECTOR('',#14086,39.3700787401575);
#8459=VECTOR('',#14089,39.3700787401575);
#8460=VECTOR('',#14092,39.3700787401575);
#8461=VECTOR('',#14097,39.3700787401575);
#8462=VECTOR('',#14100,39.3700787401575);
#8463=VECTOR('',#14103,39.3700787401575);
#8464=VECTOR('',#14106,39.3700787401575);
#8465=VECTOR('',#14109,39.3700787401575);
#8466=VECTOR('',#14112,39.3700787401575);
#8467=VECTOR('',#14117,39.3700787401575);
#8468=VECTOR('',#14120,39.3700787401575);
#8469=VECTOR('',#14123,39.3700787401575);
#8470=VECTOR('',#14126,39.3700787401575);
#8471=VECTOR('',#14129,39.3700787401575);
#8472=VECTOR('',#14132,39.3700787401575);
#8473=VECTOR('',#14137,39.3700787401575);
#8474=VECTOR('',#14140,39.3700787401575);
#8475=VECTOR('',#14143,39.3700787401575);
#8476=VECTOR('',#14146,39.3700787401575);
#8477=VECTOR('',#14149,39.3700787401575);
#8478=VECTOR('',#14152,39.3700787401575);
#8479=VECTOR('',#14157,39.3700787401575);
#8480=VECTOR('',#14160,39.3700787401575);
#8481=VECTOR('',#14163,39.3700787401575);
#8482=VECTOR('',#14166,39.3700787401575);
#8483=VECTOR('',#14169,39.3700787401575);
#8484=VECTOR('',#14172,39.3700787401575);
#8485=VECTOR('',#14177,39.3700787401575);
#8486=VECTOR('',#14180,39.3700787401575);
#8487=VECTOR('',#14183,39.3700787401575);
#8488=VECTOR('',#14186,39.3700787401575);
#8489=VECTOR('',#14189,39.3700787401575);
#8490=VECTOR('',#14192,39.3700787401575);
#8491=VECTOR('',#14197,39.3700787401575);
#8492=VECTOR('',#14200,39.3700787401575);
#8493=VECTOR('',#14203,39.3700787401575);
#8494=VECTOR('',#14206,39.3700787401575);
#8495=VECTOR('',#14209,39.3700787401575);
#8496=VECTOR('',#14212,39.3700787401575);
#8497=VECTOR('',#14217,39.3700787401575);
#8498=VECTOR('',#14220,39.3700787401575);
#8499=VECTOR('',#14223,39.3700787401575);
#8500=VECTOR('',#14226,39.3700787401575);
#8501=VECTOR('',#14229,39.3700787401575);
#8502=VECTOR('',#14232,39.3700787401575);
#8503=VECTOR('',#14237,39.3700787401575);
#8504=VECTOR('',#14240,39.3700787401575);
#8505=VECTOR('',#14243,39.3700787401575);
#8506=VECTOR('',#14246,39.3700787401575);
#8507=VECTOR('',#14249,39.3700787401575);
#8508=VECTOR('',#14252,39.3700787401575);
#8509=VECTOR('',#14257,39.3700787401575);
#8510=VECTOR('',#14260,39.3700787401575);
#8511=VECTOR('',#14263,39.3700787401575);
#8512=VECTOR('',#14266,39.3700787401575);
#8513=VECTOR('',#14269,39.3700787401575);
#8514=VECTOR('',#14272,39.3700787401575);
#8515=VECTOR('',#14277,39.3700787401575);
#8516=VECTOR('',#14280,39.3700787401575);
#8517=VECTOR('',#14283,39.3700787401575);
#8518=VECTOR('',#14286,39.3700787401575);
#8519=VECTOR('',#14289,39.3700787401575);
#8520=VECTOR('',#14292,39.3700787401575);
#8521=VECTOR('',#14297,39.3700787401575);
#8522=VECTOR('',#14300,39.3700787401575);
#8523=VECTOR('',#14303,39.3700787401575);
#8524=VECTOR('',#14306,39.3700787401575);
#8525=VECTOR('',#14309,39.3700787401575);
#8526=VECTOR('',#14312,39.3700787401575);
#8527=VECTOR('',#14317,39.3700787401575);
#8528=VECTOR('',#14320,39.3700787401575);
#8529=VECTOR('',#14323,39.3700787401575);
#8530=VECTOR('',#14326,39.3700787401575);
#8531=VECTOR('',#14329,39.3700787401575);
#8532=VECTOR('',#14332,39.3700787401575);
#8533=VECTOR('',#14337,39.3700787401575);
#8534=VECTOR('',#14340,39.3700787401575);
#8535=VECTOR('',#14343,39.3700787401575);
#8536=VECTOR('',#14346,39.3700787401575);
#8537=VECTOR('',#14349,39.3700787401575);
#8538=VECTOR('',#14352,39.3700787401575);
#8539=VECTOR('',#14357,39.3700787401575);
#8540=VECTOR('',#14360,39.3700787401575);
#8541=VECTOR('',#14363,39.3700787401575);
#8542=VECTOR('',#14366,39.3700787401575);
#8543=VECTOR('',#14369,39.3700787401575);
#8544=VECTOR('',#14372,39.3700787401575);
#8545=VECTOR('',#14377,39.3700787401575);
#8546=VECTOR('',#14380,39.3700787401575);
#8547=VECTOR('',#14383,39.3700787401575);
#8548=VECTOR('',#14386,39.3700787401575);
#8549=VECTOR('',#14389,39.3700787401575);
#8550=VECTOR('',#14392,39.3700787401575);
#8551=VECTOR('',#14397,39.3700787401575);
#8552=VECTOR('',#14400,39.3700787401575);
#8553=VECTOR('',#14403,39.3700787401575);
#8554=VECTOR('',#14406,39.3700787401575);
#8555=VECTOR('',#14409,39.3700787401575);
#8556=VECTOR('',#14412,39.3700787401575);
#8557=VECTOR('',#14417,39.3700787401575);
#8558=VECTOR('',#14420,39.3700787401575);
#8559=VECTOR('',#14423,39.3700787401575);
#8560=VECTOR('',#14426,39.3700787401575);
#8561=VECTOR('',#14429,39.3700787401575);
#8562=VECTOR('',#14432,39.3700787401575);
#8563=VECTOR('',#14437,39.3700787401575);
#8564=VECTOR('',#14440,39.3700787401575);
#8565=VECTOR('',#14443,39.3700787401575);
#8566=VECTOR('',#14446,39.3700787401575);
#8567=VECTOR('',#14449,39.3700787401575);
#8568=VECTOR('',#14452,39.3700787401575);
#8569=VECTOR('',#14457,39.3700787401575);
#8570=VECTOR('',#14458,39.3700787401575);
#8571=VECTOR('',#14461,39.3700787401575);
#8572=VECTOR('',#14464,39.3700787401575);
#8573=VECTOR('',#14467,39.3700787401575);
#8574=VECTOR('',#14470,39.3700787401575);
#8575=EDGE_LOOP('',(#91,#92,#93,#94));
#8576=EDGE_LOOP('',(#95,#96,#97,#98));
#8577=EDGE_LOOP('',(#99,#100,#101,#102));
#8578=EDGE_LOOP('',(#103,#104,#105,#106));
#8579=EDGE_LOOP('',(#107,#108,#109,#110));
#8580=EDGE_LOOP('',(#111,#112,#113,#114));
#8581=EDGE_LOOP('',(#115,#116,#117,#118));
#8582=EDGE_LOOP('',(#119,#120,#121,#122));
#8583=EDGE_LOOP('',(#123,#124,#125,#126));
#8584=EDGE_LOOP('',(#127,#128,#129,#130));
#8585=EDGE_LOOP('',(#131,#132,#133,#134));
#8586=EDGE_LOOP('',(#135,#136,#137,#138));
#8587=EDGE_LOOP('',(#139,#140,#141,#142));
#8588=EDGE_LOOP('',(#143,#144,#145,#146));
#8589=EDGE_LOOP('',(#147,#148,#149,#150));
#8590=EDGE_LOOP('',(#151,#152,#153,#154));
#8591=EDGE_LOOP('',(#155,#156,#157,#158));
#8592=EDGE_LOOP('',(#159,#160,#161,#162));
#8593=EDGE_LOOP('',(#163,#164,#165,#166));
#8594=EDGE_LOOP('',(#167,#168,#169,#170));
#8595=EDGE_LOOP('',(#171,#172,#173,#174));
#8596=EDGE_LOOP('',(#175,#176,#177,#178));
#8597=EDGE_LOOP('',(#179,#180,#181,#182,#183,#184,#185,#186,#187,#188,#189,
#190,#191,#192,#193,#194,#195,#196,#197,#198,#199,#200,#201,#202,#203,#204,
#205,#206,#207,#208,#209,#210,#211,#212,#213,#214,#215,#216,#217,#218,#219,
#220,#221,#222));
#8598=EDGE_LOOP('',(#223,#224,#225,#226,#227,#228,#229,#230,#231,#232,#233,
#234,#235,#236,#237,#238,#239,#240,#241,#242,#243,#244,#245,#246,#247,#248,
#249,#250,#251,#252,#253,#254,#255,#256,#257,#258,#259,#260,#261,#262,#263,
#264,#265,#266));
#8599=EDGE_LOOP('',(#267,#268,#269,#270));
#8600=EDGE_LOOP('',(#271,#272,#273,#274));
#8601=EDGE_LOOP('',(#275,#276,#277,#278));
#8602=EDGE_LOOP('',(#279,#280,#281,#282));
#8603=EDGE_LOOP('',(#283,#284,#285,#286));
#8604=EDGE_LOOP('',(#287,#288,#289,#290));
#8605=EDGE_LOOP('',(#291,#292,#293,#294));
#8606=EDGE_LOOP('',(#295,#296,#297,#298));
#8607=EDGE_LOOP('',(#299,#300,#301,#302));
#8608=EDGE_LOOP('',(#303,#304,#305,#306));
#8609=EDGE_LOOP('',(#307,#308,#309,#310));
#8610=EDGE_LOOP('',(#311,#312,#313,#314));
#8611=EDGE_LOOP('',(#315,#316,#317,#318));
#8612=EDGE_LOOP('',(#319,#320,#321,#322));
#8613=EDGE_LOOP('',(#323,#324,#325,#326));
#8614=EDGE_LOOP('',(#327,#328,#329,#330));
#8615=EDGE_LOOP('',(#331,#332,#333,#334));
#8616=EDGE_LOOP('',(#335,#336,#337,#338));
#8617=EDGE_LOOP('',(#339,#340,#341,#342));
#8618=EDGE_LOOP('',(#343,#344,#345,#346));
#8619=EDGE_LOOP('',(#347,#348,#349,#350));
#8620=EDGE_LOOP('',(#351,#352,#353,#354));
#8621=EDGE_LOOP('',(#355,#356,#357,#358,#359,#360,#361,#362));
#8622=EDGE_LOOP('',(#363,#364,#365,#366,#367,#368,#369,#370));
#8623=EDGE_LOOP('',(#371,#372,#373,#374));
#8624=EDGE_LOOP('',(#375,#376,#377,#378));
#8625=EDGE_LOOP('',(#379,#380,#381,#382));
#8626=EDGE_LOOP('',(#383,#384,#385,#386));
#8627=EDGE_LOOP('',(#387,#388,#389,#390));
#8628=EDGE_LOOP('',(#391,#392,#393,#394));
#8629=EDGE_LOOP('',(#395,#396,#397,#398));
#8630=EDGE_LOOP('',(#399,#400,#401,#402));
#8631=EDGE_LOOP('',(#403,#404,#405,#406));
#8632=EDGE_LOOP('',(#407,#408,#409,#410));
#8633=EDGE_LOOP('',(#411,#412,#413,#414));
#8634=EDGE_LOOP('',(#415,#416,#417,#418));
#8635=EDGE_LOOP('',(#419,#420,#421,#422));
#8636=EDGE_LOOP('',(#423,#424,#425,#426));
#8637=EDGE_LOOP('',(#427,#428,#429,#430));
#8638=EDGE_LOOP('',(#431,#432,#433,#434));
#8639=EDGE_LOOP('',(#435,#436,#437,#438));
#8640=EDGE_LOOP('',(#439,#440,#441,#442));
#8641=EDGE_LOOP('',(#443,#444,#445,#446));
#8642=EDGE_LOOP('',(#447,#448,#449,#450));
#8643=EDGE_LOOP('',(#451,#452,#453,#454));
#8644=EDGE_LOOP('',(#455,#456,#457,#458));
#8645=EDGE_LOOP('',(#459,#460,#461,#462));
#8646=EDGE_LOOP('',(#463,#464,#465,#466));
#8647=EDGE_LOOP('',(#467,#468,#469,#470));
#8648=EDGE_LOOP('',(#471,#472,#473,#474));
#8649=EDGE_LOOP('',(#475,#476,#477,#478));
#8650=EDGE_LOOP('',(#479,#480,#481,#482));
#8651=EDGE_LOOP('',(#483,#484,#485,#486));
#8652=EDGE_LOOP('',(#487,#488,#489,#490));
#8653=EDGE_LOOP('',(#491,#492,#493,#494));
#8654=EDGE_LOOP('',(#495,#496,#497,#498));
#8655=EDGE_LOOP('',(#499,#500,#501,#502));
#8656=EDGE_LOOP('',(#503,#504,#505,#506));
#8657=EDGE_LOOP('',(#507,#508,#509,#510));
#8658=EDGE_LOOP('',(#511,#512,#513,#514));
#8659=EDGE_LOOP('',(#515,#516,#517,#518));
#8660=EDGE_LOOP('',(#519,#520,#521,#522));
#8661=EDGE_LOOP('',(#523,#524,#525,#526));
#8662=EDGE_LOOP('',(#527,#528,#529,#530));
#8663=EDGE_LOOP('',(#531,#532,#533,#534));
#8664=EDGE_LOOP('',(#535,#536,#537,#538));
#8665=EDGE_LOOP('',(#539,#540,#541,#542));
#8666=EDGE_LOOP('',(#543,#544,#545,#546));
#8667=EDGE_LOOP('',(#547,#548,#549,#550));
#8668=EDGE_LOOP('',(#551,#552,#553,#554));
#8669=EDGE_LOOP('',(#555,#556,#557,#558));
#8670=EDGE_LOOP('',(#559,#560,#561,#562));
#8671=EDGE_LOOP('',(#563,#564,#565,#566));
#8672=EDGE_LOOP('',(#567,#568,#569,#570));
#8673=EDGE_LOOP('',(#571,#572,#573,#574));
#8674=EDGE_LOOP('',(#575,#576,#577,#578));
#8675=EDGE_LOOP('',(#579,#580,#581,#582));
#8676=EDGE_LOOP('',(#583,#584,#585,#586));
#8677=EDGE_LOOP('',(#587,#588,#589,#590));
#8678=EDGE_LOOP('',(#591,#592,#593,#594));
#8679=EDGE_LOOP('',(#595,#596,#597,#598));
#8680=EDGE_LOOP('',(#599,#600,#601,#602));
#8681=EDGE_LOOP('',(#603,#604,#605,#606));
#8682=EDGE_LOOP('',(#607,#608,#609,#610));
#8683=EDGE_LOOP('',(#611,#612,#613,#614));
#8684=EDGE_LOOP('',(#615,#616,#617,#618));
#8685=EDGE_LOOP('',(#619,#620,#621,#622));
#8686=EDGE_LOOP('',(#623,#624,#625,#626));
#8687=EDGE_LOOP('',(#627,#628,#629,#630));
#8688=EDGE_LOOP('',(#631,#632,#633,#634));
#8689=EDGE_LOOP('',(#635,#636,#637,#638));
#8690=EDGE_LOOP('',(#639,#640,#641,#642));
#8691=EDGE_LOOP('',(#643,#644,#645,#646));
#8692=EDGE_LOOP('',(#647,#648,#649,#650));
#8693=EDGE_LOOP('',(#651,#652,#653,#654));
#8694=EDGE_LOOP('',(#655,#656,#657,#658));
#8695=EDGE_LOOP('',(#659,#660,#661,#662));
#8696=EDGE_LOOP('',(#663,#664,#665,#666));
#8697=EDGE_LOOP('',(#667,#668,#669,#670));
#8698=EDGE_LOOP('',(#671,#672,#673,#674));
#8699=EDGE_LOOP('',(#675,#676,#677,#678));
#8700=EDGE_LOOP('',(#679,#680,#681,#682));
#8701=EDGE_LOOP('',(#683,#684,#685,#686));
#8702=EDGE_LOOP('',(#687,#688,#689,#690));
#8703=EDGE_LOOP('',(#691,#692,#693,#694));
#8704=EDGE_LOOP('',(#695,#696,#697,#698));
#8705=EDGE_LOOP('',(#699,#700,#701,#702));
#8706=EDGE_LOOP('',(#703,#704,#705,#706));
#8707=EDGE_LOOP('',(#707,#708,#709,#710));
#8708=EDGE_LOOP('',(#711,#712,#713,#714));
#8709=EDGE_LOOP('',(#715,#716,#717,#718));
#8710=EDGE_LOOP('',(#719,#720,#721,#722));
#8711=EDGE_LOOP('',(#723,#724,#725,#726));
#8712=EDGE_LOOP('',(#727,#728,#729,#730));
#8713=EDGE_LOOP('',(#731,#732,#733,#734));
#8714=EDGE_LOOP('',(#735,#736,#737,#738));
#8715=EDGE_LOOP('',(#739,#740,#741,#742));
#8716=EDGE_LOOP('',(#743,#744,#745,#746));
#8717=EDGE_LOOP('',(#747,#748,#749,#750));
#8718=EDGE_LOOP('',(#751,#752,#753,#754));
#8719=EDGE_LOOP('',(#755,#756,#757,#758));
#8720=EDGE_LOOP('',(#759,#760,#761,#762));
#8721=EDGE_LOOP('',(#763,#764,#765,#766));
#8722=EDGE_LOOP('',(#767,#768,#769,#770));
#8723=EDGE_LOOP('',(#771,#772,#773,#774));
#8724=EDGE_LOOP('',(#775,#776,#777,#778));
#8725=EDGE_LOOP('',(#779,#780,#781,#782));
#8726=EDGE_LOOP('',(#783,#784,#785,#786));
#8727=EDGE_LOOP('',(#787,#788,#789,#790));
#8728=EDGE_LOOP('',(#791,#792,#793,#794));
#8729=EDGE_LOOP('',(#795,#796,#797,#798));
#8730=EDGE_LOOP('',(#799,#800,#801,#802));
#8731=EDGE_LOOP('',(#803,#804,#805,#806));
#8732=EDGE_LOOP('',(#807,#808,#809,#810));
#8733=EDGE_LOOP('',(#811,#812,#813,#814));
#8734=EDGE_LOOP('',(#815,#816,#817,#818));
#8735=EDGE_LOOP('',(#819,#820,#821,#822));
#8736=EDGE_LOOP('',(#823,#824,#825,#826));
#8737=EDGE_LOOP('',(#827,#828,#829,#830));
#8738=EDGE_LOOP('',(#831,#832,#833,#834));
#8739=EDGE_LOOP('',(#835,#836,#837,#838));
#8740=EDGE_LOOP('',(#839,#840,#841,#842));
#8741=EDGE_LOOP('',(#843,#844,#845,#846));
#8742=EDGE_LOOP('',(#847,#848,#849,#850));
#8743=EDGE_LOOP('',(#851,#852,#853,#854));
#8744=EDGE_LOOP('',(#855,#856,#857,#858,#859,#860,#861,#862,#863,#864,#865,
#866,#867,#868,#869,#870,#871,#872,#873,#874,#875,#876,#877,#878,#879,#880,
#881,#882,#883,#884,#885,#886,#887,#888,#889,#890,#891,#892,#893,#894,#895,
#896,#897,#898,#899,#900,#901,#902,#903,#904,#905,#906,#907,#908,#909,#910,
#911,#912,#913,#914,#915,#916,#917,#918,#919,#920,#921,#922,#923,#924,#925,
#926,#927,#928,#929,#930,#931,#932,#933,#934,#935,#936,#937,#938));
#8745=EDGE_LOOP('',(#939,#940,#941,#942));
#8746=EDGE_LOOP('',(#943,#944,#945,#946));
#8747=EDGE_LOOP('',(#947,#948,#949,#950));
#8748=EDGE_LOOP('',(#951,#952,#953,#954));
#8749=EDGE_LOOP('',(#955,#956,#957,#958));
#8750=EDGE_LOOP('',(#959,#960,#961,#962));
#8751=EDGE_LOOP('',(#963,#964,#965,#966));
#8752=EDGE_LOOP('',(#967,#968,#969,#970));
#8753=EDGE_LOOP('',(#971,#972,#973,#974));
#8754=EDGE_LOOP('',(#975,#976,#977,#978));
#8755=EDGE_LOOP('',(#979,#980,#981,#982));
#8756=EDGE_LOOP('',(#983,#984,#985,#986));
#8757=EDGE_LOOP('',(#987,#988,#989,#990));
#8758=EDGE_LOOP('',(#991,#992,#993,#994));
#8759=EDGE_LOOP('',(#995,#996,#997,#998));
#8760=EDGE_LOOP('',(#999,#1000,#1001,#1002));
#8761=EDGE_LOOP('',(#1003,#1004,#1005,#1006));
#8762=EDGE_LOOP('',(#1007,#1008,#1009,#1010));
#8763=EDGE_LOOP('',(#1011,#1012,#1013,#1014));
#8764=EDGE_LOOP('',(#1015,#1016,#1017,#1018));
#8765=EDGE_LOOP('',(#1019,#1020,#1021,#1022));
#8766=EDGE_LOOP('',(#1023,#1024,#1025,#1026));
#8767=EDGE_LOOP('',(#1027,#1028,#1029,#1030));
#8768=EDGE_LOOP('',(#1031,#1032,#1033,#1034));
#8769=EDGE_LOOP('',(#1035,#1036,#1037,#1038));
#8770=EDGE_LOOP('',(#1039,#1040,#1041,#1042));
#8771=EDGE_LOOP('',(#1043,#1044,#1045,#1046));
#8772=EDGE_LOOP('',(#1047,#1048,#1049,#1050));
#8773=EDGE_LOOP('',(#1051,#1052,#1053,#1054));
#8774=EDGE_LOOP('',(#1055,#1056,#1057,#1058));
#8775=EDGE_LOOP('',(#1059,#1060,#1061,#1062));
#8776=EDGE_LOOP('',(#1063,#1064,#1065,#1066));
#8777=EDGE_LOOP('',(#1067,#1068,#1069,#1070));
#8778=EDGE_LOOP('',(#1071,#1072,#1073,#1074));
#8779=EDGE_LOOP('',(#1075,#1076,#1077,#1078));
#8780=EDGE_LOOP('',(#1079,#1080,#1081,#1082));
#8781=EDGE_LOOP('',(#1083,#1084,#1085,#1086));
#8782=EDGE_LOOP('',(#1087,#1088,#1089,#1090));
#8783=EDGE_LOOP('',(#1091,#1092,#1093,#1094));
#8784=EDGE_LOOP('',(#1095,#1096,#1097,#1098));
#8785=EDGE_LOOP('',(#1099,#1100,#1101,#1102,#1103,#1104,#1105,#1106,#1107,
#1108));
#8786=EDGE_LOOP('',(#1109,#1110,#1111,#1112));
#8787=EDGE_LOOP('',(#1113,#1114,#1115,#1116,#1117,#1118,#1119,#1120,#1121,
#1122));
#8788=EDGE_LOOP('',(#1123,#1124,#1125,#1126,#1127,#1128,#1129,#1130,#1131,
#1132));
#8789=EDGE_LOOP('',(#1133,#1134,#1135,#1136));
#8790=EDGE_LOOP('',(#1137,#1138,#1139,#1140,#1141,#1142,#1143,#1144,#1145,
#1146));
#8791=EDGE_LOOP('',(#1147,#1148,#1149,#1150,#1151,#1152,#1153,#1154,#1155,
#1156));
#8792=EDGE_LOOP('',(#1157,#1158,#1159,#1160));
#8793=EDGE_LOOP('',(#1161,#1162,#1163,#1164,#1165,#1166,#1167,#1168,#1169,
#1170));
#8794=EDGE_LOOP('',(#1171,#1172,#1173,#1174,#1175,#1176,#1177,#1178,#1179,
#1180));
#8795=EDGE_LOOP('',(#1181,#1182,#1183,#1184));
#8796=EDGE_LOOP('',(#1185,#1186,#1187,#1188,#1189,#1190,#1191,#1192,#1193,
#1194));
#8797=EDGE_LOOP('',(#1195,#1196,#1197,#1198,#1199,#1200,#1201,#1202,#1203,
#1204));
#8798=EDGE_LOOP('',(#1205,#1206,#1207,#1208));
#8799=EDGE_LOOP('',(#1209,#1210,#1211,#1212,#1213,#1214,#1215,#1216,#1217,
#1218));
#8800=EDGE_LOOP('',(#1219,#1220,#1221,#1222,#1223,#1224,#1225,#1226,#1227,
#1228));
#8801=EDGE_LOOP('',(#1229,#1230,#1231,#1232));
#8802=EDGE_LOOP('',(#1233,#1234,#1235,#1236,#1237,#1238,#1239,#1240,#1241,
#1242));
#8803=EDGE_LOOP('',(#1243,#1244,#1245,#1246,#1247,#1248,#1249,#1250,#1251,
#1252));
#8804=EDGE_LOOP('',(#1253,#1254,#1255,#1256));
#8805=EDGE_LOOP('',(#1257,#1258,#1259,#1260,#1261,#1262,#1263,#1264,#1265,
#1266));
#8806=EDGE_LOOP('',(#1267,#1268,#1269,#1270,#1271,#1272,#1273,#1274,#1275,
#1276));
#8807=EDGE_LOOP('',(#1277,#1278,#1279,#1280));
#8808=EDGE_LOOP('',(#1281,#1282,#1283,#1284,#1285,#1286,#1287,#1288,#1289,
#1290));
#8809=EDGE_LOOP('',(#1291,#1292,#1293,#1294,#1295,#1296,#1297,#1298,#1299,
#1300));
#8810=EDGE_LOOP('',(#1301,#1302,#1303,#1304));
#8811=EDGE_LOOP('',(#1305,#1306,#1307,#1308,#1309,#1310,#1311,#1312,#1313,
#1314));
#8812=EDGE_LOOP('',(#1315,#1316,#1317,#1318,#1319,#1320,#1321,#1322,#1323,
#1324));
#8813=EDGE_LOOP('',(#1325,#1326,#1327,#1328));
#8814=EDGE_LOOP('',(#1329,#1330,#1331,#1332,#1333,#1334,#1335,#1336,#1337,
#1338));
#8815=EDGE_LOOP('',(#1339,#1340,#1341,#1342,#1343,#1344,#1345,#1346,#1347,
#1348));
#8816=EDGE_LOOP('',(#1349,#1350,#1351,#1352));
#8817=EDGE_LOOP('',(#1353,#1354,#1355,#1356,#1357,#1358,#1359,#1360,#1361,
#1362));
#8818=EDGE_LOOP('',(#1363,#1364,#1365,#1366,#1367,#1368,#1369,#1370,#1371,
#1372));
#8819=EDGE_LOOP('',(#1373,#1374,#1375,#1376));
#8820=EDGE_LOOP('',(#1377,#1378,#1379,#1380,#1381,#1382,#1383,#1384,#1385,
#1386));
#8821=EDGE_LOOP('',(#1387,#1388,#1389,#1390,#1391,#1392,#1393,#1394,#1395,
#1396));
#8822=EDGE_LOOP('',(#1397,#1398,#1399,#1400));
#8823=EDGE_LOOP('',(#1401,#1402,#1403,#1404,#1405,#1406,#1407,#1408,#1409,
#1410));
#8824=EDGE_LOOP('',(#1411,#1412,#1413,#1414,#1415,#1416,#1417,#1418,#1419,
#1420));
#8825=EDGE_LOOP('',(#1421,#1422,#1423,#1424));
#8826=EDGE_LOOP('',(#1425,#1426,#1427,#1428,#1429,#1430,#1431,#1432,#1433,
#1434));
#8827=EDGE_LOOP('',(#1435,#1436,#1437,#1438,#1439,#1440,#1441,#1442,#1443,
#1444));
#8828=EDGE_LOOP('',(#1445,#1446,#1447,#1448));
#8829=EDGE_LOOP('',(#1449,#1450,#1451,#1452,#1453,#1454,#1455,#1456,#1457,
#1458));
#8830=EDGE_LOOP('',(#1459,#1460,#1461,#1462,#1463,#1464,#1465,#1466,#1467,
#1468));
#8831=EDGE_LOOP('',(#1469,#1470,#1471,#1472));
#8832=EDGE_LOOP('',(#1473,#1474,#1475,#1476,#1477,#1478,#1479,#1480,#1481,
#1482));
#8833=EDGE_LOOP('',(#1483,#1484,#1485,#1486,#1487,#1488,#1489,#1490,#1491,
#1492));
#8834=EDGE_LOOP('',(#1493,#1494,#1495,#1496));
#8835=EDGE_LOOP('',(#1497,#1498,#1499,#1500,#1501,#1502,#1503,#1504,#1505,
#1506));
#8836=EDGE_LOOP('',(#1507,#1508,#1509,#1510,#1511,#1512,#1513,#1514,#1515,
#1516));
#8837=EDGE_LOOP('',(#1517,#1518,#1519,#1520));
#8838=EDGE_LOOP('',(#1521,#1522,#1523,#1524,#1525,#1526,#1527,#1528,#1529,
#1530));
#8839=EDGE_LOOP('',(#1531,#1532,#1533,#1534,#1535,#1536,#1537,#1538,#1539,
#1540));
#8840=EDGE_LOOP('',(#1541,#1542,#1543,#1544));
#8841=EDGE_LOOP('',(#1545,#1546,#1547,#1548,#1549,#1550,#1551,#1552,#1553,
#1554));
#8842=EDGE_LOOP('',(#1555,#1556,#1557,#1558,#1559,#1560,#1561,#1562,#1563,
#1564));
#8843=EDGE_LOOP('',(#1565,#1566,#1567,#1568));
#8844=EDGE_LOOP('',(#1569,#1570,#1571,#1572,#1573,#1574,#1575,#1576,#1577,
#1578));
#8845=EDGE_LOOP('',(#1579,#1580,#1581,#1582));
#8846=EDGE_LOOP('',(#1583,#1584,#1585,#1586));
#8847=EDGE_LOOP('',(#1587,#1588,#1589,#1590));
#8848=EDGE_LOOP('',(#1591,#1592,#1593,#1594));
#8849=EDGE_LOOP('',(#1595,#1596,#1597,#1598));
#8850=EDGE_LOOP('',(#1599,#1600,#1601,#1602));
#8851=EDGE_LOOP('',(#1603,#1604,#1605,#1606));
#8852=EDGE_LOOP('',(#1607,#1608,#1609,#1610));
#8853=EDGE_LOOP('',(#1611,#1612,#1613,#1614));
#8854=EDGE_LOOP('',(#1615,#1616,#1617,#1618));
#8855=EDGE_LOOP('',(#1619,#1620,#1621,#1622));
#8856=EDGE_LOOP('',(#1623,#1624,#1625,#1626));
#8857=EDGE_LOOP('',(#1627,#1628,#1629,#1630));
#8858=EDGE_LOOP('',(#1631,#1632,#1633,#1634));
#8859=EDGE_LOOP('',(#1635,#1636,#1637,#1638));
#8860=EDGE_LOOP('',(#1639,#1640,#1641,#1642));
#8861=EDGE_LOOP('',(#1643,#1644,#1645,#1646));
#8862=EDGE_LOOP('',(#1647,#1648,#1649,#1650));
#8863=EDGE_LOOP('',(#1651,#1652,#1653,#1654));
#8864=EDGE_LOOP('',(#1655,#1656,#1657,#1658));
#8865=EDGE_LOOP('',(#1659,#1660,#1661,#1662));
#8866=EDGE_LOOP('',(#1663,#1664,#1665,#1666));
#8867=EDGE_LOOP('',(#1667,#1668,#1669,#1670));
#8868=EDGE_LOOP('',(#1671,#1672,#1673,#1674));
#8869=EDGE_LOOP('',(#1675,#1676,#1677,#1678));
#8870=EDGE_LOOP('',(#1679,#1680,#1681,#1682));
#8871=EDGE_LOOP('',(#1683,#1684,#1685,#1686));
#8872=EDGE_LOOP('',(#1687,#1688,#1689,#1690));
#8873=EDGE_LOOP('',(#1691,#1692,#1693,#1694));
#8874=EDGE_LOOP('',(#1695,#1696,#1697,#1698));
#8875=EDGE_LOOP('',(#1699,#1700,#1701,#1702));
#8876=EDGE_LOOP('',(#1703,#1704,#1705,#1706));
#8877=EDGE_LOOP('',(#1707,#1708,#1709,#1710));
#8878=EDGE_LOOP('',(#1711,#1712,#1713,#1714));
#8879=EDGE_LOOP('',(#1715,#1716,#1717,#1718));
#8880=EDGE_LOOP('',(#1719,#1720,#1721,#1722));
#8881=EDGE_LOOP('',(#1723,#1724,#1725,#1726));
#8882=EDGE_LOOP('',(#1727,#1728,#1729,#1730));
#8883=EDGE_LOOP('',(#1731,#1732,#1733,#1734));
#8884=EDGE_LOOP('',(#1735,#1736,#1737,#1738));
#8885=EDGE_LOOP('',(#1739,#1740,#1741,#1742));
#8886=EDGE_LOOP('',(#1743,#1744,#1745,#1746));
#8887=EDGE_LOOP('',(#1747,#1748,#1749,#1750));
#8888=EDGE_LOOP('',(#1751,#1752,#1753,#1754));
#8889=EDGE_LOOP('',(#1755,#1756,#1757,#1758));
#8890=EDGE_LOOP('',(#1759,#1760,#1761,#1762));
#8891=EDGE_LOOP('',(#1763,#1764,#1765,#1766));
#8892=EDGE_LOOP('',(#1767,#1768,#1769,#1770));
#8893=EDGE_LOOP('',(#1771,#1772,#1773,#1774));
#8894=EDGE_LOOP('',(#1775,#1776,#1777,#1778));
#8895=EDGE_LOOP('',(#1779,#1780,#1781,#1782));
#8896=EDGE_LOOP('',(#1783,#1784,#1785,#1786));
#8897=EDGE_LOOP('',(#1787,#1788,#1789,#1790));
#8898=EDGE_LOOP('',(#1791,#1792,#1793,#1794));
#8899=EDGE_LOOP('',(#1795,#1796,#1797,#1798));
#8900=EDGE_LOOP('',(#1799,#1800,#1801,#1802));
#8901=EDGE_LOOP('',(#1803,#1804,#1805,#1806));
#8902=EDGE_LOOP('',(#1807,#1808,#1809,#1810));
#8903=EDGE_LOOP('',(#1811,#1812,#1813,#1814));
#8904=EDGE_LOOP('',(#1815,#1816,#1817,#1818));
#8905=EDGE_LOOP('',(#1819,#1820,#1821,#1822));
#8906=EDGE_LOOP('',(#1823,#1824,#1825,#1826));
#8907=EDGE_LOOP('',(#1827,#1828,#1829,#1830));
#8908=EDGE_LOOP('',(#1831,#1832,#1833,#1834));
#8909=EDGE_LOOP('',(#1835,#1836,#1837,#1838));
#8910=EDGE_LOOP('',(#1839,#1840,#1841,#1842));
#8911=EDGE_LOOP('',(#1843,#1844,#1845,#1846));
#8912=EDGE_LOOP('',(#1847,#1848,#1849,#1850));
#8913=EDGE_LOOP('',(#1851,#1852,#1853,#1854));
#8914=EDGE_LOOP('',(#1855,#1856,#1857,#1858));
#8915=EDGE_LOOP('',(#1859,#1860,#1861,#1862));
#8916=EDGE_LOOP('',(#1863,#1864,#1865,#1866));
#8917=EDGE_LOOP('',(#1867,#1868,#1869,#1870));
#8918=EDGE_LOOP('',(#1871,#1872,#1873,#1874));
#8919=EDGE_LOOP('',(#1875,#1876,#1877,#1878));
#8920=EDGE_LOOP('',(#1879,#1880,#1881,#1882));
#8921=EDGE_LOOP('',(#1883,#1884,#1885,#1886));
#8922=EDGE_LOOP('',(#1887,#1888,#1889,#1890));
#8923=EDGE_LOOP('',(#1891,#1892,#1893,#1894));
#8924=EDGE_LOOP('',(#1895,#1896,#1897,#1898));
#8925=EDGE_LOOP('',(#1899,#1900,#1901,#1902));
#8926=EDGE_LOOP('',(#1903,#1904,#1905,#1906));
#8927=EDGE_LOOP('',(#1907,#1908,#1909,#1910));
#8928=EDGE_LOOP('',(#1911,#1912,#1913,#1914));
#8929=EDGE_LOOP('',(#1915,#1916,#1917,#1918));
#8930=EDGE_LOOP('',(#1919,#1920,#1921,#1922));
#8931=EDGE_LOOP('',(#1923,#1924,#1925,#1926));
#8932=EDGE_LOOP('',(#1927,#1928,#1929,#1930));
#8933=EDGE_LOOP('',(#1931,#1932,#1933,#1934));
#8934=EDGE_LOOP('',(#1935,#1936,#1937,#1938));
#8935=EDGE_LOOP('',(#1939,#1940,#1941,#1942));
#8936=EDGE_LOOP('',(#1943,#1944,#1945,#1946));
#8937=EDGE_LOOP('',(#1947,#1948,#1949,#1950));
#8938=EDGE_LOOP('',(#1951,#1952,#1953,#1954));
#8939=EDGE_LOOP('',(#1955,#1956,#1957,#1958));
#8940=EDGE_LOOP('',(#1959,#1960,#1961,#1962));
#8941=EDGE_LOOP('',(#1963,#1964,#1965,#1966));
#8942=EDGE_LOOP('',(#1967,#1968,#1969,#1970));
#8943=EDGE_LOOP('',(#1971,#1972,#1973,#1974));
#8944=EDGE_LOOP('',(#1975,#1976,#1977,#1978));
#8945=EDGE_LOOP('',(#1979,#1980,#1981,#1982));
#8946=EDGE_LOOP('',(#1983,#1984,#1985,#1986));
#8947=EDGE_LOOP('',(#1987,#1988,#1989,#1990));
#8948=EDGE_LOOP('',(#1991,#1992,#1993,#1994));
#8949=EDGE_LOOP('',(#1995,#1996,#1997,#1998));
#8950=EDGE_LOOP('',(#1999,#2000,#2001,#2002));
#8951=EDGE_LOOP('',(#2003,#2004,#2005,#2006));
#8952=EDGE_LOOP('',(#2007,#2008,#2009,#2010));
#8953=EDGE_LOOP('',(#2011,#2012,#2013,#2014));
#8954=EDGE_LOOP('',(#2015,#2016,#2017,#2018));
#8955=EDGE_LOOP('',(#2019,#2020,#2021,#2022));
#8956=EDGE_LOOP('',(#2023,#2024,#2025,#2026));
#8957=EDGE_LOOP('',(#2027,#2028,#2029,#2030));
#8958=EDGE_LOOP('',(#2031,#2032,#2033,#2034));
#8959=EDGE_LOOP('',(#2035,#2036,#2037,#2038));
#8960=EDGE_LOOP('',(#2039,#2040,#2041,#2042));
#8961=EDGE_LOOP('',(#2043,#2044,#2045,#2046));
#8962=EDGE_LOOP('',(#2047,#2048,#2049,#2050));
#8963=EDGE_LOOP('',(#2051,#2052,#2053,#2054));
#8964=EDGE_LOOP('',(#2055,#2056,#2057,#2058));
#8965=EDGE_LOOP('',(#2059,#2060,#2061,#2062));
#8966=EDGE_LOOP('',(#2063,#2064,#2065,#2066));
#8967=EDGE_LOOP('',(#2067,#2068,#2069,#2070));
#8968=EDGE_LOOP('',(#2071,#2072,#2073,#2074));
#8969=EDGE_LOOP('',(#2075,#2076,#2077,#2078));
#8970=EDGE_LOOP('',(#2079,#2080,#2081,#2082));
#8971=EDGE_LOOP('',(#2083,#2084,#2085,#2086));
#8972=EDGE_LOOP('',(#2087,#2088,#2089,#2090));
#8973=EDGE_LOOP('',(#2091,#2092,#2093,#2094));
#8974=EDGE_LOOP('',(#2095,#2096,#2097,#2098));
#8975=EDGE_LOOP('',(#2099,#2100,#2101,#2102));
#8976=EDGE_LOOP('',(#2103,#2104,#2105,#2106));
#8977=EDGE_LOOP('',(#2107,#2108,#2109,#2110));
#8978=EDGE_LOOP('',(#2111,#2112,#2113,#2114));
#8979=EDGE_LOOP('',(#2115,#2116,#2117,#2118));
#8980=EDGE_LOOP('',(#2119,#2120,#2121,#2122));
#8981=EDGE_LOOP('',(#2123,#2124,#2125,#2126));
#8982=EDGE_LOOP('',(#2127,#2128,#2129,#2130));
#8983=EDGE_LOOP('',(#2131,#2132,#2133,#2134));
#8984=EDGE_LOOP('',(#2135,#2136,#2137,#2138));
#8985=EDGE_LOOP('',(#2139,#2140,#2141,#2142));
#8986=EDGE_LOOP('',(#2143,#2144,#2145,#2146));
#8987=EDGE_LOOP('',(#2147,#2148,#2149,#2150));
#8988=EDGE_LOOP('',(#2151,#2152,#2153,#2154));
#8989=EDGE_LOOP('',(#2155,#2156,#2157,#2158));
#8990=EDGE_LOOP('',(#2159,#2160,#2161,#2162));
#8991=EDGE_LOOP('',(#2163,#2164,#2165,#2166));
#8992=EDGE_LOOP('',(#2167,#2168,#2169,#2170));
#8993=EDGE_LOOP('',(#2171,#2172,#2173,#2174));
#8994=EDGE_LOOP('',(#2175,#2176,#2177,#2178));
#8995=EDGE_LOOP('',(#2179,#2180,#2181,#2182));
#8996=EDGE_LOOP('',(#2183,#2184,#2185,#2186));
#8997=EDGE_LOOP('',(#2187,#2188,#2189,#2190));
#8998=EDGE_LOOP('',(#2191,#2192,#2193,#2194));
#8999=EDGE_LOOP('',(#2195,#2196,#2197,#2198));
#9000=EDGE_LOOP('',(#2199,#2200,#2201,#2202));
#9001=EDGE_LOOP('',(#2203,#2204,#2205,#2206));
#9002=EDGE_LOOP('',(#2207,#2208,#2209,#2210));
#9003=EDGE_LOOP('',(#2211,#2212,#2213,#2214));
#9004=EDGE_LOOP('',(#2215,#2216,#2217,#2218));
#9005=EDGE_LOOP('',(#2219,#2220,#2221,#2222));
#9006=EDGE_LOOP('',(#2223,#2224,#2225,#2226));
#9007=EDGE_LOOP('',(#2227,#2228,#2229,#2230));
#9008=EDGE_LOOP('',(#2231,#2232,#2233,#2234));
#9009=EDGE_LOOP('',(#2235,#2236,#2237,#2238));
#9010=EDGE_LOOP('',(#2239,#2240,#2241,#2242));
#9011=EDGE_LOOP('',(#2243,#2244,#2245,#2246));
#9012=EDGE_LOOP('',(#2247,#2248,#2249,#2250));
#9013=EDGE_LOOP('',(#2251,#2252,#2253,#2254));
#9014=EDGE_LOOP('',(#2255,#2256,#2257,#2258));
#9015=EDGE_LOOP('',(#2259,#2260,#2261,#2262));
#9016=EDGE_LOOP('',(#2263,#2264,#2265,#2266));
#9017=EDGE_LOOP('',(#2267,#2268,#2269,#2270));
#9018=EDGE_LOOP('',(#2271,#2272,#2273,#2274));
#9019=EDGE_LOOP('',(#2275,#2276,#2277,#2278));
#9020=EDGE_LOOP('',(#2279,#2280,#2281,#2282));
#9021=EDGE_LOOP('',(#2283,#2284,#2285,#2286));
#9022=EDGE_LOOP('',(#2287,#2288,#2289,#2290));
#9023=EDGE_LOOP('',(#2291,#2292,#2293,#2294));
#9024=EDGE_LOOP('',(#2295,#2296,#2297,#2298));
#9025=EDGE_LOOP('',(#2299,#2300,#2301,#2302));
#9026=EDGE_LOOP('',(#2303,#2304,#2305,#2306));
#9027=EDGE_LOOP('',(#2307,#2308,#2309,#2310));
#9028=EDGE_LOOP('',(#2311,#2312,#2313,#2314));
#9029=EDGE_LOOP('',(#2315,#2316,#2317,#2318));
#9030=EDGE_LOOP('',(#2319,#2320,#2321,#2322));
#9031=EDGE_LOOP('',(#2323,#2324,#2325,#2326));
#9032=EDGE_LOOP('',(#2327,#2328,#2329,#2330));
#9033=EDGE_LOOP('',(#2331,#2332,#2333,#2334));
#9034=EDGE_LOOP('',(#2335,#2336,#2337,#2338));
#9035=EDGE_LOOP('',(#2339,#2340,#2341,#2342));
#9036=EDGE_LOOP('',(#2343,#2344,#2345,#2346));
#9037=EDGE_LOOP('',(#2347,#2348,#2349,#2350));
#9038=EDGE_LOOP('',(#2351,#2352,#2353,#2354));
#9039=EDGE_LOOP('',(#2355,#2356,#2357,#2358));
#9040=EDGE_LOOP('',(#2359,#2360,#2361,#2362));
#9041=EDGE_LOOP('',(#2363,#2364,#2365,#2366));
#9042=EDGE_LOOP('',(#2367,#2368,#2369,#2370));
#9043=EDGE_LOOP('',(#2371,#2372,#2373,#2374));
#9044=EDGE_LOOP('',(#2375,#2376,#2377,#2378));
#9045=EDGE_LOOP('',(#2379,#2380,#2381,#2382));
#9046=EDGE_LOOP('',(#2383,#2384,#2385,#2386));
#9047=EDGE_LOOP('',(#2387,#2388,#2389,#2390));
#9048=EDGE_LOOP('',(#2391,#2392,#2393,#2394));
#9049=EDGE_LOOP('',(#2395,#2396,#2397,#2398));
#9050=EDGE_LOOP('',(#2399,#2400,#2401,#2402));
#9051=EDGE_LOOP('',(#2403,#2404,#2405,#2406));
#9052=EDGE_LOOP('',(#2407,#2408,#2409,#2410));
#9053=EDGE_LOOP('',(#2411,#2412,#2413,#2414));
#9054=EDGE_LOOP('',(#2415,#2416,#2417,#2418));
#9055=EDGE_LOOP('',(#2419,#2420,#2421,#2422));
#9056=EDGE_LOOP('',(#2423,#2424,#2425,#2426));
#9057=EDGE_LOOP('',(#2427,#2428,#2429,#2430));
#9058=EDGE_LOOP('',(#2431,#2432,#2433,#2434));
#9059=EDGE_LOOP('',(#2435,#2436,#2437,#2438));
#9060=EDGE_LOOP('',(#2439,#2440,#2441,#2442));
#9061=EDGE_LOOP('',(#2443,#2444,#2445,#2446));
#9062=EDGE_LOOP('',(#2447,#2448,#2449,#2450));
#9063=EDGE_LOOP('',(#2451,#2452,#2453,#2454));
#9064=EDGE_LOOP('',(#2455,#2456,#2457,#2458));
#9065=EDGE_LOOP('',(#2459,#2460,#2461,#2462));
#9066=EDGE_LOOP('',(#2463,#2464,#2465,#2466));
#9067=EDGE_LOOP('',(#2467,#2468,#2469,#2470));
#9068=EDGE_LOOP('',(#2471,#2472,#2473,#2474));
#9069=EDGE_LOOP('',(#2475,#2476,#2477,#2478));
#9070=EDGE_LOOP('',(#2479,#2480,#2481,#2482));
#9071=EDGE_LOOP('',(#2483,#2484,#2485,#2486));
#9072=EDGE_LOOP('',(#2487,#2488,#2489,#2490));
#9073=EDGE_LOOP('',(#2491,#2492,#2493,#2494));
#9074=EDGE_LOOP('',(#2495,#2496,#2497,#2498));
#9075=EDGE_LOOP('',(#2499,#2500,#2501,#2502));
#9076=EDGE_LOOP('',(#2503,#2504,#2505,#2506));
#9077=EDGE_LOOP('',(#2507,#2508,#2509,#2510));
#9078=EDGE_LOOP('',(#2511,#2512,#2513,#2514));
#9079=EDGE_LOOP('',(#2515,#2516,#2517,#2518));
#9080=EDGE_LOOP('',(#2519,#2520,#2521,#2522));
#9081=EDGE_LOOP('',(#2523,#2524,#2525,#2526));
#9082=EDGE_LOOP('',(#2527,#2528,#2529,#2530));
#9083=EDGE_LOOP('',(#2531,#2532,#2533,#2534));
#9084=EDGE_LOOP('',(#2535,#2536,#2537,#2538));
#9085=EDGE_LOOP('',(#2539,#2540,#2541,#2542));
#9086=EDGE_LOOP('',(#2543,#2544,#2545,#2546));
#9087=EDGE_LOOP('',(#2547,#2548,#2549,#2550));
#9088=EDGE_LOOP('',(#2551,#2552,#2553,#2554));
#9089=EDGE_LOOP('',(#2555,#2556,#2557,#2558));
#9090=EDGE_LOOP('',(#2559,#2560,#2561,#2562));
#9091=EDGE_LOOP('',(#2563,#2564,#2565,#2566));
#9092=EDGE_LOOP('',(#2567,#2568,#2569,#2570));
#9093=EDGE_LOOP('',(#2571,#2572,#2573,#2574));
#9094=EDGE_LOOP('',(#2575,#2576,#2577,#2578));
#9095=EDGE_LOOP('',(#2579,#2580,#2581,#2582));
#9096=EDGE_LOOP('',(#2583,#2584,#2585,#2586));
#9097=EDGE_LOOP('',(#2587,#2588,#2589,#2590));
#9098=EDGE_LOOP('',(#2591,#2592,#2593,#2594));
#9099=EDGE_LOOP('',(#2595,#2596,#2597,#2598));
#9100=EDGE_LOOP('',(#2599,#2600,#2601,#2602));
#9101=EDGE_LOOP('',(#2603,#2604,#2605,#2606));
#9102=EDGE_LOOP('',(#2607,#2608,#2609,#2610));
#9103=EDGE_LOOP('',(#2611,#2612,#2613,#2614));
#9104=EDGE_LOOP('',(#2615,#2616,#2617,#2618));
#9105=EDGE_LOOP('',(#2619,#2620,#2621,#2622));
#9106=EDGE_LOOP('',(#2623,#2624,#2625,#2626));
#9107=EDGE_LOOP('',(#2627,#2628,#2629,#2630));
#9108=EDGE_LOOP('',(#2631,#2632,#2633,#2634));
#9109=EDGE_LOOP('',(#2635,#2636,#2637,#2638));
#9110=EDGE_LOOP('',(#2639,#2640,#2641,#2642));
#9111=EDGE_LOOP('',(#2643,#2644,#2645,#2646));
#9112=EDGE_LOOP('',(#2647,#2648,#2649,#2650));
#9113=EDGE_LOOP('',(#2651,#2652,#2653,#2654));
#9114=EDGE_LOOP('',(#2655,#2656,#2657,#2658));
#9115=EDGE_LOOP('',(#2659,#2660,#2661,#2662));
#9116=EDGE_LOOP('',(#2663,#2664,#2665,#2666));
#9117=EDGE_LOOP('',(#2667,#2668,#2669,#2670));
#9118=EDGE_LOOP('',(#2671,#2672,#2673,#2674));
#9119=EDGE_LOOP('',(#2675,#2676,#2677,#2678));
#9120=EDGE_LOOP('',(#2679,#2680,#2681,#2682));
#9121=EDGE_LOOP('',(#2683,#2684,#2685,#2686));
#9122=EDGE_LOOP('',(#2687,#2688,#2689,#2690));
#9123=EDGE_LOOP('',(#2691,#2692,#2693,#2694));
#9124=EDGE_LOOP('',(#2695,#2696,#2697,#2698));
#9125=EDGE_LOOP('',(#2699,#2700,#2701,#2702));
#9126=EDGE_LOOP('',(#2703,#2704,#2705,#2706));
#9127=EDGE_LOOP('',(#2707,#2708,#2709,#2710));
#9128=EDGE_LOOP('',(#2711,#2712,#2713,#2714));
#9129=EDGE_LOOP('',(#2715,#2716,#2717,#2718));
#9130=EDGE_LOOP('',(#2719,#2720,#2721,#2722));
#9131=EDGE_LOOP('',(#2723,#2724,#2725,#2726));
#9132=EDGE_LOOP('',(#2727,#2728,#2729,#2730));
#9133=EDGE_LOOP('',(#2731,#2732,#2733,#2734));
#9134=EDGE_LOOP('',(#2735,#2736,#2737,#2738));
#9135=EDGE_LOOP('',(#2739,#2740,#2741,#2742));
#9136=EDGE_LOOP('',(#2743,#2744,#2745,#2746));
#9137=EDGE_LOOP('',(#2747,#2748,#2749,#2750));
#9138=EDGE_LOOP('',(#2751,#2752,#2753,#2754));
#9139=EDGE_LOOP('',(#2755,#2756,#2757,#2758));
#9140=EDGE_LOOP('',(#2759,#2760,#2761,#2762));
#9141=EDGE_LOOP('',(#2763,#2764,#2765,#2766));
#9142=EDGE_LOOP('',(#2767,#2768,#2769,#2770));
#9143=EDGE_LOOP('',(#2771,#2772,#2773,#2774));
#9144=EDGE_LOOP('',(#2775,#2776,#2777,#2778));
#9145=EDGE_LOOP('',(#2779,#2780,#2781,#2782));
#9146=EDGE_LOOP('',(#2783,#2784,#2785,#2786));
#9147=EDGE_LOOP('',(#2787,#2788,#2789,#2790));
#9148=EDGE_LOOP('',(#2791,#2792,#2793,#2794));
#9149=EDGE_LOOP('',(#2795,#2796,#2797,#2798));
#9150=EDGE_LOOP('',(#2799,#2800,#2801,#2802));
#9151=EDGE_LOOP('',(#2803,#2804,#2805,#2806));
#9152=EDGE_LOOP('',(#2807,#2808,#2809,#2810));
#9153=EDGE_LOOP('',(#2811,#2812,#2813,#2814));
#9154=EDGE_LOOP('',(#2815,#2816,#2817,#2818));
#9155=EDGE_LOOP('',(#2819,#2820,#2821,#2822));
#9156=EDGE_LOOP('',(#2823,#2824,#2825,#2826));
#9157=EDGE_LOOP('',(#2827,#2828,#2829,#2830));
#9158=EDGE_LOOP('',(#2831,#2832,#2833,#2834));
#9159=EDGE_LOOP('',(#2835,#2836,#2837,#2838));
#9160=EDGE_LOOP('',(#2839,#2840,#2841,#2842));
#9161=EDGE_LOOP('',(#2843,#2844,#2845,#2846));
#9162=EDGE_LOOP('',(#2847,#2848,#2849,#2850));
#9163=EDGE_LOOP('',(#2851,#2852,#2853,#2854));
#9164=EDGE_LOOP('',(#2855,#2856,#2857,#2858));
#9165=EDGE_LOOP('',(#2859,#2860,#2861,#2862));
#9166=EDGE_LOOP('',(#2863,#2864,#2865,#2866));
#9167=EDGE_LOOP('',(#2867,#2868,#2869,#2870));
#9168=EDGE_LOOP('',(#2871,#2872,#2873,#2874));
#9169=EDGE_LOOP('',(#2875,#2876,#2877,#2878));
#9170=EDGE_LOOP('',(#2879,#2880,#2881,#2882));
#9171=EDGE_LOOP('',(#2883,#2884,#2885,#2886));
#9172=EDGE_LOOP('',(#2887,#2888,#2889,#2890));
#9173=EDGE_LOOP('',(#2891,#2892,#2893,#2894));
#9174=EDGE_LOOP('',(#2895,#2896,#2897,#2898));
#9175=EDGE_LOOP('',(#2899,#2900,#2901,#2902));
#9176=EDGE_LOOP('',(#2903,#2904,#2905,#2906));
#9177=EDGE_LOOP('',(#2907,#2908,#2909,#2910));
#9178=EDGE_LOOP('',(#2911,#2912,#2913,#2914));
#9179=EDGE_LOOP('',(#2915,#2916,#2917,#2918));
#9180=EDGE_LOOP('',(#2919,#2920,#2921,#2922));
#9181=EDGE_LOOP('',(#2923,#2924,#2925,#2926));
#9182=EDGE_LOOP('',(#2927,#2928,#2929,#2930));
#9183=EDGE_LOOP('',(#2931,#2932,#2933,#2934));
#9184=EDGE_LOOP('',(#2935,#2936,#2937,#2938));
#9185=EDGE_LOOP('',(#2939,#2940,#2941,#2942));
#9186=EDGE_LOOP('',(#2943,#2944,#2945,#2946));
#9187=EDGE_LOOP('',(#2947,#2948,#2949,#2950));
#9188=EDGE_LOOP('',(#2951,#2952,#2953,#2954));
#9189=EDGE_LOOP('',(#2955,#2956,#2957,#2958));
#9190=EDGE_LOOP('',(#2959,#2960,#2961,#2962));
#9191=EDGE_LOOP('',(#2963,#2964,#2965,#2966));
#9192=EDGE_LOOP('',(#2967,#2968,#2969,#2970));
#9193=EDGE_LOOP('',(#2971,#2972,#2973,#2974));
#9194=EDGE_LOOP('',(#2975,#2976,#2977,#2978));
#9195=EDGE_LOOP('',(#2979,#2980,#2981,#2982));
#9196=EDGE_LOOP('',(#2983,#2984,#2985,#2986));
#9197=EDGE_LOOP('',(#2987,#2988,#2989,#2990));
#9198=EDGE_LOOP('',(#2991,#2992,#2993,#2994));
#9199=EDGE_LOOP('',(#2995,#2996,#2997,#2998));
#9200=EDGE_LOOP('',(#2999,#3000,#3001,#3002));
#9201=EDGE_LOOP('',(#3003,#3004,#3005,#3006));
#9202=EDGE_LOOP('',(#3007,#3008,#3009,#3010));
#9203=EDGE_LOOP('',(#3011,#3012,#3013,#3014));
#9204=EDGE_LOOP('',(#3015,#3016,#3017,#3018));
#9205=EDGE_LOOP('',(#3019,#3020,#3021,#3022));
#9206=EDGE_LOOP('',(#3023,#3024,#3025,#3026));
#9207=EDGE_LOOP('',(#3027,#3028,#3029,#3030));
#9208=EDGE_LOOP('',(#3031,#3032,#3033,#3034));
#9209=EDGE_LOOP('',(#3035,#3036,#3037,#3038));
#9210=EDGE_LOOP('',(#3039,#3040,#3041,#3042));
#9211=EDGE_LOOP('',(#3043,#3044,#3045,#3046));
#9212=EDGE_LOOP('',(#3047,#3048,#3049,#3050));
#9213=EDGE_LOOP('',(#3051,#3052,#3053,#3054));
#9214=EDGE_LOOP('',(#3055,#3056,#3057,#3058));
#9215=EDGE_LOOP('',(#3059,#3060,#3061,#3062));
#9216=EDGE_LOOP('',(#3063,#3064,#3065,#3066));
#9217=EDGE_LOOP('',(#3067,#3068,#3069,#3070));
#9218=EDGE_LOOP('',(#3071,#3072,#3073,#3074));
#9219=EDGE_LOOP('',(#3075,#3076,#3077,#3078));
#9220=EDGE_LOOP('',(#3079,#3080,#3081,#3082));
#9221=EDGE_LOOP('',(#3083,#3084,#3085,#3086));
#9222=EDGE_LOOP('',(#3087,#3088,#3089,#3090));
#9223=EDGE_LOOP('',(#3091,#3092,#3093,#3094));
#9224=EDGE_LOOP('',(#3095,#3096,#3097,#3098));
#9225=EDGE_LOOP('',(#3099,#3100,#3101,#3102));
#9226=EDGE_LOOP('',(#3103,#3104,#3105,#3106));
#9227=EDGE_LOOP('',(#3107,#3108,#3109,#3110));
#9228=EDGE_LOOP('',(#3111,#3112,#3113,#3114));
#9229=EDGE_LOOP('',(#3115,#3116,#3117,#3118));
#9230=EDGE_LOOP('',(#3119,#3120,#3121,#3122));
#9231=FACE_BOUND('',#8575,.T.);
#9232=FACE_BOUND('',#8576,.T.);
#9233=FACE_BOUND('',#8577,.T.);
#9234=FACE_BOUND('',#8578,.T.);
#9235=FACE_BOUND('',#8579,.T.);
#9236=FACE_BOUND('',#8580,.T.);
#9237=FACE_BOUND('',#8581,.T.);
#9238=FACE_BOUND('',#8582,.T.);
#9239=FACE_BOUND('',#8583,.T.);
#9240=FACE_BOUND('',#8584,.T.);
#9241=FACE_BOUND('',#8585,.T.);
#9242=FACE_BOUND('',#8586,.T.);
#9243=FACE_BOUND('',#8587,.T.);
#9244=FACE_BOUND('',#8588,.T.);
#9245=FACE_BOUND('',#8589,.T.);
#9246=FACE_BOUND('',#8590,.T.);
#9247=FACE_BOUND('',#8591,.T.);
#9248=FACE_BOUND('',#8592,.T.);
#9249=FACE_BOUND('',#8593,.T.);
#9250=FACE_BOUND('',#8594,.T.);
#9251=FACE_BOUND('',#8595,.T.);
#9252=FACE_BOUND('',#8596,.T.);
#9253=FACE_BOUND('',#8597,.T.);
#9254=FACE_BOUND('',#8598,.T.);
#9255=FACE_BOUND('',#8599,.T.);
#9256=FACE_BOUND('',#8600,.T.);
#9257=FACE_BOUND('',#8601,.T.);
#9258=FACE_BOUND('',#8602,.T.);
#9259=FACE_BOUND('',#8603,.T.);
#9260=FACE_BOUND('',#8604,.T.);
#9261=FACE_BOUND('',#8605,.T.);
#9262=FACE_BOUND('',#8606,.T.);
#9263=FACE_BOUND('',#8607,.T.);
#9264=FACE_BOUND('',#8608,.T.);
#9265=FACE_BOUND('',#8609,.T.);
#9266=FACE_BOUND('',#8610,.T.);
#9267=FACE_BOUND('',#8611,.T.);
#9268=FACE_BOUND('',#8612,.T.);
#9269=FACE_BOUND('',#8613,.T.);
#9270=FACE_BOUND('',#8614,.T.);
#9271=FACE_BOUND('',#8615,.T.);
#9272=FACE_BOUND('',#8616,.T.);
#9273=FACE_BOUND('',#8617,.T.);
#9274=FACE_BOUND('',#8618,.T.);
#9275=FACE_BOUND('',#8619,.T.);
#9276=FACE_BOUND('',#8620,.T.);
#9277=FACE_BOUND('',#8621,.T.);
#9278=FACE_BOUND('',#8622,.T.);
#9279=FACE_BOUND('',#8623,.T.);
#9280=FACE_BOUND('',#8624,.T.);
#9281=FACE_BOUND('',#8625,.T.);
#9282=FACE_BOUND('',#8626,.T.);
#9283=FACE_BOUND('',#8627,.T.);
#9284=FACE_BOUND('',#8628,.T.);
#9285=FACE_BOUND('',#8629,.T.);
#9286=FACE_BOUND('',#8630,.T.);
#9287=FACE_BOUND('',#8631,.T.);
#9288=FACE_BOUND('',#8632,.T.);
#9289=FACE_BOUND('',#8633,.T.);
#9290=FACE_BOUND('',#8634,.T.);
#9291=FACE_BOUND('',#8635,.T.);
#9292=FACE_BOUND('',#8636,.T.);
#9293=FACE_BOUND('',#8637,.T.);
#9294=FACE_BOUND('',#8638,.T.);
#9295=FACE_BOUND('',#8639,.T.);
#9296=FACE_BOUND('',#8640,.T.);
#9297=FACE_BOUND('',#8641,.T.);
#9298=FACE_BOUND('',#8642,.T.);
#9299=FACE_BOUND('',#8643,.T.);
#9300=FACE_BOUND('',#8644,.T.);
#9301=FACE_BOUND('',#8645,.T.);
#9302=FACE_BOUND('',#8646,.T.);
#9303=FACE_BOUND('',#8647,.T.);
#9304=FACE_BOUND('',#8648,.T.);
#9305=FACE_BOUND('',#8649,.T.);
#9306=FACE_BOUND('',#8650,.T.);
#9307=FACE_BOUND('',#8651,.T.);
#9308=FACE_BOUND('',#8652,.T.);
#9309=FACE_BOUND('',#8653,.T.);
#9310=FACE_BOUND('',#8654,.T.);
#9311=FACE_BOUND('',#8655,.T.);
#9312=FACE_BOUND('',#8656,.T.);
#9313=FACE_BOUND('',#8657,.T.);
#9314=FACE_BOUND('',#8658,.T.);
#9315=FACE_BOUND('',#8659,.T.);
#9316=FACE_BOUND('',#8660,.T.);
#9317=FACE_BOUND('',#8661,.T.);
#9318=FACE_BOUND('',#8662,.T.);
#9319=FACE_BOUND('',#8663,.T.);
#9320=FACE_BOUND('',#8664,.T.);
#9321=FACE_BOUND('',#8665,.T.);
#9322=FACE_BOUND('',#8666,.T.);
#9323=FACE_BOUND('',#8667,.T.);
#9324=FACE_BOUND('',#8668,.T.);
#9325=FACE_BOUND('',#8669,.T.);
#9326=FACE_BOUND('',#8670,.T.);
#9327=FACE_BOUND('',#8671,.T.);
#9328=FACE_BOUND('',#8672,.T.);
#9329=FACE_BOUND('',#8673,.T.);
#9330=FACE_BOUND('',#8674,.T.);
#9331=FACE_BOUND('',#8675,.T.);
#9332=FACE_BOUND('',#8676,.T.);
#9333=FACE_BOUND('',#8677,.T.);
#9334=FACE_BOUND('',#8678,.T.);
#9335=FACE_BOUND('',#8679,.T.);
#9336=FACE_BOUND('',#8680,.T.);
#9337=FACE_BOUND('',#8681,.T.);
#9338=FACE_BOUND('',#8682,.T.);
#9339=FACE_BOUND('',#8683,.T.);
#9340=FACE_BOUND('',#8684,.T.);
#9341=FACE_BOUND('',#8685,.T.);
#9342=FACE_BOUND('',#8686,.T.);
#9343=FACE_BOUND('',#8687,.T.);
#9344=FACE_BOUND('',#8688,.T.);
#9345=FACE_BOUND('',#8689,.T.);
#9346=FACE_BOUND('',#8690,.T.);
#9347=FACE_BOUND('',#8691,.T.);
#9348=FACE_BOUND('',#8692,.T.);
#9349=FACE_BOUND('',#8693,.T.);
#9350=FACE_BOUND('',#8694,.T.);
#9351=FACE_BOUND('',#8695,.T.);
#9352=FACE_BOUND('',#8696,.T.);
#9353=FACE_BOUND('',#8697,.T.);
#9354=FACE_BOUND('',#8698,.T.);
#9355=FACE_BOUND('',#8699,.T.);
#9356=FACE_BOUND('',#8700,.T.);
#9357=FACE_BOUND('',#8701,.T.);
#9358=FACE_BOUND('',#8702,.T.);
#9359=FACE_BOUND('',#8703,.T.);
#9360=FACE_BOUND('',#8704,.T.);
#9361=FACE_BOUND('',#8705,.T.);
#9362=FACE_BOUND('',#8706,.T.);
#9363=FACE_BOUND('',#8707,.T.);
#9364=FACE_BOUND('',#8708,.T.);
#9365=FACE_BOUND('',#8709,.T.);
#9366=FACE_BOUND('',#8710,.T.);
#9367=FACE_BOUND('',#8711,.T.);
#9368=FACE_BOUND('',#8712,.T.);
#9369=FACE_BOUND('',#8713,.T.);
#9370=FACE_BOUND('',#8714,.T.);
#9371=FACE_BOUND('',#8715,.T.);
#9372=FACE_BOUND('',#8716,.T.);
#9373=FACE_BOUND('',#8717,.T.);
#9374=FACE_BOUND('',#8718,.T.);
#9375=FACE_BOUND('',#8719,.T.);
#9376=FACE_BOUND('',#8720,.T.);
#9377=FACE_BOUND('',#8721,.T.);
#9378=FACE_BOUND('',#8722,.T.);
#9379=FACE_BOUND('',#8723,.T.);
#9380=FACE_BOUND('',#8724,.T.);
#9381=FACE_BOUND('',#8725,.T.);
#9382=FACE_BOUND('',#8726,.T.);
#9383=FACE_BOUND('',#8727,.T.);
#9384=FACE_BOUND('',#8728,.T.);
#9385=FACE_BOUND('',#8729,.T.);
#9386=FACE_BOUND('',#8730,.T.);
#9387=FACE_BOUND('',#8731,.T.);
#9388=FACE_BOUND('',#8732,.T.);
#9389=FACE_BOUND('',#8733,.T.);
#9390=FACE_BOUND('',#8734,.T.);
#9391=FACE_BOUND('',#8735,.T.);
#9392=FACE_BOUND('',#8736,.T.);
#9393=FACE_BOUND('',#8737,.T.);
#9394=FACE_BOUND('',#8738,.T.);
#9395=FACE_BOUND('',#8739,.T.);
#9396=FACE_BOUND('',#8740,.T.);
#9397=FACE_BOUND('',#8741,.T.);
#9398=FACE_BOUND('',#8742,.T.);
#9399=FACE_BOUND('',#8743,.T.);
#9400=FACE_BOUND('',#8744,.T.);
#9401=FACE_BOUND('',#8745,.T.);
#9402=FACE_BOUND('',#8746,.T.);
#9403=FACE_BOUND('',#8747,.T.);
#9404=FACE_BOUND('',#8748,.T.);
#9405=FACE_BOUND('',#8749,.T.);
#9406=FACE_BOUND('',#8750,.T.);
#9407=FACE_BOUND('',#8751,.T.);
#9408=FACE_BOUND('',#8752,.T.);
#9409=FACE_BOUND('',#8753,.T.);
#9410=FACE_BOUND('',#8754,.T.);
#9411=FACE_BOUND('',#8755,.T.);
#9412=FACE_BOUND('',#8756,.T.);
#9413=FACE_BOUND('',#8757,.T.);
#9414=FACE_BOUND('',#8758,.T.);
#9415=FACE_BOUND('',#8759,.T.);
#9416=FACE_BOUND('',#8760,.T.);
#9417=FACE_BOUND('',#8761,.T.);
#9418=FACE_BOUND('',#8762,.T.);
#9419=FACE_BOUND('',#8763,.T.);
#9420=FACE_BOUND('',#8764,.T.);
#9421=FACE_BOUND('',#8765,.T.);
#9422=FACE_BOUND('',#8766,.T.);
#9423=FACE_BOUND('',#8767,.T.);
#9424=FACE_BOUND('',#8768,.T.);
#9425=FACE_BOUND('',#8769,.T.);
#9426=FACE_BOUND('',#8770,.T.);
#9427=FACE_BOUND('',#8771,.T.);
#9428=FACE_BOUND('',#8772,.T.);
#9429=FACE_BOUND('',#8773,.T.);
#9430=FACE_BOUND('',#8774,.T.);
#9431=FACE_BOUND('',#8775,.T.);
#9432=FACE_BOUND('',#8776,.T.);
#9433=FACE_BOUND('',#8777,.T.);
#9434=FACE_BOUND('',#8778,.T.);
#9435=FACE_BOUND('',#8779,.T.);
#9436=FACE_BOUND('',#8780,.T.);
#9437=FACE_BOUND('',#8781,.T.);
#9438=FACE_BOUND('',#8782,.T.);
#9439=FACE_BOUND('',#8783,.T.);
#9440=FACE_BOUND('',#8784,.T.);
#9441=FACE_BOUND('',#8785,.T.);
#9442=FACE_BOUND('',#8786,.T.);
#9443=FACE_BOUND('',#8787,.T.);
#9444=FACE_BOUND('',#8788,.T.);
#9445=FACE_BOUND('',#8789,.T.);
#9446=FACE_BOUND('',#8790,.T.);
#9447=FACE_BOUND('',#8791,.T.);
#9448=FACE_BOUND('',#8792,.T.);
#9449=FACE_BOUND('',#8793,.T.);
#9450=FACE_BOUND('',#8794,.T.);
#9451=FACE_BOUND('',#8795,.T.);
#9452=FACE_BOUND('',#8796,.T.);
#9453=FACE_BOUND('',#8797,.T.);
#9454=FACE_BOUND('',#8798,.T.);
#9455=FACE_BOUND('',#8799,.T.);
#9456=FACE_BOUND('',#8800,.T.);
#9457=FACE_BOUND('',#8801,.T.);
#9458=FACE_BOUND('',#8802,.T.);
#9459=FACE_BOUND('',#8803,.T.);
#9460=FACE_BOUND('',#8804,.T.);
#9461=FACE_BOUND('',#8805,.T.);
#9462=FACE_BOUND('',#8806,.T.);
#9463=FACE_BOUND('',#8807,.T.);
#9464=FACE_BOUND('',#8808,.T.);
#9465=FACE_BOUND('',#8809,.T.);
#9466=FACE_BOUND('',#8810,.T.);
#9467=FACE_BOUND('',#8811,.T.);
#9468=FACE_BOUND('',#8812,.T.);
#9469=FACE_BOUND('',#8813,.T.);
#9470=FACE_BOUND('',#8814,.T.);
#9471=FACE_BOUND('',#8815,.T.);
#9472=FACE_BOUND('',#8816,.T.);
#9473=FACE_BOUND('',#8817,.T.);
#9474=FACE_BOUND('',#8818,.T.);
#9475=FACE_BOUND('',#8819,.T.);
#9476=FACE_BOUND('',#8820,.T.);
#9477=FACE_BOUND('',#8821,.T.);
#9478=FACE_BOUND('',#8822,.T.);
#9479=FACE_BOUND('',#8823,.T.);
#9480=FACE_BOUND('',#8824,.T.);
#9481=FACE_BOUND('',#8825,.T.);
#9482=FACE_BOUND('',#8826,.T.);
#9483=FACE_BOUND('',#8827,.T.);
#9484=FACE_BOUND('',#8828,.T.);
#9485=FACE_BOUND('',#8829,.T.);
#9486=FACE_BOUND('',#8830,.T.);
#9487=FACE_BOUND('',#8831,.T.);
#9488=FACE_BOUND('',#8832,.T.);
#9489=FACE_BOUND('',#8833,.T.);
#9490=FACE_BOUND('',#8834,.T.);
#9491=FACE_BOUND('',#8835,.T.);
#9492=FACE_BOUND('',#8836,.T.);
#9493=FACE_BOUND('',#8837,.T.);
#9494=FACE_BOUND('',#8838,.T.);
#9495=FACE_BOUND('',#8839,.T.);
#9496=FACE_BOUND('',#8840,.T.);
#9497=FACE_BOUND('',#8841,.T.);
#9498=FACE_BOUND('',#8842,.T.);
#9499=FACE_BOUND('',#8843,.T.);
#9500=FACE_BOUND('',#8844,.T.);
#9501=FACE_BOUND('',#8845,.T.);
#9502=FACE_BOUND('',#8846,.T.);
#9503=FACE_BOUND('',#8847,.T.);
#9504=FACE_BOUND('',#8848,.T.);
#9505=FACE_BOUND('',#8849,.T.);
#9506=FACE_BOUND('',#8850,.T.);
#9507=FACE_BOUND('',#8851,.T.);
#9508=FACE_BOUND('',#8852,.T.);
#9509=FACE_BOUND('',#8853,.T.);
#9510=FACE_BOUND('',#8854,.T.);
#9511=FACE_BOUND('',#8855,.T.);
#9512=FACE_BOUND('',#8856,.T.);
#9513=FACE_BOUND('',#8857,.T.);
#9514=FACE_BOUND('',#8858,.T.);
#9515=FACE_BOUND('',#8859,.T.);
#9516=FACE_BOUND('',#8860,.T.);
#9517=FACE_BOUND('',#8861,.T.);
#9518=FACE_BOUND('',#8862,.T.);
#9519=FACE_BOUND('',#8863,.T.);
#9520=FACE_BOUND('',#8864,.T.);
#9521=FACE_BOUND('',#8865,.T.);
#9522=FACE_BOUND('',#8866,.T.);
#9523=FACE_BOUND('',#8867,.T.);
#9524=FACE_BOUND('',#8868,.T.);
#9525=FACE_BOUND('',#8869,.T.);
#9526=FACE_BOUND('',#8870,.T.);
#9527=FACE_BOUND('',#8871,.T.);
#9528=FACE_BOUND('',#8872,.T.);
#9529=FACE_BOUND('',#8873,.T.);
#9530=FACE_BOUND('',#8874,.T.);
#9531=FACE_BOUND('',#8875,.T.);
#9532=FACE_BOUND('',#8876,.T.);
#9533=FACE_BOUND('',#8877,.T.);
#9534=FACE_BOUND('',#8878,.T.);
#9535=FACE_BOUND('',#8879,.T.);
#9536=FACE_BOUND('',#8880,.T.);
#9537=FACE_BOUND('',#8881,.T.);
#9538=FACE_BOUND('',#8882,.T.);
#9539=FACE_BOUND('',#8883,.T.);
#9540=FACE_BOUND('',#8884,.T.);
#9541=FACE_BOUND('',#8885,.T.);
#9542=FACE_BOUND('',#8886,.T.);
#9543=FACE_BOUND('',#8887,.T.);
#9544=FACE_BOUND('',#8888,.T.);
#9545=FACE_BOUND('',#8889,.T.);
#9546=FACE_BOUND('',#8890,.T.);
#9547=FACE_BOUND('',#8891,.T.);
#9548=FACE_BOUND('',#8892,.T.);
#9549=FACE_BOUND('',#8893,.T.);
#9550=FACE_BOUND('',#8894,.T.);
#9551=FACE_BOUND('',#8895,.T.);
#9552=FACE_BOUND('',#8896,.T.);
#9553=FACE_BOUND('',#8897,.T.);
#9554=FACE_BOUND('',#8898,.T.);
#9555=FACE_BOUND('',#8899,.T.);
#9556=FACE_BOUND('',#8900,.T.);
#9557=FACE_BOUND('',#8901,.T.);
#9558=FACE_BOUND('',#8902,.T.);
#9559=FACE_BOUND('',#8903,.T.);
#9560=FACE_BOUND('',#8904,.T.);
#9561=FACE_BOUND('',#8905,.T.);
#9562=FACE_BOUND('',#8906,.T.);
#9563=FACE_BOUND('',#8907,.T.);
#9564=FACE_BOUND('',#8908,.T.);
#9565=FACE_BOUND('',#8909,.T.);
#9566=FACE_BOUND('',#8910,.T.);
#9567=FACE_BOUND('',#8911,.T.);
#9568=FACE_BOUND('',#8912,.T.);
#9569=FACE_BOUND('',#8913,.T.);
#9570=FACE_BOUND('',#8914,.T.);
#9571=FACE_BOUND('',#8915,.T.);
#9572=FACE_BOUND('',#8916,.T.);
#9573=FACE_BOUND('',#8917,.T.);
#9574=FACE_BOUND('',#8918,.T.);
#9575=FACE_BOUND('',#8919,.T.);
#9576=FACE_BOUND('',#8920,.T.);
#9577=FACE_BOUND('',#8921,.T.);
#9578=FACE_BOUND('',#8922,.T.);
#9579=FACE_BOUND('',#8923,.T.);
#9580=FACE_BOUND('',#8924,.T.);
#9581=FACE_BOUND('',#8925,.T.);
#9582=FACE_BOUND('',#8926,.T.);
#9583=FACE_BOUND('',#8927,.T.);
#9584=FACE_BOUND('',#8928,.T.);
#9585=FACE_BOUND('',#8929,.T.);
#9586=FACE_BOUND('',#8930,.T.);
#9587=FACE_BOUND('',#8931,.T.);
#9588=FACE_BOUND('',#8932,.T.);
#9589=FACE_BOUND('',#8933,.T.);
#9590=FACE_BOUND('',#8934,.T.);
#9591=FACE_BOUND('',#8935,.T.);
#9592=FACE_BOUND('',#8936,.T.);
#9593=FACE_BOUND('',#8937,.T.);
#9594=FACE_BOUND('',#8938,.T.);
#9595=FACE_BOUND('',#8939,.T.);
#9596=FACE_BOUND('',#8940,.T.);
#9597=FACE_BOUND('',#8941,.T.);
#9598=FACE_BOUND('',#8942,.T.);
#9599=FACE_BOUND('',#8943,.T.);
#9600=FACE_BOUND('',#8944,.T.);
#9601=FACE_BOUND('',#8945,.T.);
#9602=FACE_BOUND('',#8946,.T.);
#9603=FACE_BOUND('',#8947,.T.);
#9604=FACE_BOUND('',#8948,.T.);
#9605=FACE_BOUND('',#8949,.T.);
#9606=FACE_BOUND('',#8950,.T.);
#9607=FACE_BOUND('',#8951,.T.);
#9608=FACE_BOUND('',#8952,.T.);
#9609=FACE_BOUND('',#8953,.T.);
#9610=FACE_BOUND('',#8954,.T.);
#9611=FACE_BOUND('',#8955,.T.);
#9612=FACE_BOUND('',#8956,.T.);
#9613=FACE_BOUND('',#8957,.T.);
#9614=FACE_BOUND('',#8958,.T.);
#9615=FACE_BOUND('',#8959,.T.);
#9616=FACE_BOUND('',#8960,.T.);
#9617=FACE_BOUND('',#8961,.T.);
#9618=FACE_BOUND('',#8962,.T.);
#9619=FACE_BOUND('',#8963,.T.);
#9620=FACE_BOUND('',#8964,.T.);
#9621=FACE_BOUND('',#8965,.T.);
#9622=FACE_BOUND('',#8966,.T.);
#9623=FACE_BOUND('',#8967,.T.);
#9624=FACE_BOUND('',#8968,.T.);
#9625=FACE_BOUND('',#8969,.T.);
#9626=FACE_BOUND('',#8970,.T.);
#9627=FACE_BOUND('',#8971,.T.);
#9628=FACE_BOUND('',#8972,.T.);
#9629=FACE_BOUND('',#8973,.T.);
#9630=FACE_BOUND('',#8974,.T.);
#9631=FACE_BOUND('',#8975,.T.);
#9632=FACE_BOUND('',#8976,.T.);
#9633=FACE_BOUND('',#8977,.T.);
#9634=FACE_BOUND('',#8978,.T.);
#9635=FACE_BOUND('',#8979,.T.);
#9636=FACE_BOUND('',#8980,.T.);
#9637=FACE_BOUND('',#8981,.T.);
#9638=FACE_BOUND('',#8982,.T.);
#9639=FACE_BOUND('',#8983,.T.);
#9640=FACE_BOUND('',#8984,.T.);
#9641=FACE_BOUND('',#8985,.T.);
#9642=FACE_BOUND('',#8986,.T.);
#9643=FACE_BOUND('',#8987,.T.);
#9644=FACE_BOUND('',#8988,.T.);
#9645=FACE_BOUND('',#8989,.T.);
#9646=FACE_BOUND('',#8990,.T.);
#9647=FACE_BOUND('',#8991,.T.);
#9648=FACE_BOUND('',#8992,.T.);
#9649=FACE_BOUND('',#8993,.T.);
#9650=FACE_BOUND('',#8994,.T.);
#9651=FACE_BOUND('',#8995,.T.);
#9652=FACE_BOUND('',#8996,.T.);
#9653=FACE_BOUND('',#8997,.T.);
#9654=FACE_BOUND('',#8998,.T.);
#9655=FACE_BOUND('',#8999,.T.);
#9656=FACE_BOUND('',#9000,.T.);
#9657=FACE_BOUND('',#9001,.T.);
#9658=FACE_BOUND('',#9002,.T.);
#9659=FACE_BOUND('',#9003,.T.);
#9660=FACE_BOUND('',#9004,.T.);
#9661=FACE_BOUND('',#9005,.T.);
#9662=FACE_BOUND('',#9006,.T.);
#9663=FACE_BOUND('',#9007,.T.);
#9664=FACE_BOUND('',#9008,.T.);
#9665=FACE_BOUND('',#9009,.T.);
#9666=FACE_BOUND('',#9010,.T.);
#9667=FACE_BOUND('',#9011,.T.);
#9668=FACE_BOUND('',#9012,.T.);
#9669=FACE_BOUND('',#9013,.T.);
#9670=FACE_BOUND('',#9014,.T.);
#9671=FACE_BOUND('',#9015,.T.);
#9672=FACE_BOUND('',#9016,.T.);
#9673=FACE_BOUND('',#9017,.T.);
#9674=FACE_BOUND('',#9018,.T.);
#9675=FACE_BOUND('',#9019,.T.);
#9676=FACE_BOUND('',#9020,.T.);
#9677=FACE_BOUND('',#9021,.T.);
#9678=FACE_BOUND('',#9022,.T.);
#9679=FACE_BOUND('',#9023,.T.);
#9680=FACE_BOUND('',#9024,.T.);
#9681=FACE_BOUND('',#9025,.T.);
#9682=FACE_BOUND('',#9026,.T.);
#9683=FACE_BOUND('',#9027,.T.);
#9684=FACE_BOUND('',#9028,.T.);
#9685=FACE_BOUND('',#9029,.T.);
#9686=FACE_BOUND('',#9030,.T.);
#9687=FACE_BOUND('',#9031,.T.);
#9688=FACE_BOUND('',#9032,.T.);
#9689=FACE_BOUND('',#9033,.T.);
#9690=FACE_BOUND('',#9034,.T.);
#9691=FACE_BOUND('',#9035,.T.);
#9692=FACE_BOUND('',#9036,.T.);
#9693=FACE_BOUND('',#9037,.T.);
#9694=FACE_BOUND('',#9038,.T.);
#9695=FACE_BOUND('',#9039,.T.);
#9696=FACE_BOUND('',#9040,.T.);
#9697=FACE_BOUND('',#9041,.T.);
#9698=FACE_BOUND('',#9042,.T.);
#9699=FACE_BOUND('',#9043,.T.);
#9700=FACE_BOUND('',#9044,.T.);
#9701=FACE_BOUND('',#9045,.T.);
#9702=FACE_BOUND('',#9046,.T.);
#9703=FACE_BOUND('',#9047,.T.);
#9704=FACE_BOUND('',#9048,.T.);
#9705=FACE_BOUND('',#9049,.T.);
#9706=FACE_BOUND('',#9050,.T.);
#9707=FACE_BOUND('',#9051,.T.);
#9708=FACE_BOUND('',#9052,.T.);
#9709=FACE_BOUND('',#9053,.T.);
#9710=FACE_BOUND('',#9054,.T.);
#9711=FACE_BOUND('',#9055,.T.);
#9712=FACE_BOUND('',#9056,.T.);
#9713=FACE_BOUND('',#9057,.T.);
#9714=FACE_BOUND('',#9058,.T.);
#9715=FACE_BOUND('',#9059,.T.);
#9716=FACE_BOUND('',#9060,.T.);
#9717=FACE_BOUND('',#9061,.T.);
#9718=FACE_BOUND('',#9062,.T.);
#9719=FACE_BOUND('',#9063,.T.);
#9720=FACE_BOUND('',#9064,.T.);
#9721=FACE_BOUND('',#9065,.T.);
#9722=FACE_BOUND('',#9066,.T.);
#9723=FACE_BOUND('',#9067,.T.);
#9724=FACE_BOUND('',#9068,.T.);
#9725=FACE_BOUND('',#9069,.T.);
#9726=FACE_BOUND('',#9070,.T.);
#9727=FACE_BOUND('',#9071,.T.);
#9728=FACE_BOUND('',#9072,.T.);
#9729=FACE_BOUND('',#9073,.T.);
#9730=FACE_BOUND('',#9074,.T.);
#9731=FACE_BOUND('',#9075,.T.);
#9732=FACE_BOUND('',#9076,.T.);
#9733=FACE_BOUND('',#9077,.T.);
#9734=FACE_BOUND('',#9078,.T.);
#9735=FACE_BOUND('',#9079,.T.);
#9736=FACE_BOUND('',#9080,.T.);
#9737=FACE_BOUND('',#9081,.T.);
#9738=FACE_BOUND('',#9082,.T.);
#9739=FACE_BOUND('',#9083,.T.);
#9740=FACE_BOUND('',#9084,.T.);
#9741=FACE_BOUND('',#9085,.T.);
#9742=FACE_BOUND('',#9086,.T.);
#9743=FACE_BOUND('',#9087,.T.);
#9744=FACE_BOUND('',#9088,.T.);
#9745=FACE_BOUND('',#9089,.T.);
#9746=FACE_BOUND('',#9090,.T.);
#9747=FACE_BOUND('',#9091,.T.);
#9748=FACE_BOUND('',#9092,.T.);
#9749=FACE_BOUND('',#9093,.T.);
#9750=FACE_BOUND('',#9094,.T.);
#9751=FACE_BOUND('',#9095,.T.);
#9752=FACE_BOUND('',#9096,.T.);
#9753=FACE_BOUND('',#9097,.T.);
#9754=FACE_BOUND('',#9098,.T.);
#9755=FACE_BOUND('',#9099,.T.);
#9756=FACE_BOUND('',#9100,.T.);
#9757=FACE_BOUND('',#9101,.T.);
#9758=FACE_BOUND('',#9102,.T.);
#9759=FACE_BOUND('',#9103,.T.);
#9760=FACE_BOUND('',#9104,.T.);
#9761=FACE_BOUND('',#9105,.T.);
#9762=FACE_BOUND('',#9106,.T.);
#9763=FACE_BOUND('',#9107,.T.);
#9764=FACE_BOUND('',#9108,.T.);
#9765=FACE_BOUND('',#9109,.T.);
#9766=FACE_BOUND('',#9110,.T.);
#9767=FACE_BOUND('',#9111,.T.);
#9768=FACE_BOUND('',#9112,.T.);
#9769=FACE_BOUND('',#9113,.T.);
#9770=FACE_BOUND('',#9114,.T.);
#9771=FACE_BOUND('',#9115,.T.);
#9772=FACE_BOUND('',#9116,.T.);
#9773=FACE_BOUND('',#9117,.T.);
#9774=FACE_BOUND('',#9118,.T.);
#9775=FACE_BOUND('',#9119,.T.);
#9776=FACE_BOUND('',#9120,.T.);
#9777=FACE_BOUND('',#9121,.T.);
#9778=FACE_BOUND('',#9122,.T.);
#9779=FACE_BOUND('',#9123,.T.);
#9780=FACE_BOUND('',#9124,.T.);
#9781=FACE_BOUND('',#9125,.T.);
#9782=FACE_BOUND('',#9126,.T.);
#9783=FACE_BOUND('',#9127,.T.);
#9784=FACE_BOUND('',#9128,.T.);
#9785=FACE_BOUND('',#9129,.T.);
#9786=FACE_BOUND('',#9130,.T.);
#9787=FACE_BOUND('',#9131,.T.);
#9788=FACE_BOUND('',#9132,.T.);
#9789=FACE_BOUND('',#9133,.T.);
#9790=FACE_BOUND('',#9134,.T.);
#9791=FACE_BOUND('',#9135,.T.);
#9792=FACE_BOUND('',#9136,.T.);
#9793=FACE_BOUND('',#9137,.T.);
#9794=FACE_BOUND('',#9138,.T.);
#9795=FACE_BOUND('',#9139,.T.);
#9796=FACE_BOUND('',#9140,.T.);
#9797=FACE_BOUND('',#9141,.T.);
#9798=FACE_BOUND('',#9142,.T.);
#9799=FACE_BOUND('',#9143,.T.);
#9800=FACE_BOUND('',#9144,.T.);
#9801=FACE_BOUND('',#9145,.T.);
#9802=FACE_BOUND('',#9146,.T.);
#9803=FACE_BOUND('',#9147,.T.);
#9804=FACE_BOUND('',#9148,.T.);
#9805=FACE_BOUND('',#9149,.T.);
#9806=FACE_BOUND('',#9150,.T.);
#9807=FACE_BOUND('',#9151,.T.);
#9808=FACE_BOUND('',#9152,.T.);
#9809=FACE_BOUND('',#9153,.T.);
#9810=FACE_BOUND('',#9154,.T.);
#9811=FACE_BOUND('',#9155,.T.);
#9812=FACE_BOUND('',#9156,.T.);
#9813=FACE_BOUND('',#9157,.T.);
#9814=FACE_BOUND('',#9158,.T.);
#9815=FACE_BOUND('',#9159,.T.);
#9816=FACE_BOUND('',#9160,.T.);
#9817=FACE_BOUND('',#9161,.T.);
#9818=FACE_BOUND('',#9162,.T.);
#9819=FACE_BOUND('',#9163,.T.);
#9820=FACE_BOUND('',#9164,.T.);
#9821=FACE_BOUND('',#9165,.T.);
#9822=FACE_BOUND('',#9166,.T.);
#9823=FACE_BOUND('',#9167,.T.);
#9824=FACE_BOUND('',#9168,.T.);
#9825=FACE_BOUND('',#9169,.T.);
#9826=FACE_BOUND('',#9170,.T.);
#9827=FACE_BOUND('',#9171,.T.);
#9828=FACE_BOUND('',#9172,.T.);
#9829=FACE_BOUND('',#9173,.T.);
#9830=FACE_BOUND('',#9174,.T.);
#9831=FACE_BOUND('',#9175,.T.);
#9832=FACE_BOUND('',#9176,.T.);
#9833=FACE_BOUND('',#9177,.T.);
#9834=FACE_BOUND('',#9178,.T.);
#9835=FACE_BOUND('',#9179,.T.);
#9836=FACE_BOUND('',#9180,.T.);
#9837=FACE_BOUND('',#9181,.T.);
#9838=FACE_BOUND('',#9182,.T.);
#9839=FACE_BOUND('',#9183,.T.);
#9840=FACE_BOUND('',#9184,.T.);
#9841=FACE_BOUND('',#9185,.T.);
#9842=FACE_BOUND('',#9186,.T.);
#9843=FACE_BOUND('',#9187,.T.);
#9844=FACE_BOUND('',#9188,.T.);
#9845=FACE_BOUND('',#9189,.T.);
#9846=FACE_BOUND('',#9190,.T.);
#9847=FACE_BOUND('',#9191,.T.);
#9848=FACE_BOUND('',#9192,.T.);
#9849=FACE_BOUND('',#9193,.T.);
#9850=FACE_BOUND('',#9194,.T.);
#9851=FACE_BOUND('',#9195,.T.);
#9852=FACE_BOUND('',#9196,.T.);
#9853=FACE_BOUND('',#9197,.T.);
#9854=FACE_BOUND('',#9198,.T.);
#9855=FACE_BOUND('',#9199,.T.);
#9856=FACE_BOUND('',#9200,.T.);
#9857=FACE_BOUND('',#9201,.T.);
#9858=FACE_BOUND('',#9202,.T.);
#9859=FACE_BOUND('',#9203,.T.);
#9860=FACE_BOUND('',#9204,.T.);
#9861=FACE_BOUND('',#9205,.T.);
#9862=FACE_BOUND('',#9206,.T.);
#9863=FACE_BOUND('',#9207,.T.);
#9864=FACE_BOUND('',#9208,.T.);
#9865=FACE_BOUND('',#9209,.T.);
#9866=FACE_BOUND('',#9210,.T.);
#9867=FACE_BOUND('',#9211,.T.);
#9868=FACE_BOUND('',#9212,.T.);
#9869=FACE_BOUND('',#9213,.T.);
#9870=FACE_BOUND('',#9214,.T.);
#9871=FACE_BOUND('',#9215,.T.);
#9872=FACE_BOUND('',#9216,.T.);
#9873=FACE_BOUND('',#9217,.T.);
#9874=FACE_BOUND('',#9218,.T.);
#9875=FACE_BOUND('',#9219,.T.);
#9876=FACE_BOUND('',#9220,.T.);
#9877=FACE_BOUND('',#9221,.T.);
#9878=FACE_BOUND('',#9222,.T.);
#9879=FACE_BOUND('',#9223,.T.);
#9880=FACE_BOUND('',#9224,.T.);
#9881=FACE_BOUND('',#9225,.T.);
#9882=FACE_BOUND('',#9226,.T.);
#9883=FACE_BOUND('',#9227,.T.);
#9884=FACE_BOUND('',#9228,.T.);
#9885=FACE_BOUND('',#9229,.T.);
#9886=FACE_BOUND('',#9230,.T.);
#9887=PLANE('',#11085);
#9888=PLANE('',#11086);
#9889=PLANE('',#11087);
#9890=PLANE('',#11088);
#9891=PLANE('',#11089);
#9892=PLANE('',#11090);
#9893=PLANE('',#11091);
#9894=PLANE('',#11092);
#9895=PLANE('',#11093);
#9896=PLANE('',#11094);
#9897=PLANE('',#11095);
#9898=PLANE('',#11096);
#9899=PLANE('',#11097);
#9900=PLANE('',#11098);
#9901=PLANE('',#11099);
#9902=PLANE('',#11100);
#9903=PLANE('',#11101);
#9904=PLANE('',#11102);
#9905=PLANE('',#11103);
#9906=PLANE('',#11104);
#9907=PLANE('',#11105);
#9908=PLANE('',#11106);
#9909=PLANE('',#11107);
#9910=PLANE('',#11108);
#9911=PLANE('',#11109);
#9912=PLANE('',#11110);
#9913=PLANE('',#11111);
#9914=PLANE('',#11112);
#9915=PLANE('',#11113);
#9916=PLANE('',#11114);
#9917=PLANE('',#11115);
#9918=PLANE('',#11116);
#9919=PLANE('',#11117);
#9920=PLANE('',#11118);
#9921=PLANE('',#11119);
#9922=PLANE('',#11120);
#9923=PLANE('',#11121);
#9924=PLANE('',#11122);
#9925=PLANE('',#11123);
#9926=PLANE('',#11124);
#9927=PLANE('',#11125);
#9928=PLANE('',#11126);
#9929=PLANE('',#11127);
#9930=PLANE('',#11128);
#9931=PLANE('',#11129);
#9932=PLANE('',#11130);
#9933=PLANE('',#11131);
#9934=PLANE('',#11132);
#9935=PLANE('',#11133);
#9936=PLANE('',#11134);
#9937=PLANE('',#11135);
#9938=PLANE('',#11136);
#9939=PLANE('',#11137);
#9940=PLANE('',#11138);
#9941=PLANE('',#11139);
#9942=PLANE('',#11140);
#9943=PLANE('',#11141);
#9944=PLANE('',#11142);
#9945=PLANE('',#11143);
#9946=PLANE('',#11144);
#9947=PLANE('',#11145);
#9948=PLANE('',#11146);
#9949=PLANE('',#11147);
#9950=PLANE('',#11148);
#9951=PLANE('',#11149);
#9952=PLANE('',#11150);
#9953=PLANE('',#11151);
#9954=PLANE('',#11152);
#9955=PLANE('',#11153);
#9956=PLANE('',#11154);
#9957=PLANE('',#11155);
#9958=PLANE('',#11156);
#9959=PLANE('',#11157);
#9960=PLANE('',#11158);
#9961=PLANE('',#11159);
#9962=PLANE('',#11160);
#9963=PLANE('',#11161);
#9964=PLANE('',#11162);
#9965=PLANE('',#11163);
#9966=PLANE('',#11164);
#9967=PLANE('',#11165);
#9968=PLANE('',#11166);
#9969=PLANE('',#11167);
#9970=PLANE('',#11168);
#9971=PLANE('',#11169);
#9972=PLANE('',#11170);
#9973=PLANE('',#11171);
#9974=PLANE('',#11172);
#9975=PLANE('',#11173);
#9976=PLANE('',#11174);
#9977=PLANE('',#11175);
#9978=PLANE('',#11176);
#9979=PLANE('',#11177);
#9980=PLANE('',#11178);
#9981=PLANE('',#11179);
#9982=PLANE('',#11180);
#9983=PLANE('',#11181);
#9984=PLANE('',#11182);
#9985=PLANE('',#11183);
#9986=PLANE('',#11184);
#9987=PLANE('',#11185);
#9988=PLANE('',#11186);
#9989=PLANE('',#11187);
#9990=PLANE('',#11188);
#9991=PLANE('',#11189);
#9992=PLANE('',#11190);
#9993=PLANE('',#11191);
#9994=PLANE('',#11192);
#9995=PLANE('',#11193);
#9996=PLANE('',#11194);
#9997=PLANE('',#11195);
#9998=PLANE('',#11196);
#9999=PLANE('',#11197);
#10000=PLANE('',#11198);
#10001=PLANE('',#11199);
#10002=PLANE('',#11200);
#10003=PLANE('',#11201);
#10004=PLANE('',#11202);
#10005=PLANE('',#11203);
#10006=PLANE('',#11204);
#10007=PLANE('',#11205);
#10008=PLANE('',#11206);
#10009=PLANE('',#11207);
#10010=PLANE('',#11208);
#10011=PLANE('',#11209);
#10012=PLANE('',#11210);
#10013=PLANE('',#11211);
#10014=PLANE('',#11212);
#10015=PLANE('',#11213);
#10016=PLANE('',#11214);
#10017=PLANE('',#11215);
#10018=PLANE('',#11216);
#10019=PLANE('',#11217);
#10020=PLANE('',#11218);
#10021=PLANE('',#11219);
#10022=PLANE('',#11220);
#10023=PLANE('',#11221);
#10024=PLANE('',#11222);
#10025=PLANE('',#11223);
#10026=PLANE('',#11224);
#10027=PLANE('',#11225);
#10028=PLANE('',#11226);
#10029=PLANE('',#11227);
#10030=PLANE('',#11228);
#10031=PLANE('',#11229);
#10032=PLANE('',#11230);
#10033=PLANE('',#11231);
#10034=PLANE('',#11232);
#10035=PLANE('',#11233);
#10036=PLANE('',#11234);
#10037=PLANE('',#11235);
#10038=PLANE('',#11236);
#10039=PLANE('',#11237);
#10040=PLANE('',#11238);
#10041=PLANE('',#11239);
#10042=PLANE('',#11240);
#10043=PLANE('',#11241);
#10044=PLANE('',#11242);
#10045=PLANE('',#11243);
#10046=PLANE('',#11244);
#10047=PLANE('',#11245);
#10048=PLANE('',#11246);
#10049=PLANE('',#11247);
#10050=PLANE('',#11248);
#10051=PLANE('',#11249);
#10052=PLANE('',#11250);
#10053=PLANE('',#11251);
#10054=PLANE('',#11252);
#10055=PLANE('',#11253);
#10056=PLANE('',#11254);
#10057=PLANE('',#11255);
#10058=PLANE('',#11256);
#10059=PLANE('',#11257);
#10060=PLANE('',#11258);
#10061=PLANE('',#11259);
#10062=PLANE('',#11260);
#10063=PLANE('',#11261);
#10064=PLANE('',#11262);
#10065=PLANE('',#11263);
#10066=PLANE('',#11264);
#10067=PLANE('',#11265);
#10068=PLANE('',#11266);
#10069=PLANE('',#11267);
#10070=PLANE('',#11268);
#10071=PLANE('',#11269);
#10072=PLANE('',#11270);
#10073=PLANE('',#11271);
#10074=PLANE('',#11272);
#10075=PLANE('',#11273);
#10076=PLANE('',#11274);
#10077=PLANE('',#11276);
#10078=PLANE('',#11278);
#10079=PLANE('',#11279);
#10080=PLANE('',#11281);
#10081=PLANE('',#11283);
#10082=PLANE('',#11284);
#10083=PLANE('',#11286);
#10084=PLANE('',#11288);
#10085=PLANE('',#11289);
#10086=PLANE('',#11291);
#10087=PLANE('',#11293);
#10088=PLANE('',#11294);
#10089=PLANE('',#11296);
#10090=PLANE('',#11298);
#10091=PLANE('',#11299);
#10092=PLANE('',#11301);
#10093=PLANE('',#11303);
#10094=PLANE('',#11304);
#10095=PLANE('',#11306);
#10096=PLANE('',#11308);
#10097=PLANE('',#11309);
#10098=PLANE('',#11311);
#10099=PLANE('',#11313);
#10100=PLANE('',#11314);
#10101=PLANE('',#11316);
#10102=PLANE('',#11318);
#10103=PLANE('',#11319);
#10104=PLANE('',#11321);
#10105=PLANE('',#11323);
#10106=PLANE('',#11324);
#10107=PLANE('',#11326);
#10108=PLANE('',#11328);
#10109=PLANE('',#11329);
#10110=PLANE('',#11331);
#10111=PLANE('',#11333);
#10112=PLANE('',#11334);
#10113=PLANE('',#11336);
#10114=PLANE('',#11338);
#10115=PLANE('',#11339);
#10116=PLANE('',#11341);
#10117=PLANE('',#11343);
#10118=PLANE('',#11344);
#10119=PLANE('',#11346);
#10120=PLANE('',#11348);
#10121=PLANE('',#11349);
#10122=PLANE('',#11351);
#10123=PLANE('',#11353);
#10124=PLANE('',#11354);
#10125=PLANE('',#11356);
#10126=PLANE('',#11358);
#10127=PLANE('',#11359);
#10128=PLANE('',#11361);
#10129=PLANE('',#11363);
#10130=PLANE('',#11364);
#10131=PLANE('',#11366);
#10132=PLANE('',#11368);
#10133=PLANE('',#11369);
#10134=PLANE('',#11371);
#10135=PLANE('',#11373);
#10136=PLANE('',#11374);
#10137=PLANE('',#11376);
#10138=PLANE('',#11377);
#10139=PLANE('',#11378);
#10140=PLANE('',#11379);
#10141=PLANE('',#11380);
#10142=PLANE('',#11381);
#10143=PLANE('',#11382);
#10144=PLANE('',#11383);
#10145=PLANE('',#11384);
#10146=PLANE('',#11385);
#10147=PLANE('',#11386);
#10148=PLANE('',#11387);
#10149=PLANE('',#11388);
#10150=PLANE('',#11389);
#10151=PLANE('',#11390);
#10152=PLANE('',#11391);
#10153=PLANE('',#11392);
#10154=PLANE('',#11393);
#10155=PLANE('',#11394);
#10156=PLANE('',#11395);
#10157=PLANE('',#11396);
#10158=PLANE('',#11397);
#10159=PLANE('',#11398);
#10160=PLANE('',#11399);
#10161=PLANE('',#11400);
#10162=PLANE('',#11401);
#10163=PLANE('',#11402);
#10164=PLANE('',#11403);
#10165=PLANE('',#11404);
#10166=PLANE('',#11405);
#10167=PLANE('',#11406);
#10168=PLANE('',#11407);
#10169=PLANE('',#11408);
#10170=PLANE('',#11409);
#10171=PLANE('',#11410);
#10172=PLANE('',#11411);
#10173=PLANE('',#11412);
#10174=PLANE('',#11413);
#10175=PLANE('',#11414);
#10176=PLANE('',#11415);
#10177=PLANE('',#11416);
#10178=PLANE('',#11417);
#10179=PLANE('',#11418);
#10180=PLANE('',#11419);
#10181=PLANE('',#11420);
#10182=PLANE('',#11421);
#10183=PLANE('',#11422);
#10184=PLANE('',#11423);
#10185=PLANE('',#11424);
#10186=PLANE('',#11425);
#10187=PLANE('',#11426);
#10188=PLANE('',#11427);
#10189=PLANE('',#11428);
#10190=PLANE('',#11429);
#10191=PLANE('',#11430);
#10192=PLANE('',#11431);
#10193=PLANE('',#11432);
#10194=PLANE('',#11433);
#10195=PLANE('',#11434);
#10196=PLANE('',#11435);
#10197=PLANE('',#11436);
#10198=PLANE('',#11437);
#10199=PLANE('',#11438);
#10200=PLANE('',#11439);
#10201=PLANE('',#11440);
#10202=PLANE('',#11441);
#10203=PLANE('',#11442);
#10204=PLANE('',#11443);
#10205=PLANE('',#11444);
#10206=PLANE('',#11445);
#10207=PLANE('',#11446);
#10208=PLANE('',#11447);
#10209=PLANE('',#11448);
#10210=PLANE('',#11449);
#10211=PLANE('',#11450);
#10212=PLANE('',#11451);
#10213=PLANE('',#11452);
#10214=PLANE('',#11453);
#10215=PLANE('',#11454);
#10216=PLANE('',#11455);
#10217=PLANE('',#11456);
#10218=PLANE('',#11457);
#10219=PLANE('',#11458);
#10220=PLANE('',#11459);
#10221=PLANE('',#11460);
#10222=PLANE('',#11461);
#10223=PLANE('',#11462);
#10224=PLANE('',#11463);
#10225=PLANE('',#11464);
#10226=PLANE('',#11465);
#10227=PLANE('',#11466);
#10228=PLANE('',#11467);
#10229=PLANE('',#11468);
#10230=PLANE('',#11469);
#10231=PLANE('',#11470);
#10232=PLANE('',#11471);
#10233=PLANE('',#11472);
#10234=PLANE('',#11473);
#10235=PLANE('',#11474);
#10236=PLANE('',#11475);
#10237=PLANE('',#11476);
#10238=PLANE('',#11477);
#10239=PLANE('',#11478);
#10240=PLANE('',#11479);
#10241=PLANE('',#11480);
#10242=PLANE('',#11481);
#10243=PLANE('',#11482);
#10244=PLANE('',#11483);
#10245=PLANE('',#11484);
#10246=PLANE('',#11485);
#10247=PLANE('',#11486);
#10248=PLANE('',#11487);
#10249=PLANE('',#11488);
#10250=PLANE('',#11489);
#10251=PLANE('',#11490);
#10252=PLANE('',#11491);
#10253=PLANE('',#11492);
#10254=PLANE('',#11493);
#10255=PLANE('',#11494);
#10256=PLANE('',#11495);
#10257=PLANE('',#11496);
#10258=PLANE('',#11497);
#10259=PLANE('',#11498);
#10260=PLANE('',#11499);
#10261=PLANE('',#11500);
#10262=PLANE('',#11501);
#10263=PLANE('',#11502);
#10264=PLANE('',#11503);
#10265=PLANE('',#11504);
#10266=PLANE('',#11505);
#10267=PLANE('',#11506);
#10268=PLANE('',#11507);
#10269=PLANE('',#11508);
#10270=PLANE('',#11509);
#10271=PLANE('',#11510);
#10272=PLANE('',#11511);
#10273=PLANE('',#11512);
#10274=PLANE('',#11513);
#10275=PLANE('',#11514);
#10276=PLANE('',#11515);
#10277=PLANE('',#11516);
#10278=PLANE('',#11517);
#10279=PLANE('',#11518);
#10280=PLANE('',#11519);
#10281=PLANE('',#11520);
#10282=PLANE('',#11521);
#10283=PLANE('',#11522);
#10284=PLANE('',#11523);
#10285=PLANE('',#11524);
#10286=PLANE('',#11525);
#10287=PLANE('',#11526);
#10288=PLANE('',#11527);
#10289=PLANE('',#11528);
#10290=PLANE('',#11529);
#10291=PLANE('',#11530);
#10292=PLANE('',#11531);
#10293=PLANE('',#11532);
#10294=PLANE('',#11533);
#10295=PLANE('',#11534);
#10296=PLANE('',#11535);
#10297=PLANE('',#11536);
#10298=PLANE('',#11537);
#10299=PLANE('',#11538);
#10300=PLANE('',#11539);
#10301=PLANE('',#11540);
#10302=PLANE('',#11541);
#10303=PLANE('',#11542);
#10304=PLANE('',#11543);
#10305=PLANE('',#11544);
#10306=PLANE('',#11545);
#10307=PLANE('',#11546);
#10308=PLANE('',#11547);
#10309=PLANE('',#11548);
#10310=PLANE('',#11549);
#10311=PLANE('',#11550);
#10312=PLANE('',#11551);
#10313=PLANE('',#11552);
#10314=PLANE('',#11553);
#10315=PLANE('',#11554);
#10316=PLANE('',#11555);
#10317=PLANE('',#11556);
#10318=PLANE('',#11557);
#10319=PLANE('',#11558);
#10320=PLANE('',#11559);
#10321=PLANE('',#11560);
#10322=PLANE('',#11561);
#10323=PLANE('',#11562);
#10324=PLANE('',#11563);
#10325=PLANE('',#11564);
#10326=PLANE('',#11565);
#10327=PLANE('',#11566);
#10328=PLANE('',#11567);
#10329=PLANE('',#11568);
#10330=PLANE('',#11569);
#10331=PLANE('',#11570);
#10332=PLANE('',#11571);
#10333=PLANE('',#11572);
#10334=PLANE('',#11573);
#10335=PLANE('',#11574);
#10336=PLANE('',#11575);
#10337=PLANE('',#11576);
#10338=PLANE('',#11577);
#10339=PLANE('',#11578);
#10340=PLANE('',#11579);
#10341=PLANE('',#11580);
#10342=PLANE('',#11581);
#10343=PLANE('',#11582);
#10344=PLANE('',#11583);
#10345=PLANE('',#11584);
#10346=PLANE('',#11585);
#10347=PLANE('',#11587);
#10348=PLANE('',#11588);
#10349=PLANE('',#11589);
#10350=PLANE('',#11590);
#10351=PLANE('',#11591);
#10352=PLANE('',#11592);
#10353=PLANE('',#11594);
#10354=PLANE('',#11595);
#10355=PLANE('',#11596);
#10356=PLANE('',#11597);
#10357=PLANE('',#11598);
#10358=PLANE('',#11599);
#10359=PLANE('',#11601);
#10360=PLANE('',#11602);
#10361=PLANE('',#11603);
#10362=PLANE('',#11604);
#10363=PLANE('',#11605);
#10364=PLANE('',#11606);
#10365=PLANE('',#11608);
#10366=PLANE('',#11609);
#10367=PLANE('',#11610);
#10368=PLANE('',#11611);
#10369=PLANE('',#11612);
#10370=PLANE('',#11613);
#10371=PLANE('',#11615);
#10372=PLANE('',#11616);
#10373=PLANE('',#11617);
#10374=PLANE('',#11618);
#10375=PLANE('',#11619);
#10376=PLANE('',#11620);
#10377=PLANE('',#11622);
#10378=PLANE('',#11623);
#10379=PLANE('',#11624);
#10380=PLANE('',#11625);
#10381=PLANE('',#11626);
#10382=PLANE('',#11627);
#10383=PLANE('',#11629);
#10384=PLANE('',#11630);
#10385=PLANE('',#11631);
#10386=PLANE('',#11632);
#10387=PLANE('',#11633);
#10388=PLANE('',#11634);
#10389=PLANE('',#11636);
#10390=PLANE('',#11637);
#10391=PLANE('',#11638);
#10392=PLANE('',#11639);
#10393=PLANE('',#11640);
#10394=PLANE('',#11641);
#10395=PLANE('',#11643);
#10396=PLANE('',#11644);
#10397=PLANE('',#11645);
#10398=PLANE('',#11646);
#10399=PLANE('',#11647);
#10400=PLANE('',#11648);
#10401=PLANE('',#11650);
#10402=PLANE('',#11651);
#10403=PLANE('',#11652);
#10404=PLANE('',#11653);
#10405=PLANE('',#11654);
#10406=PLANE('',#11655);
#10407=PLANE('',#11657);
#10408=PLANE('',#11658);
#10409=PLANE('',#11659);
#10410=PLANE('',#11660);
#10411=PLANE('',#11661);
#10412=PLANE('',#11662);
#10413=PLANE('',#11664);
#10414=PLANE('',#11665);
#10415=PLANE('',#11666);
#10416=PLANE('',#11667);
#10417=PLANE('',#11668);
#10418=PLANE('',#11669);
#10419=PLANE('',#11671);
#10420=PLANE('',#11672);
#10421=PLANE('',#11673);
#10422=PLANE('',#11674);
#10423=PLANE('',#11675);
#10424=PLANE('',#11676);
#10425=PLANE('',#11678);
#10426=PLANE('',#11679);
#10427=PLANE('',#11680);
#10428=PLANE('',#11681);
#10429=PLANE('',#11682);
#10430=PLANE('',#11683);
#10431=PLANE('',#11685);
#10432=PLANE('',#11686);
#10433=PLANE('',#11687);
#10434=PLANE('',#11688);
#10435=PLANE('',#11689);
#10436=PLANE('',#11690);
#10437=PLANE('',#11692);
#10438=PLANE('',#11693);
#10439=PLANE('',#11694);
#10440=PLANE('',#11695);
#10441=PLANE('',#11696);
#10442=PLANE('',#11697);
#10443=PLANE('',#11699);
#10444=PLANE('',#11700);
#10445=PLANE('',#11701);
#10446=PLANE('',#11702);
#10447=PLANE('',#11703);
#10448=PLANE('',#11704);
#10449=PLANE('',#11706);
#10450=PLANE('',#11707);
#10451=PLANE('',#11708);
#10452=PLANE('',#11709);
#10453=PLANE('',#11710);
#10454=PLANE('',#11711);
#10455=PLANE('',#11713);
#10456=PLANE('',#11714);
#10457=PLANE('',#11715);
#10458=PLANE('',#11716);
#10459=PLANE('',#11718);
#10460=PLANE('',#11719);
#10461=PLANE('',#11720);
#10462=PLANE('',#11721);
#10463=ADVANCED_FACE('',(#9231),#9887,.F.);
#10464=ADVANCED_FACE('',(#9232),#9888,.F.);
#10465=ADVANCED_FACE('',(#9233),#9889,.F.);
#10466=ADVANCED_FACE('',(#9234),#9890,.F.);
#10467=ADVANCED_FACE('',(#9235),#9891,.F.);
#10468=ADVANCED_FACE('',(#9236),#9892,.F.);
#10469=ADVANCED_FACE('',(#9237),#9893,.F.);
#10470=ADVANCED_FACE('',(#9238),#9894,.F.);
#10471=ADVANCED_FACE('',(#9239),#9895,.F.);
#10472=ADVANCED_FACE('',(#9240),#9896,.F.);
#10473=ADVANCED_FACE('',(#9241),#9897,.F.);
#10474=ADVANCED_FACE('',(#9242),#9898,.F.);
#10475=ADVANCED_FACE('',(#9243),#9899,.F.);
#10476=ADVANCED_FACE('',(#9244),#9900,.F.);
#10477=ADVANCED_FACE('',(#9245),#9901,.F.);
#10478=ADVANCED_FACE('',(#9246),#9902,.F.);
#10479=ADVANCED_FACE('',(#9247),#9903,.F.);
#10480=ADVANCED_FACE('',(#9248),#9904,.F.);
#10481=ADVANCED_FACE('',(#9249),#9905,.F.);
#10482=ADVANCED_FACE('',(#9250),#9906,.F.);
#10483=ADVANCED_FACE('',(#9251),#9907,.F.);
#10484=ADVANCED_FACE('',(#9252),#9908,.F.);
#10485=ADVANCED_FACE('',(#9253),#9909,.F.);
#10486=ADVANCED_FACE('',(#9254),#9910,.F.);
#10487=ADVANCED_FACE('',(#9255),#9911,.T.);
#10488=ADVANCED_FACE('',(#9256),#9912,.T.);
#10489=ADVANCED_FACE('',(#9257),#9913,.T.);
#10490=ADVANCED_FACE('',(#9258),#9914,.T.);
#10491=ADVANCED_FACE('',(#9259),#9915,.T.);
#10492=ADVANCED_FACE('',(#9260),#9916,.T.);
#10493=ADVANCED_FACE('',(#9261),#9917,.T.);
#10494=ADVANCED_FACE('',(#9262),#9918,.T.);
#10495=ADVANCED_FACE('',(#9263),#9919,.T.);
#10496=ADVANCED_FACE('',(#9264),#9920,.T.);
#10497=ADVANCED_FACE('',(#9265),#9921,.T.);
#10498=ADVANCED_FACE('',(#9266),#9922,.T.);
#10499=ADVANCED_FACE('',(#9267),#9923,.T.);
#10500=ADVANCED_FACE('',(#9268),#9924,.T.);
#10501=ADVANCED_FACE('',(#9269),#9925,.T.);
#10502=ADVANCED_FACE('',(#9270),#9926,.T.);
#10503=ADVANCED_FACE('',(#9271),#9927,.T.);
#10504=ADVANCED_FACE('',(#9272),#9928,.T.);
#10505=ADVANCED_FACE('',(#9273),#9929,.T.);
#10506=ADVANCED_FACE('',(#9274),#9930,.T.);
#10507=ADVANCED_FACE('',(#9275),#9931,.T.);
#10508=ADVANCED_FACE('',(#9276),#9932,.T.);
#10509=ADVANCED_FACE('',(#9277),#9933,.F.);
#10510=ADVANCED_FACE('',(#9278),#9934,.F.);
#10511=ADVANCED_FACE('',(#9279),#9935,.T.);
#10512=ADVANCED_FACE('',(#9280),#9936,.T.);
#10513=ADVANCED_FACE('',(#9281),#9937,.T.);
#10514=ADVANCED_FACE('',(#9282),#9938,.T.);
#10515=ADVANCED_FACE('',(#9283),#9939,.T.);
#10516=ADVANCED_FACE('',(#9284),#9940,.T.);
#10517=ADVANCED_FACE('',(#9285),#9941,.T.);
#10518=ADVANCED_FACE('',(#9286),#9942,.T.);
#10519=ADVANCED_FACE('',(#9287),#9943,.T.);
#10520=ADVANCED_FACE('',(#9288),#9944,.T.);
#10521=ADVANCED_FACE('',(#9289),#9945,.T.);
#10522=ADVANCED_FACE('',(#9290),#9946,.T.);
#10523=ADVANCED_FACE('',(#9291),#9947,.T.);
#10524=ADVANCED_FACE('',(#9292),#9948,.T.);
#10525=ADVANCED_FACE('',(#9293),#9949,.T.);
#10526=ADVANCED_FACE('',(#9294),#9950,.T.);
#10527=ADVANCED_FACE('',(#9295),#9951,.T.);
#10528=ADVANCED_FACE('',(#9296),#9952,.T.);
#10529=ADVANCED_FACE('',(#9297),#9953,.T.);
#10530=ADVANCED_FACE('',(#9298),#9954,.T.);
#10531=ADVANCED_FACE('',(#9299),#9955,.T.);
#10532=ADVANCED_FACE('',(#9300),#9956,.T.);
#10533=ADVANCED_FACE('',(#9301),#9957,.T.);
#10534=ADVANCED_FACE('',(#9302),#9958,.T.);
#10535=ADVANCED_FACE('',(#9303),#9959,.T.);
#10536=ADVANCED_FACE('',(#9304),#9960,.T.);
#10537=ADVANCED_FACE('',(#9305),#9961,.T.);
#10538=ADVANCED_FACE('',(#9306),#9962,.T.);
#10539=ADVANCED_FACE('',(#9307),#9963,.T.);
#10540=ADVANCED_FACE('',(#9308),#9964,.T.);
#10541=ADVANCED_FACE('',(#9309),#9965,.T.);
#10542=ADVANCED_FACE('',(#9310),#9966,.T.);
#10543=ADVANCED_FACE('',(#9311),#9967,.T.);
#10544=ADVANCED_FACE('',(#9312),#9968,.T.);
#10545=ADVANCED_FACE('',(#9313),#9969,.T.);
#10546=ADVANCED_FACE('',(#9314),#9970,.T.);
#10547=ADVANCED_FACE('',(#9315),#9971,.T.);
#10548=ADVANCED_FACE('',(#9316),#9972,.T.);
#10549=ADVANCED_FACE('',(#9317),#9973,.T.);
#10550=ADVANCED_FACE('',(#9318),#9974,.T.);
#10551=ADVANCED_FACE('',(#9319),#9975,.T.);
#10552=ADVANCED_FACE('',(#9320),#9976,.T.);
#10553=ADVANCED_FACE('',(#9321),#9977,.T.);
#10554=ADVANCED_FACE('',(#9322),#9978,.T.);
#10555=ADVANCED_FACE('',(#9323),#9979,.T.);
#10556=ADVANCED_FACE('',(#9324),#9980,.T.);
#10557=ADVANCED_FACE('',(#9325),#9981,.T.);
#10558=ADVANCED_FACE('',(#9326),#9982,.T.);
#10559=ADVANCED_FACE('',(#9327),#9983,.T.);
#10560=ADVANCED_FACE('',(#9328),#9984,.T.);
#10561=ADVANCED_FACE('',(#9329),#9985,.T.);
#10562=ADVANCED_FACE('',(#9330),#9986,.T.);
#10563=ADVANCED_FACE('',(#9331),#9987,.T.);
#10564=ADVANCED_FACE('',(#9332),#9988,.T.);
#10565=ADVANCED_FACE('',(#9333),#9989,.T.);
#10566=ADVANCED_FACE('',(#9334),#9990,.T.);
#10567=ADVANCED_FACE('',(#9335),#9991,.T.);
#10568=ADVANCED_FACE('',(#9336),#9992,.T.);
#10569=ADVANCED_FACE('',(#9337),#9993,.T.);
#10570=ADVANCED_FACE('',(#9338),#9994,.T.);
#10571=ADVANCED_FACE('',(#9339),#9995,.T.);
#10572=ADVANCED_FACE('',(#9340),#9996,.T.);
#10573=ADVANCED_FACE('',(#9341),#9997,.T.);
#10574=ADVANCED_FACE('',(#9342),#9998,.T.);
#10575=ADVANCED_FACE('',(#9343),#9999,.T.);
#10576=ADVANCED_FACE('',(#9344),#10000,.T.);
#10577=ADVANCED_FACE('',(#9345),#10001,.T.);
#10578=ADVANCED_FACE('',(#9346),#10002,.T.);
#10579=ADVANCED_FACE('',(#9347),#10003,.T.);
#10580=ADVANCED_FACE('',(#9348),#10004,.T.);
#10581=ADVANCED_FACE('',(#9349),#10005,.T.);
#10582=ADVANCED_FACE('',(#9350),#10006,.T.);
#10583=ADVANCED_FACE('',(#9351),#10007,.T.);
#10584=ADVANCED_FACE('',(#9352),#10008,.T.);
#10585=ADVANCED_FACE('',(#9353),#10009,.T.);
#10586=ADVANCED_FACE('',(#9354),#10010,.T.);
#10587=ADVANCED_FACE('',(#9355),#10011,.T.);
#10588=ADVANCED_FACE('',(#9356),#10012,.T.);
#10589=ADVANCED_FACE('',(#9357),#10013,.T.);
#10590=ADVANCED_FACE('',(#9358),#10014,.T.);
#10591=ADVANCED_FACE('',(#9359,#9360,#9361,#9362,#9363,#9364,#9365,#9366,
#9367,#9368,#9369,#9370,#9371,#9372,#9373,#9374,#9375,#9376,#9377,#9378,
#9379),#10015,.T.);
#10592=ADVANCED_FACE('',(#9380),#10016,.T.);
#10593=ADVANCED_FACE('',(#9381),#10017,.T.);
#10594=ADVANCED_FACE('',(#9382),#10018,.T.);
#10595=ADVANCED_FACE('',(#9383),#10019,.T.);
#10596=ADVANCED_FACE('',(#9384),#10020,.T.);
#10597=ADVANCED_FACE('',(#9385),#10021,.T.);
#10598=ADVANCED_FACE('',(#9386),#10022,.T.);
#10599=ADVANCED_FACE('',(#9387),#10023,.T.);
#10600=ADVANCED_FACE('',(#9388),#10024,.T.);
#10601=ADVANCED_FACE('',(#9389),#10025,.T.);
#10602=ADVANCED_FACE('',(#9390),#10026,.T.);
#10603=ADVANCED_FACE('',(#9391),#10027,.T.);
#10604=ADVANCED_FACE('',(#9392),#10028,.T.);
#10605=ADVANCED_FACE('',(#9393),#10029,.T.);
#10606=ADVANCED_FACE('',(#9394),#10030,.T.);
#10607=ADVANCED_FACE('',(#9395),#10031,.T.);
#10608=ADVANCED_FACE('',(#9396),#10032,.T.);
#10609=ADVANCED_FACE('',(#9397),#10033,.T.);
#10610=ADVANCED_FACE('',(#9398),#10034,.T.);
#10611=ADVANCED_FACE('',(#9399),#10035,.T.);
#10612=ADVANCED_FACE('',(#9400),#10036,.T.);
#10613=ADVANCED_FACE('',(#9401),#10037,.T.);
#10614=ADVANCED_FACE('',(#9402),#10038,.T.);
#10615=ADVANCED_FACE('',(#9403),#10039,.T.);
#10616=ADVANCED_FACE('',(#9404),#10040,.T.);
#10617=ADVANCED_FACE('',(#9405),#10041,.T.);
#10618=ADVANCED_FACE('',(#9406),#10042,.T.);
#10619=ADVANCED_FACE('',(#9407),#10043,.T.);
#10620=ADVANCED_FACE('',(#9408),#10044,.T.);
#10621=ADVANCED_FACE('',(#9409),#10045,.T.);
#10622=ADVANCED_FACE('',(#9410),#10046,.T.);
#10623=ADVANCED_FACE('',(#9411),#10047,.T.);
#10624=ADVANCED_FACE('',(#9412),#10048,.T.);
#10625=ADVANCED_FACE('',(#9413),#10049,.T.);
#10626=ADVANCED_FACE('',(#9414),#10050,.T.);
#10627=ADVANCED_FACE('',(#9415),#10051,.T.);
#10628=ADVANCED_FACE('',(#9416),#10052,.T.);
#10629=ADVANCED_FACE('',(#9417),#10053,.T.);
#10630=ADVANCED_FACE('',(#9418),#10054,.T.);
#10631=ADVANCED_FACE('',(#9419),#10055,.T.);
#10632=ADVANCED_FACE('',(#9420),#10056,.T.);
#10633=ADVANCED_FACE('',(#9421),#10057,.T.);
#10634=ADVANCED_FACE('',(#9422),#10058,.T.);
#10635=ADVANCED_FACE('',(#9423),#10059,.T.);
#10636=ADVANCED_FACE('',(#9424),#10060,.T.);
#10637=ADVANCED_FACE('',(#9425),#10061,.T.);
#10638=ADVANCED_FACE('',(#9426),#10062,.T.);
#10639=ADVANCED_FACE('',(#9427),#10063,.T.);
#10640=ADVANCED_FACE('',(#9428),#10064,.T.);
#10641=ADVANCED_FACE('',(#9429),#10065,.T.);
#10642=ADVANCED_FACE('',(#9430),#10066,.T.);
#10643=ADVANCED_FACE('',(#9431),#10067,.T.);
#10644=ADVANCED_FACE('',(#9432),#10068,.T.);
#10645=ADVANCED_FACE('',(#9433),#10069,.T.);
#10646=ADVANCED_FACE('',(#9434),#10070,.T.);
#10647=ADVANCED_FACE('',(#9435),#10071,.T.);
#10648=ADVANCED_FACE('',(#9436),#10072,.T.);
#10649=ADVANCED_FACE('',(#9437),#10073,.T.);
#10650=ADVANCED_FACE('',(#9438),#10074,.T.);
#10651=ADVANCED_FACE('',(#9439),#10075,.T.);
#10652=ADVANCED_FACE('',(#9440),#10076,.T.);
#10653=ADVANCED_FACE('',(#9441),#10077,.F.);
#10654=ADVANCED_FACE('',(#9442),#10078,.F.);
#10655=ADVANCED_FACE('',(#9443),#10079,.F.);
#10656=ADVANCED_FACE('',(#9444),#10080,.F.);
#10657=ADVANCED_FACE('',(#9445),#10081,.F.);
#10658=ADVANCED_FACE('',(#9446),#10082,.F.);
#10659=ADVANCED_FACE('',(#9447),#10083,.F.);
#10660=ADVANCED_FACE('',(#9448),#10084,.F.);
#10661=ADVANCED_FACE('',(#9449),#10085,.F.);
#10662=ADVANCED_FACE('',(#9450),#10086,.F.);
#10663=ADVANCED_FACE('',(#9451),#10087,.F.);
#10664=ADVANCED_FACE('',(#9452),#10088,.F.);
#10665=ADVANCED_FACE('',(#9453),#10089,.F.);
#10666=ADVANCED_FACE('',(#9454),#10090,.F.);
#10667=ADVANCED_FACE('',(#9455),#10091,.F.);
#10668=ADVANCED_FACE('',(#9456),#10092,.F.);
#10669=ADVANCED_FACE('',(#9457),#10093,.F.);
#10670=ADVANCED_FACE('',(#9458),#10094,.F.);
#10671=ADVANCED_FACE('',(#9459),#10095,.F.);
#10672=ADVANCED_FACE('',(#9460),#10096,.F.);
#10673=ADVANCED_FACE('',(#9461),#10097,.F.);
#10674=ADVANCED_FACE('',(#9462),#10098,.F.);
#10675=ADVANCED_FACE('',(#9463),#10099,.F.);
#10676=ADVANCED_FACE('',(#9464),#10100,.F.);
#10677=ADVANCED_FACE('',(#9465),#10101,.F.);
#10678=ADVANCED_FACE('',(#9466),#10102,.F.);
#10679=ADVANCED_FACE('',(#9467),#10103,.F.);
#10680=ADVANCED_FACE('',(#9468),#10104,.F.);
#10681=ADVANCED_FACE('',(#9469),#10105,.F.);
#10682=ADVANCED_FACE('',(#9470),#10106,.F.);
#10683=ADVANCED_FACE('',(#9471),#10107,.F.);
#10684=ADVANCED_FACE('',(#9472),#10108,.F.);
#10685=ADVANCED_FACE('',(#9473),#10109,.F.);
#10686=ADVANCED_FACE('',(#9474),#10110,.F.);
#10687=ADVANCED_FACE('',(#9475),#10111,.F.);
#10688=ADVANCED_FACE('',(#9476),#10112,.F.);
#10689=ADVANCED_FACE('',(#9477),#10113,.F.);
#10690=ADVANCED_FACE('',(#9478),#10114,.F.);
#10691=ADVANCED_FACE('',(#9479),#10115,.F.);
#10692=ADVANCED_FACE('',(#9480),#10116,.F.);
#10693=ADVANCED_FACE('',(#9481),#10117,.F.);
#10694=ADVANCED_FACE('',(#9482),#10118,.F.);
#10695=ADVANCED_FACE('',(#9483),#10119,.F.);
#10696=ADVANCED_FACE('',(#9484),#10120,.F.);
#10697=ADVANCED_FACE('',(#9485),#10121,.F.);
#10698=ADVANCED_FACE('',(#9486),#10122,.F.);
#10699=ADVANCED_FACE('',(#9487),#10123,.F.);
#10700=ADVANCED_FACE('',(#9488),#10124,.F.);
#10701=ADVANCED_FACE('',(#9489),#10125,.F.);
#10702=ADVANCED_FACE('',(#9490),#10126,.F.);
#10703=ADVANCED_FACE('',(#9491),#10127,.F.);
#10704=ADVANCED_FACE('',(#9492),#10128,.F.);
#10705=ADVANCED_FACE('',(#9493),#10129,.F.);
#10706=ADVANCED_FACE('',(#9494),#10130,.F.);
#10707=ADVANCED_FACE('',(#9495),#10131,.F.);
#10708=ADVANCED_FACE('',(#9496),#10132,.F.);
#10709=ADVANCED_FACE('',(#9497),#10133,.F.);
#10710=ADVANCED_FACE('',(#9498),#10134,.F.);
#10711=ADVANCED_FACE('',(#9499),#10135,.F.);
#10712=ADVANCED_FACE('',(#9500),#10136,.F.);
#10713=ADVANCED_FACE('',(#9501),#10137,.F.);
#10714=ADVANCED_FACE('',(#9502),#10138,.F.);
#10715=ADVANCED_FACE('',(#9503),#10139,.F.);
#10716=ADVANCED_FACE('',(#9504),#10140,.F.);
#10717=ADVANCED_FACE('',(#9505),#10141,.F.);
#10718=ADVANCED_FACE('',(#9506),#10142,.F.);
#10719=ADVANCED_FACE('',(#9507),#10143,.F.);
#10720=ADVANCED_FACE('',(#9508),#10144,.F.);
#10721=ADVANCED_FACE('',(#9509),#10145,.F.);
#10722=ADVANCED_FACE('',(#9510),#10146,.F.);
#10723=ADVANCED_FACE('',(#9511),#10147,.F.);
#10724=ADVANCED_FACE('',(#9512),#10148,.F.);
#10725=ADVANCED_FACE('',(#9513),#10149,.F.);
#10726=ADVANCED_FACE('',(#9514),#10150,.F.);
#10727=ADVANCED_FACE('',(#9515),#10151,.F.);
#10728=ADVANCED_FACE('',(#9516),#10152,.F.);
#10729=ADVANCED_FACE('',(#9517),#10153,.F.);
#10730=ADVANCED_FACE('',(#9518),#10154,.F.);
#10731=ADVANCED_FACE('',(#9519),#10155,.F.);
#10732=ADVANCED_FACE('',(#9520),#10156,.F.);
#10733=ADVANCED_FACE('',(#9521),#10157,.T.);
#10734=ADVANCED_FACE('',(#9522),#10158,.T.);
#10735=ADVANCED_FACE('',(#9523),#10159,.T.);
#10736=ADVANCED_FACE('',(#9524),#10160,.T.);
#10737=ADVANCED_FACE('',(#9525),#10161,.T.);
#10738=ADVANCED_FACE('',(#9526),#10162,.T.);
#10739=ADVANCED_FACE('',(#9527),#10163,.T.);
#10740=ADVANCED_FACE('',(#9528),#10164,.T.);
#10741=ADVANCED_FACE('',(#9529),#10165,.T.);
#10742=ADVANCED_FACE('',(#9530),#10166,.T.);
#10743=ADVANCED_FACE('',(#9531),#10167,.T.);
#10744=ADVANCED_FACE('',(#9532),#10168,.T.);
#10745=ADVANCED_FACE('',(#9533),#10169,.T.);
#10746=ADVANCED_FACE('',(#9534),#10170,.T.);
#10747=ADVANCED_FACE('',(#9535),#10171,.T.);
#10748=ADVANCED_FACE('',(#9536),#10172,.T.);
#10749=ADVANCED_FACE('',(#9537),#10173,.T.);
#10750=ADVANCED_FACE('',(#9538),#10174,.T.);
#10751=ADVANCED_FACE('',(#9539),#10175,.T.);
#10752=ADVANCED_FACE('',(#9540),#10176,.T.);
#10753=ADVANCED_FACE('',(#9541),#10177,.T.);
#10754=ADVANCED_FACE('',(#9542),#10178,.T.);
#10755=ADVANCED_FACE('',(#9543),#10179,.T.);
#10756=ADVANCED_FACE('',(#9544),#10180,.T.);
#10757=ADVANCED_FACE('',(#9545),#10181,.T.);
#10758=ADVANCED_FACE('',(#9546),#10182,.T.);
#10759=ADVANCED_FACE('',(#9547),#10183,.T.);
#10760=ADVANCED_FACE('',(#9548),#10184,.T.);
#10761=ADVANCED_FACE('',(#9549),#10185,.T.);
#10762=ADVANCED_FACE('',(#9550),#10186,.T.);
#10763=ADVANCED_FACE('',(#9551),#10187,.T.);
#10764=ADVANCED_FACE('',(#9552),#10188,.T.);
#10765=ADVANCED_FACE('',(#9553),#10189,.T.);
#10766=ADVANCED_FACE('',(#9554),#10190,.T.);
#10767=ADVANCED_FACE('',(#9555),#10191,.T.);
#10768=ADVANCED_FACE('',(#9556),#10192,.T.);
#10769=ADVANCED_FACE('',(#9557),#10193,.T.);
#10770=ADVANCED_FACE('',(#9558),#10194,.T.);
#10771=ADVANCED_FACE('',(#9559),#10195,.T.);
#10772=ADVANCED_FACE('',(#9560),#10196,.T.);
#10773=ADVANCED_FACE('',(#9561),#10197,.F.);
#10774=ADVANCED_FACE('',(#9562),#10198,.F.);
#10775=ADVANCED_FACE('',(#9563),#10199,.F.);
#10776=ADVANCED_FACE('',(#9564),#10200,.F.);
#10777=ADVANCED_FACE('',(#9565),#10201,.F.);
#10778=ADVANCED_FACE('',(#9566),#10202,.F.);
#10779=ADVANCED_FACE('',(#9567),#10203,.F.);
#10780=ADVANCED_FACE('',(#9568),#10204,.F.);
#10781=ADVANCED_FACE('',(#9569),#10205,.F.);
#10782=ADVANCED_FACE('',(#9570),#10206,.F.);
#10783=ADVANCED_FACE('',(#9571),#10207,.F.);
#10784=ADVANCED_FACE('',(#9572),#10208,.F.);
#10785=ADVANCED_FACE('',(#9573),#10209,.F.);
#10786=ADVANCED_FACE('',(#9574),#10210,.F.);
#10787=ADVANCED_FACE('',(#9575),#10211,.F.);
#10788=ADVANCED_FACE('',(#9576),#10212,.F.);
#10789=ADVANCED_FACE('',(#9577),#10213,.F.);
#10790=ADVANCED_FACE('',(#9578),#10214,.F.);
#10791=ADVANCED_FACE('',(#9579),#10215,.F.);
#10792=ADVANCED_FACE('',(#9580),#10216,.F.);
#10793=ADVANCED_FACE('',(#9581),#10217,.T.);
#10794=ADVANCED_FACE('',(#9582),#10218,.T.);
#10795=ADVANCED_FACE('',(#9583),#10219,.T.);
#10796=ADVANCED_FACE('',(#9584),#10220,.T.);
#10797=ADVANCED_FACE('',(#9585),#10221,.T.);
#10798=ADVANCED_FACE('',(#9586),#10222,.T.);
#10799=ADVANCED_FACE('',(#9587),#10223,.T.);
#10800=ADVANCED_FACE('',(#9588),#10224,.T.);
#10801=ADVANCED_FACE('',(#9589),#10225,.T.);
#10802=ADVANCED_FACE('',(#9590),#10226,.T.);
#10803=ADVANCED_FACE('',(#9591),#10227,.T.);
#10804=ADVANCED_FACE('',(#9592),#10228,.T.);
#10805=ADVANCED_FACE('',(#9593),#10229,.T.);
#10806=ADVANCED_FACE('',(#9594),#10230,.T.);
#10807=ADVANCED_FACE('',(#9595),#10231,.T.);
#10808=ADVANCED_FACE('',(#9596),#10232,.T.);
#10809=ADVANCED_FACE('',(#9597),#10233,.T.);
#10810=ADVANCED_FACE('',(#9598),#10234,.T.);
#10811=ADVANCED_FACE('',(#9599),#10235,.T.);
#10812=ADVANCED_FACE('',(#9600),#10236,.T.);
#10813=ADVANCED_FACE('',(#9601),#10237,.T.);
#10814=ADVANCED_FACE('',(#9602),#10238,.T.);
#10815=ADVANCED_FACE('',(#9603),#10239,.T.);
#10816=ADVANCED_FACE('',(#9604),#10240,.T.);
#10817=ADVANCED_FACE('',(#9605),#10241,.T.);
#10818=ADVANCED_FACE('',(#9606),#10242,.T.);
#10819=ADVANCED_FACE('',(#9607),#10243,.T.);
#10820=ADVANCED_FACE('',(#9608),#10244,.T.);
#10821=ADVANCED_FACE('',(#9609),#10245,.T.);
#10822=ADVANCED_FACE('',(#9610),#10246,.T.);
#10823=ADVANCED_FACE('',(#9611),#10247,.T.);
#10824=ADVANCED_FACE('',(#9612),#10248,.T.);
#10825=ADVANCED_FACE('',(#9613),#10249,.T.);
#10826=ADVANCED_FACE('',(#9614),#10250,.T.);
#10827=ADVANCED_FACE('',(#9615),#10251,.T.);
#10828=ADVANCED_FACE('',(#9616),#10252,.T.);
#10829=ADVANCED_FACE('',(#9617),#10253,.T.);
#10830=ADVANCED_FACE('',(#9618),#10254,.T.);
#10831=ADVANCED_FACE('',(#9619),#10255,.T.);
#10832=ADVANCED_FACE('',(#9620),#10256,.T.);
#10833=ADVANCED_FACE('',(#9621),#10257,.T.);
#10834=ADVANCED_FACE('',(#9622),#10258,.T.);
#10835=ADVANCED_FACE('',(#9623),#10259,.T.);
#10836=ADVANCED_FACE('',(#9624),#10260,.T.);
#10837=ADVANCED_FACE('',(#9625),#10261,.T.);
#10838=ADVANCED_FACE('',(#9626),#10262,.T.);
#10839=ADVANCED_FACE('',(#9627),#10263,.T.);
#10840=ADVANCED_FACE('',(#9628),#10264,.T.);
#10841=ADVANCED_FACE('',(#9629),#10265,.T.);
#10842=ADVANCED_FACE('',(#9630),#10266,.T.);
#10843=ADVANCED_FACE('',(#9631),#10267,.T.);
#10844=ADVANCED_FACE('',(#9632),#10268,.T.);
#10845=ADVANCED_FACE('',(#9633),#10269,.T.);
#10846=ADVANCED_FACE('',(#9634),#10270,.T.);
#10847=ADVANCED_FACE('',(#9635),#10271,.T.);
#10848=ADVANCED_FACE('',(#9636),#10272,.T.);
#10849=ADVANCED_FACE('',(#9637),#10273,.T.);
#10850=ADVANCED_FACE('',(#9638),#10274,.T.);
#10851=ADVANCED_FACE('',(#9639),#10275,.T.);
#10852=ADVANCED_FACE('',(#9640),#10276,.T.);
#10853=ADVANCED_FACE('',(#9641),#10277,.T.);
#10854=ADVANCED_FACE('',(#9642),#10278,.T.);
#10855=ADVANCED_FACE('',(#9643),#10279,.T.);
#10856=ADVANCED_FACE('',(#9644),#10280,.T.);
#10857=ADVANCED_FACE('',(#9645),#10281,.T.);
#10858=ADVANCED_FACE('',(#9646),#10282,.T.);
#10859=ADVANCED_FACE('',(#9647),#10283,.T.);
#10860=ADVANCED_FACE('',(#9648),#10284,.T.);
#10861=ADVANCED_FACE('',(#9649),#10285,.T.);
#10862=ADVANCED_FACE('',(#9650),#10286,.T.);
#10863=ADVANCED_FACE('',(#9651),#10287,.T.);
#10864=ADVANCED_FACE('',(#9652),#10288,.T.);
#10865=ADVANCED_FACE('',(#9653),#10289,.T.);
#10866=ADVANCED_FACE('',(#9654),#10290,.T.);
#10867=ADVANCED_FACE('',(#9655),#10291,.T.);
#10868=ADVANCED_FACE('',(#9656),#10292,.T.);
#10869=ADVANCED_FACE('',(#9657),#10293,.T.);
#10870=ADVANCED_FACE('',(#9658),#10294,.T.);
#10871=ADVANCED_FACE('',(#9659),#10295,.T.);
#10872=ADVANCED_FACE('',(#9660),#10296,.T.);
#10873=ADVANCED_FACE('',(#9661),#10297,.F.);
#10874=ADVANCED_FACE('',(#9662),#10298,.F.);
#10875=ADVANCED_FACE('',(#9663),#10299,.F.);
#10876=ADVANCED_FACE('',(#9664),#10300,.F.);
#10877=ADVANCED_FACE('',(#9665,#9666,#9667,#9668,#9669,#9670,#9671,#9672,
#9673,#9674,#9675,#9676,#9677,#9678,#9679,#9680,#9681,#9682,#9683,#9684,
#9685),#10301,.F.);
#10878=ADVANCED_FACE('',(#9686,#9687,#9688,#9689,#9690,#9691,#9692,#9693,
#9694,#9695,#9696,#9697,#9698,#9699,#9700,#9701,#9702,#9703,#9704,#9705,
#9706),#10302,.T.);
#10879=ADVANCED_FACE('',(#9707),#10303,.T.);
#10880=ADVANCED_FACE('',(#9708),#10304,.T.);
#10881=ADVANCED_FACE('',(#9709),#10305,.T.);
#10882=ADVANCED_FACE('',(#9710),#10306,.T.);
#10883=ADVANCED_FACE('',(#9711),#10307,.T.);
#10884=ADVANCED_FACE('',(#9712),#10308,.T.);
#10885=ADVANCED_FACE('',(#9713),#10309,.T.);
#10886=ADVANCED_FACE('',(#9714),#10310,.T.);
#10887=ADVANCED_FACE('',(#9715),#10311,.T.);
#10888=ADVANCED_FACE('',(#9716),#10312,.T.);
#10889=ADVANCED_FACE('',(#9717),#10313,.T.);
#10890=ADVANCED_FACE('',(#9718),#10314,.T.);
#10891=ADVANCED_FACE('',(#9719),#10315,.T.);
#10892=ADVANCED_FACE('',(#9720),#10316,.T.);
#10893=ADVANCED_FACE('',(#9721),#10317,.T.);
#10894=ADVANCED_FACE('',(#9722),#10318,.T.);
#10895=ADVANCED_FACE('',(#9723),#10319,.T.);
#10896=ADVANCED_FACE('',(#9724),#10320,.T.);
#10897=ADVANCED_FACE('',(#9725),#10321,.T.);
#10898=ADVANCED_FACE('',(#9726),#10322,.T.);
#10899=ADVANCED_FACE('',(#9727),#10323,.T.);
#10900=ADVANCED_FACE('',(#9728),#10324,.T.);
#10901=ADVANCED_FACE('',(#9729),#10325,.T.);
#10902=ADVANCED_FACE('',(#9730),#10326,.T.);
#10903=ADVANCED_FACE('',(#9731),#10327,.T.);
#10904=ADVANCED_FACE('',(#9732),#10328,.T.);
#10905=ADVANCED_FACE('',(#9733),#10329,.T.);
#10906=ADVANCED_FACE('',(#9734),#10330,.T.);
#10907=ADVANCED_FACE('',(#9735),#10331,.T.);
#10908=ADVANCED_FACE('',(#9736),#10332,.T.);
#10909=ADVANCED_FACE('',(#9737),#10333,.T.);
#10910=ADVANCED_FACE('',(#9738),#10334,.T.);
#10911=ADVANCED_FACE('',(#9739),#10335,.T.);
#10912=ADVANCED_FACE('',(#9740),#10336,.T.);
#10913=ADVANCED_FACE('',(#9741),#10337,.T.);
#10914=ADVANCED_FACE('',(#9742),#10338,.T.);
#10915=ADVANCED_FACE('',(#9743),#10339,.T.);
#10916=ADVANCED_FACE('',(#9744),#10340,.T.);
#10917=ADVANCED_FACE('',(#9745),#10341,.T.);
#10918=ADVANCED_FACE('',(#9746),#10342,.T.);
#10919=ADVANCED_FACE('',(#9747),#10343,.T.);
#10920=ADVANCED_FACE('',(#9748),#10344,.T.);
#10921=ADVANCED_FACE('',(#9749),#10345,.T.);
#10922=ADVANCED_FACE('',(#9750),#10346,.T.);
#10923=ADVANCED_FACE('',(#9751),#18,.F.);
#10924=ADVANCED_FACE('',(#9752),#10347,.T.);
#10925=ADVANCED_FACE('',(#9753),#10348,.T.);
#10926=ADVANCED_FACE('',(#9754),#10349,.T.);
#10927=ADVANCED_FACE('',(#9755),#10350,.T.);
#10928=ADVANCED_FACE('',(#9756),#10351,.T.);
#10929=ADVANCED_FACE('',(#9757),#10352,.T.);
#10930=ADVANCED_FACE('',(#9758),#19,.F.);
#10931=ADVANCED_FACE('',(#9759),#10353,.T.);
#10932=ADVANCED_FACE('',(#9760),#10354,.T.);
#10933=ADVANCED_FACE('',(#9761),#10355,.T.);
#10934=ADVANCED_FACE('',(#9762),#10356,.T.);
#10935=ADVANCED_FACE('',(#9763),#10357,.T.);
#10936=ADVANCED_FACE('',(#9764),#10358,.T.);
#10937=ADVANCED_FACE('',(#9765),#20,.F.);
#10938=ADVANCED_FACE('',(#9766),#10359,.T.);
#10939=ADVANCED_FACE('',(#9767),#10360,.T.);
#10940=ADVANCED_FACE('',(#9768),#10361,.T.);
#10941=ADVANCED_FACE('',(#9769),#10362,.T.);
#10942=ADVANCED_FACE('',(#9770),#10363,.T.);
#10943=ADVANCED_FACE('',(#9771),#10364,.T.);
#10944=ADVANCED_FACE('',(#9772),#21,.F.);
#10945=ADVANCED_FACE('',(#9773),#10365,.T.);
#10946=ADVANCED_FACE('',(#9774),#10366,.T.);
#10947=ADVANCED_FACE('',(#9775),#10367,.T.);
#10948=ADVANCED_FACE('',(#9776),#10368,.T.);
#10949=ADVANCED_FACE('',(#9777),#10369,.T.);
#10950=ADVANCED_FACE('',(#9778),#10370,.T.);
#10951=ADVANCED_FACE('',(#9779),#22,.F.);
#10952=ADVANCED_FACE('',(#9780),#10371,.T.);
#10953=ADVANCED_FACE('',(#9781),#10372,.T.);
#10954=ADVANCED_FACE('',(#9782),#10373,.T.);
#10955=ADVANCED_FACE('',(#9783),#10374,.T.);
#10956=ADVANCED_FACE('',(#9784),#10375,.T.);
#10957=ADVANCED_FACE('',(#9785),#10376,.T.);
#10958=ADVANCED_FACE('',(#9786),#23,.F.);
#10959=ADVANCED_FACE('',(#9787),#10377,.T.);
#10960=ADVANCED_FACE('',(#9788),#10378,.T.);
#10961=ADVANCED_FACE('',(#9789),#10379,.T.);
#10962=ADVANCED_FACE('',(#9790),#10380,.T.);
#10963=ADVANCED_FACE('',(#9791),#10381,.T.);
#10964=ADVANCED_FACE('',(#9792),#10382,.T.);
#10965=ADVANCED_FACE('',(#9793),#24,.F.);
#10966=ADVANCED_FACE('',(#9794),#10383,.T.);
#10967=ADVANCED_FACE('',(#9795),#10384,.T.);
#10968=ADVANCED_FACE('',(#9796),#10385,.T.);
#10969=ADVANCED_FACE('',(#9797),#10386,.T.);
#10970=ADVANCED_FACE('',(#9798),#10387,.T.);
#10971=ADVANCED_FACE('',(#9799),#10388,.T.);
#10972=ADVANCED_FACE('',(#9800),#25,.F.);
#10973=ADVANCED_FACE('',(#9801),#10389,.T.);
#10974=ADVANCED_FACE('',(#9802),#10390,.T.);
#10975=ADVANCED_FACE('',(#9803),#10391,.T.);
#10976=ADVANCED_FACE('',(#9804),#10392,.T.);
#10977=ADVANCED_FACE('',(#9805),#10393,.T.);
#10978=ADVANCED_FACE('',(#9806),#10394,.T.);
#10979=ADVANCED_FACE('',(#9807),#26,.F.);
#10980=ADVANCED_FACE('',(#9808),#10395,.T.);
#10981=ADVANCED_FACE('',(#9809),#10396,.T.);
#10982=ADVANCED_FACE('',(#9810),#10397,.T.);
#10983=ADVANCED_FACE('',(#9811),#10398,.T.);
#10984=ADVANCED_FACE('',(#9812),#10399,.T.);
#10985=ADVANCED_FACE('',(#9813),#10400,.T.);
#10986=ADVANCED_FACE('',(#9814),#27,.F.);
#10987=ADVANCED_FACE('',(#9815),#10401,.T.);
#10988=ADVANCED_FACE('',(#9816),#10402,.T.);
#10989=ADVANCED_FACE('',(#9817),#10403,.T.);
#10990=ADVANCED_FACE('',(#9818),#10404,.T.);
#10991=ADVANCED_FACE('',(#9819),#10405,.T.);
#10992=ADVANCED_FACE('',(#9820),#10406,.T.);
#10993=ADVANCED_FACE('',(#9821),#28,.F.);
#10994=ADVANCED_FACE('',(#9822),#10407,.T.);
#10995=ADVANCED_FACE('',(#9823),#10408,.T.);
#10996=ADVANCED_FACE('',(#9824),#10409,.T.);
#10997=ADVANCED_FACE('',(#9825),#10410,.T.);
#10998=ADVANCED_FACE('',(#9826),#10411,.T.);
#10999=ADVANCED_FACE('',(#9827),#10412,.T.);
#11000=ADVANCED_FACE('',(#9828),#29,.F.);
#11001=ADVANCED_FACE('',(#9829),#10413,.T.);
#11002=ADVANCED_FACE('',(#9830),#10414,.T.);
#11003=ADVANCED_FACE('',(#9831),#10415,.T.);
#11004=ADVANCED_FACE('',(#9832),#10416,.T.);
#11005=ADVANCED_FACE('',(#9833),#10417,.T.);
#11006=ADVANCED_FACE('',(#9834),#10418,.T.);
#11007=ADVANCED_FACE('',(#9835),#30,.F.);
#11008=ADVANCED_FACE('',(#9836),#10419,.T.);
#11009=ADVANCED_FACE('',(#9837),#10420,.T.);
#11010=ADVANCED_FACE('',(#9838),#10421,.T.);
#11011=ADVANCED_FACE('',(#9839),#10422,.T.);
#11012=ADVANCED_FACE('',(#9840),#10423,.T.);
#11013=ADVANCED_FACE('',(#9841),#10424,.T.);
#11014=ADVANCED_FACE('',(#9842),#31,.F.);
#11015=ADVANCED_FACE('',(#9843),#10425,.T.);
#11016=ADVANCED_FACE('',(#9844),#10426,.T.);
#11017=ADVANCED_FACE('',(#9845),#10427,.T.);
#11018=ADVANCED_FACE('',(#9846),#10428,.T.);
#11019=ADVANCED_FACE('',(#9847),#10429,.T.);
#11020=ADVANCED_FACE('',(#9848),#10430,.T.);
#11021=ADVANCED_FACE('',(#9849),#32,.F.);
#11022=ADVANCED_FACE('',(#9850),#10431,.T.);
#11023=ADVANCED_FACE('',(#9851),#10432,.T.);
#11024=ADVANCED_FACE('',(#9852),#10433,.T.);
#11025=ADVANCED_FACE('',(#9853),#10434,.T.);
#11026=ADVANCED_FACE('',(#9854),#10435,.T.);
#11027=ADVANCED_FACE('',(#9855),#10436,.T.);
#11028=ADVANCED_FACE('',(#9856),#33,.F.);
#11029=ADVANCED_FACE('',(#9857),#10437,.T.);
#11030=ADVANCED_FACE('',(#9858),#10438,.T.);
#11031=ADVANCED_FACE('',(#9859),#10439,.T.);
#11032=ADVANCED_FACE('',(#9860),#10440,.T.);
#11033=ADVANCED_FACE('',(#9861),#10441,.T.);
#11034=ADVANCED_FACE('',(#9862),#10442,.T.);
#11035=ADVANCED_FACE('',(#9863),#34,.F.);
#11036=ADVANCED_FACE('',(#9864),#10443,.T.);
#11037=ADVANCED_FACE('',(#9865),#10444,.T.);
#11038=ADVANCED_FACE('',(#9866),#10445,.T.);
#11039=ADVANCED_FACE('',(#9867),#10446,.T.);
#11040=ADVANCED_FACE('',(#9868),#10447,.T.);
#11041=ADVANCED_FACE('',(#9869),#10448,.T.);
#11042=ADVANCED_FACE('',(#9870),#35,.F.);
#11043=ADVANCED_FACE('',(#9871),#10449,.T.);
#11044=ADVANCED_FACE('',(#9872),#10450,.T.);
#11045=ADVANCED_FACE('',(#9873),#10451,.T.);
#11046=ADVANCED_FACE('',(#9874),#10452,.T.);
#11047=ADVANCED_FACE('',(#9875),#10453,.T.);
#11048=ADVANCED_FACE('',(#9876),#10454,.T.);
#11049=ADVANCED_FACE('',(#9877),#36,.F.);
#11050=ADVANCED_FACE('',(#9878),#10455,.T.);
#11051=ADVANCED_FACE('',(#9879),#10456,.T.);
#11052=ADVANCED_FACE('',(#9880),#10457,.T.);
#11053=ADVANCED_FACE('',(#9881),#10458,.T.);
#11054=ADVANCED_FACE('',(#9882),#37,.F.);
#11055=ADVANCED_FACE('',(#9883),#10459,.T.);
#11056=ADVANCED_FACE('',(#9884),#10460,.T.);
#11057=ADVANCED_FACE('',(#9885),#10461,.T.);
#11058=ADVANCED_FACE('',(#9886),#10462,.T.);
#11059=CLOSED_SHELL('',(#10463,#10464,#10465,#10466,#10467,#10468,#10469,
#10470,#10471,#10472,#10473,#10474,#10475,#10476,#10477,#10478,#10479,#10480,
#10481,#10482,#10483,#10484,#10485,#10486,#10487,#10488,#10489,#10490,#10491,
#10492,#10493,#10494,#10495,#10496,#10497,#10498,#10499,#10500,#10501,#10502,
#10503,#10504,#10505,#10506,#10507,#10508,#10509,#10510,#10511,#10512,#10513,
#10514,#10515,#10516,#10517,#10518,#10519,#10520,#10521,#10522,#10523,#10524,
#10525,#10526,#10527,#10528,#10529,#10530,#10531,#10532,#10533,#10534,#10535,
#10536,#10537,#10538,#10539,#10540,#10541,#10542,#10543,#10544,#10545,#10546,
#10547,#10548,#10549,#10550,#10551,#10552,#10553,#10554,#10555,#10556,#10557,
#10558,#10559,#10560,#10561,#10562,#10563,#10564,#10565,#10566,#10567,#10568,
#10569,#10570,#10571,#10572,#10573,#10574,#10575,#10576,#10577,#10578,#10579,
#10580,#10581,#10582,#10583,#10584,#10585,#10586,#10587,#10588,#10589,#10590,
#10591,#10592,#10593,#10594,#10595,#10596,#10597,#10598,#10599,#10600,#10601,
#10602,#10603,#10604,#10605,#10606,#10607,#10608,#10609,#10610,#10611,#10612,
#10613,#10614,#10615,#10616,#10617,#10618,#10619,#10620,#10621,#10622,#10623,
#10624,#10625,#10626,#10627,#10628,#10629,#10630,#10631,#10632,#10633,#10634,
#10635,#10636,#10637,#10638,#10639,#10640,#10641,#10642,#10643,#10644,#10645,
#10646,#10647,#10648,#10649,#10650,#10651,#10652));
#11060=CLOSED_SHELL('',(#10653,#10654,#10655,#10656,#10657,#10658,#10659,
#10660,#10661,#10662,#10663,#10664,#10665,#10666,#10667,#10668,#10669,#10670,
#10671,#10672,#10673,#10674,#10675,#10676,#10677,#10678,#10679,#10680,#10681,
#10682,#10683,#10684,#10685,#10686,#10687,#10688,#10689,#10690,#10691,#10692,
#10693,#10694,#10695,#10696,#10697,#10698,#10699,#10700,#10701,#10702,#10703,
#10704,#10705,#10706,#10707,#10708,#10709,#10710,#10711,#10712,#10713,#10714,
#10715,#10716,#10717,#10718,#10719,#10720,#10721,#10722,#10723,#10724,#10725,
#10726,#10727,#10728,#10729,#10730,#10731,#10732,#10733,#10734,#10735,#10736,
#10737,#10738,#10739,#10740,#10741,#10742,#10743,#10744,#10745,#10746,#10747,
#10748,#10749,#10750,#10751,#10752,#10753,#10754,#10755,#10756,#10757,#10758,
#10759,#10760,#10761,#10762,#10763,#10764,#10765,#10766,#10767,#10768,#10769,
#10770,#10771,#10772,#10773,#10774,#10775,#10776,#10777,#10778,#10779,#10780,
#10781,#10782,#10783,#10784,#10785,#10786,#10787,#10788,#10789,#10790,#10791,
#10792,#10793,#10794,#10795,#10796,#10797,#10798,#10799,#10800,#10801,#10802,
#10803,#10804,#10805,#10806,#10807,#10808,#10809,#10810,#10811,#10812,#10813,
#10814,#10815,#10816,#10817,#10818,#10819,#10820,#10821,#10822,#10823,#10824,
#10825,#10826,#10827,#10828,#10829,#10830,#10831,#10832,#10833,#10834,#10835,
#10836,#10837,#10838,#10839,#10840,#10841,#10842,#10843,#10844,#10845,#10846,
#10847,#10848,#10849,#10850,#10851,#10852,#10853,#10854,#10855,#10856,#10857,
#10858,#10859,#10860,#10861,#10862,#10863,#10864,#10865,#10866,#10867,#10868,
#10869,#10870,#10871,#10872,#10873,#10874,#10875,#10876,#10877,#10878,#10879,
#10880,#10881,#10882,#10883,#10884,#10885,#10886,#10887,#10888,#10889,#10890,
#10891,#10892,#10893,#10894,#10895,#10896,#10897,#10898,#10899,#10900,#10901,
#10902,#10903,#10904,#10905,#10906,#10907,#10908,#10909,#10910,#10911,#10912,
#10913,#10914,#10915,#10916,#10917,#10918,#10919,#10920,#10921,#10922,#10923,
#10924,#10925,#10926,#10927,#10928,#10929,#10930,#10931,#10932,#10933,#10934,
#10935,#10936,#10937,#10938,#10939,#10940,#10941,#10942,#10943,#10944,#10945,
#10946,#10947,#10948,#10949,#10950,#10951,#10952,#10953,#10954,#10955,#10956,
#10957,#10958,#10959,#10960,#10961,#10962,#10963,#10964,#10965,#10966,#10967,
#10968,#10969,#10970,#10971,#10972,#10973,#10974,#10975,#10976,#10977,#10978,
#10979,#10980,#10981,#10982,#10983,#10984,#10985,#10986,#10987,#10988,#10989,
#10990,#10991,#10992,#10993,#10994,#10995,#10996,#10997,#10998,#10999,#11000,
#11001,#11002,#11003,#11004,#11005,#11006,#11007,#11008,#11009,#11010,#11011,
#11012,#11013,#11014,#11015,#11016,#11017,#11018,#11019,#11020,#11021,#11022,
#11023,#11024,#11025,#11026,#11027,#11028,#11029,#11030,#11031,#11032,#11033,
#11034,#11035,#11036,#11037,#11038,#11039,#11040,#11041,#11042,#11043,#11044,
#11045,#11046,#11047,#11048,#11049,#11050,#11051,#11052,#11053,#11054,#11055,
#11056,#11057,#11058));
#11061=STYLED_ITEM('',(#11063),#11076);
#11062=STYLED_ITEM('',(#11064),#11077);
#11063=PRESENTATION_STYLE_ASSIGNMENT((#11065));
#11064=PRESENTATION_STYLE_ASSIGNMENT((#11066));
#11065=SURFACE_STYLE_USAGE(.BOTH.,#11067);
#11066=SURFACE_STYLE_USAGE(.BOTH.,#11068);
#11067=SURFACE_SIDE_STYLE('',(#11069));
#11068=SURFACE_SIDE_STYLE('',(#11070));
#11069=SURFACE_STYLE_FILL_AREA(#11071);
#11070=SURFACE_STYLE_FILL_AREA(#11072);
#11071=FILL_AREA_STYLE('',(#11073));
#11072=FILL_AREA_STYLE('',(#11074));
#11073=FILL_AREA_STYLE_COLOUR('',#11075);
#11074=FILL_AREA_STYLE_COLOUR('',#78);
#11075=COLOUR_RGB('',0.5,0.5,0.5);
#11076=MANIFOLD_SOLID_BREP('S1SQT-110-01-L-D',#11059);
#11077=MANIFOLD_SOLID_BREP('P1SQT-110-01-L-D',#11060);
#11078=SHAPE_DEFINITION_REPRESENTATION(#17589,#11081);
#11079=SHAPE_DEFINITION_REPRESENTATION(#17590,#11082);
#11080=SHAPE_DEFINITION_REPRESENTATION(#17592,#11083);
#11081=SHAPE_REPRESENTATION('SQT-110-01-L-D',(#11084,#11275,#11722),#17577);
#11082=SHAPE_REPRESENTATION('S1SQT-110-01-L-D',(#11084),#17578);
#11083=SHAPE_REPRESENTATION('P1SQT-110-01-L-D',(#11084),#17579);
#11084=AXIS2_PLACEMENT_3D('',#14477,#11723,#11724);
#11085=AXIS2_PLACEMENT_3D('',#14478,#11725,#11726);
#11086=AXIS2_PLACEMENT_3D('',#14487,#11731,#11732);
#11087=AXIS2_PLACEMENT_3D('',#14496,#11737,#11738);
#11088=AXIS2_PLACEMENT_3D('',#14505,#11743,#11744);
#11089=AXIS2_PLACEMENT_3D('',#14514,#11749,#11750);
#11090=AXIS2_PLACEMENT_3D('',#14523,#11755,#11756);
#11091=AXIS2_PLACEMENT_3D('',#14532,#11761,#11762);
#11092=AXIS2_PLACEMENT_3D('',#14541,#11767,#11768);
#11093=AXIS2_PLACEMENT_3D('',#14550,#11773,#11774);
#11094=AXIS2_PLACEMENT_3D('',#14559,#11779,#11780);
#11095=AXIS2_PLACEMENT_3D('',#14568,#11785,#11786);
#11096=AXIS2_PLACEMENT_3D('',#14577,#11791,#11792);
#11097=AXIS2_PLACEMENT_3D('',#14586,#11797,#11798);
#11098=AXIS2_PLACEMENT_3D('',#14595,#11803,#11804);
#11099=AXIS2_PLACEMENT_3D('',#14604,#11809,#11810);
#11100=AXIS2_PLACEMENT_3D('',#14613,#11815,#11816);
#11101=AXIS2_PLACEMENT_3D('',#14622,#11821,#11822);
#11102=AXIS2_PLACEMENT_3D('',#14631,#11827,#11828);
#11103=AXIS2_PLACEMENT_3D('',#14640,#11833,#11834);
#11104=AXIS2_PLACEMENT_3D('',#14649,#11839,#11840);
#11105=AXIS2_PLACEMENT_3D('',#14658,#11845,#11846);
#11106=AXIS2_PLACEMENT_3D('',#14667,#11851,#11852);
#11107=AXIS2_PLACEMENT_3D('',#14676,#11857,#11858);
#11108=AXIS2_PLACEMENT_3D('',#14732,#11892,#11893);
#11109=AXIS2_PLACEMENT_3D('',#14788,#11927,#11928);
#11110=AXIS2_PLACEMENT_3D('',#14794,#11932,#11933);
#11111=AXIS2_PLACEMENT_3D('',#14800,#11937,#11938);
#11112=AXIS2_PLACEMENT_3D('',#14806,#11942,#11943);
#11113=AXIS2_PLACEMENT_3D('',#14812,#11947,#11948);
#11114=AXIS2_PLACEMENT_3D('',#14818,#11952,#11953);
#11115=AXIS2_PLACEMENT_3D('',#14824,#11957,#11958);
#11116=AXIS2_PLACEMENT_3D('',#14830,#11962,#11963);
#11117=AXIS2_PLACEMENT_3D('',#14836,#11967,#11968);
#11118=AXIS2_PLACEMENT_3D('',#14842,#11972,#11973);
#11119=AXIS2_PLACEMENT_3D('',#14848,#11977,#11978);
#11120=AXIS2_PLACEMENT_3D('',#14854,#11982,#11983);
#11121=AXIS2_PLACEMENT_3D('',#14860,#11987,#11988);
#11122=AXIS2_PLACEMENT_3D('',#14866,#11992,#11993);
#11123=AXIS2_PLACEMENT_3D('',#14872,#11997,#11998);
#11124=AXIS2_PLACEMENT_3D('',#14878,#12002,#12003);
#11125=AXIS2_PLACEMENT_3D('',#14884,#12007,#12008);
#11126=AXIS2_PLACEMENT_3D('',#14890,#12012,#12013);
#11127=AXIS2_PLACEMENT_3D('',#14896,#12017,#12018);
#11128=AXIS2_PLACEMENT_3D('',#14902,#12022,#12023);
#11129=AXIS2_PLACEMENT_3D('',#14908,#12027,#12028);
#11130=AXIS2_PLACEMENT_3D('',#14914,#12032,#12033);
#11131=AXIS2_PLACEMENT_3D('',#14920,#12037,#12038);
#11132=AXIS2_PLACEMENT_3D('',#14923,#12041,#12042);
#11133=AXIS2_PLACEMENT_3D('',#14926,#12045,#12046);
#11134=AXIS2_PLACEMENT_3D('',#14935,#12051,#12052);
#11135=AXIS2_PLACEMENT_3D('',#14941,#12056,#12057);
#11136=AXIS2_PLACEMENT_3D('',#14947,#12061,#12062);
#11137=AXIS2_PLACEMENT_3D('',#14956,#12067,#12068);
#11138=AXIS2_PLACEMENT_3D('',#14962,#12072,#12073);
#11139=AXIS2_PLACEMENT_3D('',#14968,#12077,#12078);
#11140=AXIS2_PLACEMENT_3D('',#14977,#12083,#12084);
#11141=AXIS2_PLACEMENT_3D('',#14983,#12088,#12089);
#11142=AXIS2_PLACEMENT_3D('',#14989,#12093,#12094);
#11143=AXIS2_PLACEMENT_3D('',#14998,#12099,#12100);
#11144=AXIS2_PLACEMENT_3D('',#15004,#12104,#12105);
#11145=AXIS2_PLACEMENT_3D('',#15010,#12109,#12110);
#11146=AXIS2_PLACEMENT_3D('',#15019,#12115,#12116);
#11147=AXIS2_PLACEMENT_3D('',#15025,#12120,#12121);
#11148=AXIS2_PLACEMENT_3D('',#15031,#12125,#12126);
#11149=AXIS2_PLACEMENT_3D('',#15040,#12131,#12132);
#11150=AXIS2_PLACEMENT_3D('',#15046,#12136,#12137);
#11151=AXIS2_PLACEMENT_3D('',#15052,#12141,#12142);
#11152=AXIS2_PLACEMENT_3D('',#15061,#12147,#12148);
#11153=AXIS2_PLACEMENT_3D('',#15067,#12152,#12153);
#11154=AXIS2_PLACEMENT_3D('',#15073,#12157,#12158);
#11155=AXIS2_PLACEMENT_3D('',#15082,#12163,#12164);
#11156=AXIS2_PLACEMENT_3D('',#15088,#12168,#12169);
#11157=AXIS2_PLACEMENT_3D('',#15094,#12173,#12174);
#11158=AXIS2_PLACEMENT_3D('',#15103,#12179,#12180);
#11159=AXIS2_PLACEMENT_3D('',#15109,#12184,#12185);
#11160=AXIS2_PLACEMENT_3D('',#15115,#12189,#12190);
#11161=AXIS2_PLACEMENT_3D('',#15124,#12195,#12196);
#11162=AXIS2_PLACEMENT_3D('',#15130,#12200,#12201);
#11163=AXIS2_PLACEMENT_3D('',#15136,#12205,#12206);
#11164=AXIS2_PLACEMENT_3D('',#15145,#12211,#12212);
#11165=AXIS2_PLACEMENT_3D('',#15151,#12216,#12217);
#11166=AXIS2_PLACEMENT_3D('',#15157,#12221,#12222);
#11167=AXIS2_PLACEMENT_3D('',#15166,#12227,#12228);
#11168=AXIS2_PLACEMENT_3D('',#15172,#12232,#12233);
#11169=AXIS2_PLACEMENT_3D('',#15178,#12237,#12238);
#11170=AXIS2_PLACEMENT_3D('',#15187,#12243,#12244);
#11171=AXIS2_PLACEMENT_3D('',#15193,#12248,#12249);
#11172=AXIS2_PLACEMENT_3D('',#15199,#12253,#12254);
#11173=AXIS2_PLACEMENT_3D('',#15208,#12259,#12260);
#11174=AXIS2_PLACEMENT_3D('',#15214,#12264,#12265);
#11175=AXIS2_PLACEMENT_3D('',#15220,#12269,#12270);
#11176=AXIS2_PLACEMENT_3D('',#15229,#12275,#12276);
#11177=AXIS2_PLACEMENT_3D('',#15235,#12280,#12281);
#11178=AXIS2_PLACEMENT_3D('',#15241,#12285,#12286);
#11179=AXIS2_PLACEMENT_3D('',#15250,#12291,#12292);
#11180=AXIS2_PLACEMENT_3D('',#15256,#12296,#12297);
#11181=AXIS2_PLACEMENT_3D('',#15262,#12301,#12302);
#11182=AXIS2_PLACEMENT_3D('',#15271,#12307,#12308);
#11183=AXIS2_PLACEMENT_3D('',#15277,#12312,#12313);
#11184=AXIS2_PLACEMENT_3D('',#15283,#12317,#12318);
#11185=AXIS2_PLACEMENT_3D('',#15292,#12323,#12324);
#11186=AXIS2_PLACEMENT_3D('',#15298,#12328,#12329);
#11187=AXIS2_PLACEMENT_3D('',#15304,#12333,#12334);
#11188=AXIS2_PLACEMENT_3D('',#15313,#12339,#12340);
#11189=AXIS2_PLACEMENT_3D('',#15319,#12344,#12345);
#11190=AXIS2_PLACEMENT_3D('',#15325,#12349,#12350);
#11191=AXIS2_PLACEMENT_3D('',#15334,#12355,#12356);
#11192=AXIS2_PLACEMENT_3D('',#15340,#12360,#12361);
#11193=AXIS2_PLACEMENT_3D('',#15346,#12365,#12366);
#11194=AXIS2_PLACEMENT_3D('',#15349,#12369,#12370);
#11195=AXIS2_PLACEMENT_3D('',#15352,#12373,#12374);
#11196=AXIS2_PLACEMENT_3D('',#15355,#12377,#12378);
#11197=AXIS2_PLACEMENT_3D('',#15358,#12381,#12382);
#11198=AXIS2_PLACEMENT_3D('',#15361,#12385,#12386);
#11199=AXIS2_PLACEMENT_3D('',#15364,#12389,#12390);
#11200=AXIS2_PLACEMENT_3D('',#15367,#12393,#12394);
#11201=AXIS2_PLACEMENT_3D('',#15370,#12397,#12398);
#11202=AXIS2_PLACEMENT_3D('',#15373,#12401,#12402);
#11203=AXIS2_PLACEMENT_3D('',#15376,#12405,#12406);
#11204=AXIS2_PLACEMENT_3D('',#15379,#12409,#12410);
#11205=AXIS2_PLACEMENT_3D('',#15382,#12413,#12414);
#11206=AXIS2_PLACEMENT_3D('',#15385,#12417,#12418);
#11207=AXIS2_PLACEMENT_3D('',#15388,#12421,#12422);
#11208=AXIS2_PLACEMENT_3D('',#15391,#12425,#12426);
#11209=AXIS2_PLACEMENT_3D('',#15394,#12429,#12430);
#11210=AXIS2_PLACEMENT_3D('',#15397,#12433,#12434);
#11211=AXIS2_PLACEMENT_3D('',#15400,#12437,#12438);
#11212=AXIS2_PLACEMENT_3D('',#15403,#12441,#12442);
#11213=AXIS2_PLACEMENT_3D('',#15406,#12445,#12446);
#11214=AXIS2_PLACEMENT_3D('',#15407,#12447,#12448);
#11215=AXIS2_PLACEMENT_3D('',#15408,#12449,#12450);
#11216=AXIS2_PLACEMENT_3D('',#15409,#12451,#12452);
#11217=AXIS2_PLACEMENT_3D('',#15410,#12453,#12454);
#11218=AXIS2_PLACEMENT_3D('',#15411,#12455,#12456);
#11219=AXIS2_PLACEMENT_3D('',#15412,#12457,#12458);
#11220=AXIS2_PLACEMENT_3D('',#15413,#12459,#12460);
#11221=AXIS2_PLACEMENT_3D('',#15414,#12461,#12462);
#11222=AXIS2_PLACEMENT_3D('',#15415,#12463,#12464);
#11223=AXIS2_PLACEMENT_3D('',#15416,#12465,#12466);
#11224=AXIS2_PLACEMENT_3D('',#15417,#12467,#12468);
#11225=AXIS2_PLACEMENT_3D('',#15418,#12469,#12470);
#11226=AXIS2_PLACEMENT_3D('',#15419,#12471,#12472);
#11227=AXIS2_PLACEMENT_3D('',#15420,#12473,#12474);
#11228=AXIS2_PLACEMENT_3D('',#15421,#12475,#12476);
#11229=AXIS2_PLACEMENT_3D('',#15422,#12477,#12478);
#11230=AXIS2_PLACEMENT_3D('',#15423,#12479,#12480);
#11231=AXIS2_PLACEMENT_3D('',#15424,#12481,#12482);
#11232=AXIS2_PLACEMENT_3D('',#15425,#12483,#12484);
#11233=AXIS2_PLACEMENT_3D('',#15426,#12485,#12486);
#11234=AXIS2_PLACEMENT_3D('',#15427,#12487,#12488);
#11235=AXIS2_PLACEMENT_3D('',#15468,#12529,#12530);
#11236=AXIS2_PLACEMENT_3D('',#15469,#12531,#12532);
#11237=AXIS2_PLACEMENT_3D('',#15470,#12533,#12534);
#11238=AXIS2_PLACEMENT_3D('',#15471,#12535,#12536);
#11239=AXIS2_PLACEMENT_3D('',#15472,#12537,#12538);
#11240=AXIS2_PLACEMENT_3D('',#15473,#12539,#12540);
#11241=AXIS2_PLACEMENT_3D('',#15474,#12541,#12542);
#11242=AXIS2_PLACEMENT_3D('',#15475,#12543,#12544);
#11243=AXIS2_PLACEMENT_3D('',#15476,#12545,#12546);
#11244=AXIS2_PLACEMENT_3D('',#15477,#12547,#12548);
#11245=AXIS2_PLACEMENT_3D('',#15478,#12549,#12550);
#11246=AXIS2_PLACEMENT_3D('',#15479,#12551,#12552);
#11247=AXIS2_PLACEMENT_3D('',#15480,#12553,#12554);
#11248=AXIS2_PLACEMENT_3D('',#15481,#12555,#12556);
#11249=AXIS2_PLACEMENT_3D('',#15482,#12557,#12558);
#11250=AXIS2_PLACEMENT_3D('',#15483,#12559,#12560);
#11251=AXIS2_PLACEMENT_3D('',#15484,#12561,#12562);
#11252=AXIS2_PLACEMENT_3D('',#15485,#12563,#12564);
#11253=AXIS2_PLACEMENT_3D('',#15486,#12565,#12566);
#11254=AXIS2_PLACEMENT_3D('',#15487,#12567,#12568);
#11255=AXIS2_PLACEMENT_3D('',#15488,#12569,#12570);
#11256=AXIS2_PLACEMENT_3D('',#15489,#12571,#12572);
#11257=AXIS2_PLACEMENT_3D('',#15490,#12573,#12574);
#11258=AXIS2_PLACEMENT_3D('',#15491,#12575,#12576);
#11259=AXIS2_PLACEMENT_3D('',#15492,#12577,#12578);
#11260=AXIS2_PLACEMENT_3D('',#15493,#12579,#12580);
#11261=AXIS2_PLACEMENT_3D('',#15494,#12581,#12582);
#11262=AXIS2_PLACEMENT_3D('',#15495,#12583,#12584);
#11263=AXIS2_PLACEMENT_3D('',#15496,#12585,#12586);
#11264=AXIS2_PLACEMENT_3D('',#15497,#12587,#12588);
#11265=AXIS2_PLACEMENT_3D('',#15498,#12589,#12590);
#11266=AXIS2_PLACEMENT_3D('',#15499,#12591,#12592);
#11267=AXIS2_PLACEMENT_3D('',#15500,#12593,#12594);
#11268=AXIS2_PLACEMENT_3D('',#15501,#12595,#12596);
#11269=AXIS2_PLACEMENT_3D('',#15502,#12597,#12598);
#11270=AXIS2_PLACEMENT_3D('',#15503,#12599,#12600);
#11271=AXIS2_PLACEMENT_3D('',#15504,#12601,#12602);
#11272=AXIS2_PLACEMENT_3D('',#15505,#12603,#12604);
#11273=AXIS2_PLACEMENT_3D('',#15506,#12605,#12606);
#11274=AXIS2_PLACEMENT_3D('',#15507,#12607,#12608);
#11275=AXIS2_PLACEMENT_3D('',#15508,#12609,#12610);
#11276=AXIS2_PLACEMENT_3D('',#15509,#12611,#12612);
#11277=AXIS2_PLACEMENT_3D('',#15517,#12616,#12617);
#11278=AXIS2_PLACEMENT_3D('',#15530,#12624,#12625);
#11279=AXIS2_PLACEMENT_3D('',#15536,#12629,#12630);
#11280=AXIS2_PLACEMENT_3D('',#15549,#12637,#12638);
#11281=AXIS2_PLACEMENT_3D('',#15554,#12641,#12642);
#11282=AXIS2_PLACEMENT_3D('',#15562,#12646,#12647);
#11283=AXIS2_PLACEMENT_3D('',#15575,#12654,#12655);
#11284=AXIS2_PLACEMENT_3D('',#15581,#12659,#12660);
#11285=AXIS2_PLACEMENT_3D('',#15594,#12667,#12668);
#11286=AXIS2_PLACEMENT_3D('',#15599,#12671,#12672);
#11287=AXIS2_PLACEMENT_3D('',#15607,#12676,#12677);
#11288=AXIS2_PLACEMENT_3D('',#15620,#12684,#12685);
#11289=AXIS2_PLACEMENT_3D('',#15626,#12689,#12690);
#11290=AXIS2_PLACEMENT_3D('',#15639,#12697,#12698);
#11291=AXIS2_PLACEMENT_3D('',#15644,#12701,#12702);
#11292=AXIS2_PLACEMENT_3D('',#15652,#12706,#12707);
#11293=AXIS2_PLACEMENT_3D('',#15665,#12714,#12715);
#11294=AXIS2_PLACEMENT_3D('',#15671,#12719,#12720);
#11295=AXIS2_PLACEMENT_3D('',#15684,#12727,#12728);
#11296=AXIS2_PLACEMENT_3D('',#15689,#12731,#12732);
#11297=AXIS2_PLACEMENT_3D('',#15697,#12736,#12737);
#11298=AXIS2_PLACEMENT_3D('',#15710,#12744,#12745);
#11299=AXIS2_PLACEMENT_3D('',#15716,#12749,#12750);
#11300=AXIS2_PLACEMENT_3D('',#15729,#12757,#12758);
#11301=AXIS2_PLACEMENT_3D('',#15734,#12761,#12762);
#11302=AXIS2_PLACEMENT_3D('',#15742,#12766,#12767);
#11303=AXIS2_PLACEMENT_3D('',#15755,#12774,#12775);
#11304=AXIS2_PLACEMENT_3D('',#15761,#12779,#12780);
#11305=AXIS2_PLACEMENT_3D('',#15774,#12787,#12788);
#11306=AXIS2_PLACEMENT_3D('',#15779,#12791,#12792);
#11307=AXIS2_PLACEMENT_3D('',#15787,#12796,#12797);
#11308=AXIS2_PLACEMENT_3D('',#15800,#12804,#12805);
#11309=AXIS2_PLACEMENT_3D('',#15806,#12809,#12810);
#11310=AXIS2_PLACEMENT_3D('',#15819,#12817,#12818);
#11311=AXIS2_PLACEMENT_3D('',#15824,#12821,#12822);
#11312=AXIS2_PLACEMENT_3D('',#15832,#12826,#12827);
#11313=AXIS2_PLACEMENT_3D('',#15845,#12834,#12835);
#11314=AXIS2_PLACEMENT_3D('',#15851,#12839,#12840);
#11315=AXIS2_PLACEMENT_3D('',#15864,#12847,#12848);
#11316=AXIS2_PLACEMENT_3D('',#15869,#12851,#12852);
#11317=AXIS2_PLACEMENT_3D('',#15877,#12856,#12857);
#11318=AXIS2_PLACEMENT_3D('',#15890,#12864,#12865);
#11319=AXIS2_PLACEMENT_3D('',#15896,#12869,#12870);
#11320=AXIS2_PLACEMENT_3D('',#15909,#12877,#12878);
#11321=AXIS2_PLACEMENT_3D('',#15914,#12881,#12882);
#11322=AXIS2_PLACEMENT_3D('',#15922,#12886,#12887);
#11323=AXIS2_PLACEMENT_3D('',#15935,#12894,#12895);
#11324=AXIS2_PLACEMENT_3D('',#15941,#12899,#12900);
#11325=AXIS2_PLACEMENT_3D('',#15954,#12907,#12908);
#11326=AXIS2_PLACEMENT_3D('',#15959,#12911,#12912);
#11327=AXIS2_PLACEMENT_3D('',#15967,#12916,#12917);
#11328=AXIS2_PLACEMENT_3D('',#15980,#12924,#12925);
#11329=AXIS2_PLACEMENT_3D('',#15986,#12929,#12930);
#11330=AXIS2_PLACEMENT_3D('',#15999,#12937,#12938);
#11331=AXIS2_PLACEMENT_3D('',#16004,#12941,#12942);
#11332=AXIS2_PLACEMENT_3D('',#16012,#12946,#12947);
#11333=AXIS2_PLACEMENT_3D('',#16025,#12954,#12955);
#11334=AXIS2_PLACEMENT_3D('',#16031,#12959,#12960);
#11335=AXIS2_PLACEMENT_3D('',#16044,#12967,#12968);
#11336=AXIS2_PLACEMENT_3D('',#16049,#12971,#12972);
#11337=AXIS2_PLACEMENT_3D('',#16057,#12976,#12977);
#11338=AXIS2_PLACEMENT_3D('',#16070,#12984,#12985);
#11339=AXIS2_PLACEMENT_3D('',#16076,#12989,#12990);
#11340=AXIS2_PLACEMENT_3D('',#16089,#12997,#12998);
#11341=AXIS2_PLACEMENT_3D('',#16094,#13001,#13002);
#11342=AXIS2_PLACEMENT_3D('',#16102,#13006,#13007);
#11343=AXIS2_PLACEMENT_3D('',#16115,#13014,#13015);
#11344=AXIS2_PLACEMENT_3D('',#16121,#13019,#13020);
#11345=AXIS2_PLACEMENT_3D('',#16134,#13027,#13028);
#11346=AXIS2_PLACEMENT_3D('',#16139,#13031,#13032);
#11347=AXIS2_PLACEMENT_3D('',#16147,#13036,#13037);
#11348=AXIS2_PLACEMENT_3D('',#16160,#13044,#13045);
#11349=AXIS2_PLACEMENT_3D('',#16166,#13049,#13050);
#11350=AXIS2_PLACEMENT_3D('',#16179,#13057,#13058);
#11351=AXIS2_PLACEMENT_3D('',#16184,#13061,#13062);
#11352=AXIS2_PLACEMENT_3D('',#16192,#13066,#13067);
#11353=AXIS2_PLACEMENT_3D('',#16205,#13074,#13075);
#11354=AXIS2_PLACEMENT_3D('',#16211,#13079,#13080);
#11355=AXIS2_PLACEMENT_3D('',#16224,#13087,#13088);
#11356=AXIS2_PLACEMENT_3D('',#16229,#13091,#13092);
#11357=AXIS2_PLACEMENT_3D('',#16237,#13096,#13097);
#11358=AXIS2_PLACEMENT_3D('',#16250,#13104,#13105);
#11359=AXIS2_PLACEMENT_3D('',#16256,#13109,#13110);
#11360=AXIS2_PLACEMENT_3D('',#16269,#13117,#13118);
#11361=AXIS2_PLACEMENT_3D('',#16274,#13121,#13122);
#11362=AXIS2_PLACEMENT_3D('',#16282,#13126,#13127);
#11363=AXIS2_PLACEMENT_3D('',#16295,#13134,#13135);
#11364=AXIS2_PLACEMENT_3D('',#16301,#13139,#13140);
#11365=AXIS2_PLACEMENT_3D('',#16314,#13147,#13148);
#11366=AXIS2_PLACEMENT_3D('',#16319,#13151,#13152);
#11367=AXIS2_PLACEMENT_3D('',#16327,#13156,#13157);
#11368=AXIS2_PLACEMENT_3D('',#16340,#13164,#13165);
#11369=AXIS2_PLACEMENT_3D('',#16346,#13169,#13170);
#11370=AXIS2_PLACEMENT_3D('',#16359,#13177,#13178);
#11371=AXIS2_PLACEMENT_3D('',#16364,#13181,#13182);
#11372=AXIS2_PLACEMENT_3D('',#16372,#13186,#13187);
#11373=AXIS2_PLACEMENT_3D('',#16385,#13194,#13195);
#11374=AXIS2_PLACEMENT_3D('',#16391,#13199,#13200);
#11375=AXIS2_PLACEMENT_3D('',#16404,#13207,#13208);
#11376=AXIS2_PLACEMENT_3D('',#16409,#13211,#13212);
#11377=AXIS2_PLACEMENT_3D('',#16412,#13215,#13216);
#11378=AXIS2_PLACEMENT_3D('',#16415,#13219,#13220);
#11379=AXIS2_PLACEMENT_3D('',#16418,#13223,#13224);
#11380=AXIS2_PLACEMENT_3D('',#16421,#13227,#13228);
#11381=AXIS2_PLACEMENT_3D('',#16424,#13231,#13232);
#11382=AXIS2_PLACEMENT_3D('',#16427,#13235,#13236);
#11383=AXIS2_PLACEMENT_3D('',#16430,#13239,#13240);
#11384=AXIS2_PLACEMENT_3D('',#16433,#13243,#13244);
#11385=AXIS2_PLACEMENT_3D('',#16436,#13247,#13248);
#11386=AXIS2_PLACEMENT_3D('',#16439,#13251,#13252);
#11387=AXIS2_PLACEMENT_3D('',#16442,#13255,#13256);
#11388=AXIS2_PLACEMENT_3D('',#16445,#13259,#13260);
#11389=AXIS2_PLACEMENT_3D('',#16448,#13263,#13264);
#11390=AXIS2_PLACEMENT_3D('',#16451,#13267,#13268);
#11391=AXIS2_PLACEMENT_3D('',#16454,#13271,#13272);
#11392=AXIS2_PLACEMENT_3D('',#16457,#13275,#13276);
#11393=AXIS2_PLACEMENT_3D('',#16460,#13279,#13280);
#11394=AXIS2_PLACEMENT_3D('',#16463,#13283,#13284);
#11395=AXIS2_PLACEMENT_3D('',#16466,#13287,#13288);
#11396=AXIS2_PLACEMENT_3D('',#16469,#13291,#13292);
#11397=AXIS2_PLACEMENT_3D('',#16478,#13297,#13298);
#11398=AXIS2_PLACEMENT_3D('',#16487,#13303,#13304);
#11399=AXIS2_PLACEMENT_3D('',#16496,#13309,#13310);
#11400=AXIS2_PLACEMENT_3D('',#16505,#13315,#13316);
#11401=AXIS2_PLACEMENT_3D('',#16514,#13321,#13322);
#11402=AXIS2_PLACEMENT_3D('',#16523,#13327,#13328);
#11403=AXIS2_PLACEMENT_3D('',#16532,#13333,#13334);
#11404=AXIS2_PLACEMENT_3D('',#16541,#13339,#13340);
#11405=AXIS2_PLACEMENT_3D('',#16550,#13345,#13346);
#11406=AXIS2_PLACEMENT_3D('',#16559,#13351,#13352);
#11407=AXIS2_PLACEMENT_3D('',#16568,#13357,#13358);
#11408=AXIS2_PLACEMENT_3D('',#16577,#13363,#13364);
#11409=AXIS2_PLACEMENT_3D('',#16586,#13369,#13370);
#11410=AXIS2_PLACEMENT_3D('',#16595,#13375,#13376);
#11411=AXIS2_PLACEMENT_3D('',#16604,#13381,#13382);
#11412=AXIS2_PLACEMENT_3D('',#16613,#13387,#13388);
#11413=AXIS2_PLACEMENT_3D('',#16622,#13393,#13394);
#11414=AXIS2_PLACEMENT_3D('',#16631,#13399,#13400);
#11415=AXIS2_PLACEMENT_3D('',#16640,#13405,#13406);
#11416=AXIS2_PLACEMENT_3D('',#16649,#13411,#13412);
#11417=AXIS2_PLACEMENT_3D('',#16658,#13417,#13418);
#11418=AXIS2_PLACEMENT_3D('',#16667,#13423,#13424);
#11419=AXIS2_PLACEMENT_3D('',#16676,#13429,#13430);
#11420=AXIS2_PLACEMENT_3D('',#16685,#13435,#13436);
#11421=AXIS2_PLACEMENT_3D('',#16694,#13441,#13442);
#11422=AXIS2_PLACEMENT_3D('',#16703,#13447,#13448);
#11423=AXIS2_PLACEMENT_3D('',#16712,#13453,#13454);
#11424=AXIS2_PLACEMENT_3D('',#16721,#13459,#13460);
#11425=AXIS2_PLACEMENT_3D('',#16730,#13465,#13466);
#11426=AXIS2_PLACEMENT_3D('',#16739,#13471,#13472);
#11427=AXIS2_PLACEMENT_3D('',#16748,#13477,#13478);
#11428=AXIS2_PLACEMENT_3D('',#16757,#13483,#13484);
#11429=AXIS2_PLACEMENT_3D('',#16766,#13489,#13490);
#11430=AXIS2_PLACEMENT_3D('',#16775,#13495,#13496);
#11431=AXIS2_PLACEMENT_3D('',#16784,#13501,#13502);
#11432=AXIS2_PLACEMENT_3D('',#16793,#13507,#13508);
#11433=AXIS2_PLACEMENT_3D('',#16802,#13513,#13514);
#11434=AXIS2_PLACEMENT_3D('',#16811,#13519,#13520);
#11435=AXIS2_PLACEMENT_3D('',#16820,#13525,#13526);
#11436=AXIS2_PLACEMENT_3D('',#16829,#13531,#13532);
#11437=AXIS2_PLACEMENT_3D('',#16838,#13537,#13538);
#11438=AXIS2_PLACEMENT_3D('',#16847,#13543,#13544);
#11439=AXIS2_PLACEMENT_3D('',#16856,#13549,#13550);
#11440=AXIS2_PLACEMENT_3D('',#16865,#13555,#13556);
#11441=AXIS2_PLACEMENT_3D('',#16874,#13561,#13562);
#11442=AXIS2_PLACEMENT_3D('',#16883,#13567,#13568);
#11443=AXIS2_PLACEMENT_3D('',#16892,#13573,#13574);
#11444=AXIS2_PLACEMENT_3D('',#16901,#13579,#13580);
#11445=AXIS2_PLACEMENT_3D('',#16910,#13585,#13586);
#11446=AXIS2_PLACEMENT_3D('',#16919,#13591,#13592);
#11447=AXIS2_PLACEMENT_3D('',#16928,#13597,#13598);
#11448=AXIS2_PLACEMENT_3D('',#16937,#13603,#13604);
#11449=AXIS2_PLACEMENT_3D('',#16946,#13609,#13610);
#11450=AXIS2_PLACEMENT_3D('',#16955,#13615,#13616);
#11451=AXIS2_PLACEMENT_3D('',#16964,#13621,#13622);
#11452=AXIS2_PLACEMENT_3D('',#16973,#13627,#13628);
#11453=AXIS2_PLACEMENT_3D('',#16982,#13633,#13634);
#11454=AXIS2_PLACEMENT_3D('',#16991,#13639,#13640);
#11455=AXIS2_PLACEMENT_3D('',#17000,#13645,#13646);
#11456=AXIS2_PLACEMENT_3D('',#17009,#13651,#13652);
#11457=AXIS2_PLACEMENT_3D('',#17013,#13656,#13657);
#11458=AXIS2_PLACEMENT_3D('',#17017,#13661,#13662);
#11459=AXIS2_PLACEMENT_3D('',#17021,#13666,#13667);
#11460=AXIS2_PLACEMENT_3D('',#17025,#13671,#13672);
#11461=AXIS2_PLACEMENT_3D('',#17029,#13676,#13677);
#11462=AXIS2_PLACEMENT_3D('',#17033,#13681,#13682);
#11463=AXIS2_PLACEMENT_3D('',#17037,#13686,#13687);
#11464=AXIS2_PLACEMENT_3D('',#17041,#13691,#13692);
#11465=AXIS2_PLACEMENT_3D('',#17045,#13696,#13697);
#11466=AXIS2_PLACEMENT_3D('',#17049,#13701,#13702);
#11467=AXIS2_PLACEMENT_3D('',#17053,#13706,#13707);
#11468=AXIS2_PLACEMENT_3D('',#17057,#13711,#13712);
#11469=AXIS2_PLACEMENT_3D('',#17061,#13716,#13717);
#11470=AXIS2_PLACEMENT_3D('',#17065,#13721,#13722);
#11471=AXIS2_PLACEMENT_3D('',#17069,#13726,#13727);
#11472=AXIS2_PLACEMENT_3D('',#17073,#13731,#13732);
#11473=AXIS2_PLACEMENT_3D('',#17077,#13736,#13737);
#11474=AXIS2_PLACEMENT_3D('',#17081,#13741,#13742);
#11475=AXIS2_PLACEMENT_3D('',#17085,#13746,#13747);
#11476=AXIS2_PLACEMENT_3D('',#17089,#13751,#13752);
#11477=AXIS2_PLACEMENT_3D('',#17093,#13756,#13757);
#11478=AXIS2_PLACEMENT_3D('',#17097,#13761,#13762);
#11479=AXIS2_PLACEMENT_3D('',#17101,#13766,#13767);
#11480=AXIS2_PLACEMENT_3D('',#17105,#13771,#13772);
#11481=AXIS2_PLACEMENT_3D('',#17109,#13776,#13777);
#11482=AXIS2_PLACEMENT_3D('',#17113,#13781,#13782);
#11483=AXIS2_PLACEMENT_3D('',#17117,#13786,#13787);
#11484=AXIS2_PLACEMENT_3D('',#17121,#13791,#13792);
#11485=AXIS2_PLACEMENT_3D('',#17125,#13796,#13797);
#11486=AXIS2_PLACEMENT_3D('',#17129,#13801,#13802);
#11487=AXIS2_PLACEMENT_3D('',#17133,#13806,#13807);
#11488=AXIS2_PLACEMENT_3D('',#17137,#13811,#13812);
#11489=AXIS2_PLACEMENT_3D('',#17141,#13816,#13817);
#11490=AXIS2_PLACEMENT_3D('',#17145,#13821,#13822);
#11491=AXIS2_PLACEMENT_3D('',#17149,#13826,#13827);
#11492=AXIS2_PLACEMENT_3D('',#17153,#13831,#13832);
#11493=AXIS2_PLACEMENT_3D('',#17157,#13836,#13837);
#11494=AXIS2_PLACEMENT_3D('',#17161,#13841,#13842);
#11495=AXIS2_PLACEMENT_3D('',#17165,#13846,#13847);
#11496=AXIS2_PLACEMENT_3D('',#17169,#13851,#13852);
#11497=AXIS2_PLACEMENT_3D('',#17171,#13854,#13855);
#11498=AXIS2_PLACEMENT_3D('',#17173,#13857,#13858);
#11499=AXIS2_PLACEMENT_3D('',#17175,#13860,#13861);
#11500=AXIS2_PLACEMENT_3D('',#17177,#13863,#13864);
#11501=AXIS2_PLACEMENT_3D('',#17179,#13866,#13867);
#11502=AXIS2_PLACEMENT_3D('',#17181,#13869,#13870);
#11503=AXIS2_PLACEMENT_3D('',#17183,#13872,#13873);
#11504=AXIS2_PLACEMENT_3D('',#17185,#13875,#13876);
#11505=AXIS2_PLACEMENT_3D('',#17187,#13878,#13879);
#11506=AXIS2_PLACEMENT_3D('',#17189,#13881,#13882);
#11507=AXIS2_PLACEMENT_3D('',#17191,#13884,#13885);
#11508=AXIS2_PLACEMENT_3D('',#17193,#13887,#13888);
#11509=AXIS2_PLACEMENT_3D('',#17195,#13890,#13891);
#11510=AXIS2_PLACEMENT_3D('',#17197,#13893,#13894);
#11511=AXIS2_PLACEMENT_3D('',#17199,#13896,#13897);
#11512=AXIS2_PLACEMENT_3D('',#17201,#13899,#13900);
#11513=AXIS2_PLACEMENT_3D('',#17203,#13902,#13903);
#11514=AXIS2_PLACEMENT_3D('',#17205,#13905,#13906);
#11515=AXIS2_PLACEMENT_3D('',#17207,#13908,#13909);
#11516=AXIS2_PLACEMENT_3D('',#17209,#13911,#13912);
#11517=AXIS2_PLACEMENT_3D('',#17211,#13914,#13915);
#11518=AXIS2_PLACEMENT_3D('',#17213,#13917,#13918);
#11519=AXIS2_PLACEMENT_3D('',#17215,#13920,#13921);
#11520=AXIS2_PLACEMENT_3D('',#17217,#13923,#13924);
#11521=AXIS2_PLACEMENT_3D('',#17219,#13926,#13927);
#11522=AXIS2_PLACEMENT_3D('',#17221,#13929,#13930);
#11523=AXIS2_PLACEMENT_3D('',#17223,#13932,#13933);
#11524=AXIS2_PLACEMENT_3D('',#17225,#13935,#13936);
#11525=AXIS2_PLACEMENT_3D('',#17227,#13938,#13939);
#11526=AXIS2_PLACEMENT_3D('',#17229,#13941,#13942);
#11527=AXIS2_PLACEMENT_3D('',#17231,#13944,#13945);
#11528=AXIS2_PLACEMENT_3D('',#17233,#13947,#13948);
#11529=AXIS2_PLACEMENT_3D('',#17235,#13950,#13951);
#11530=AXIS2_PLACEMENT_3D('',#17237,#13953,#13954);
#11531=AXIS2_PLACEMENT_3D('',#17239,#13956,#13957);
#11532=AXIS2_PLACEMENT_3D('',#17241,#13959,#13960);
#11533=AXIS2_PLACEMENT_3D('',#17243,#13962,#13963);
#11534=AXIS2_PLACEMENT_3D('',#17245,#13965,#13966);
#11535=AXIS2_PLACEMENT_3D('',#17247,#13968,#13969);
#11536=AXIS2_PLACEMENT_3D('',#17249,#13971,#13972);
#11537=AXIS2_PLACEMENT_3D('',#17258,#13977,#13978);
#11538=AXIS2_PLACEMENT_3D('',#17264,#13982,#13983);
#11539=AXIS2_PLACEMENT_3D('',#17270,#13987,#13988);
#11540=AXIS2_PLACEMENT_3D('',#17273,#13991,#13992);
#11541=AXIS2_PLACEMENT_3D('',#17274,#13993,#13994);
#11542=AXIS2_PLACEMENT_3D('',#17275,#13995,#13996);
#11543=AXIS2_PLACEMENT_3D('',#17276,#13997,#13998);
#11544=AXIS2_PLACEMENT_3D('',#17277,#13999,#14000);
#11545=AXIS2_PLACEMENT_3D('',#17278,#14001,#14002);
#11546=AXIS2_PLACEMENT_3D('',#17279,#14003,#14004);
#11547=AXIS2_PLACEMENT_3D('',#17280,#14005,#14006);
#11548=AXIS2_PLACEMENT_3D('',#17281,#14007,#14008);
#11549=AXIS2_PLACEMENT_3D('',#17282,#14009,#14010);
#11550=AXIS2_PLACEMENT_3D('',#17283,#14011,#14012);
#11551=AXIS2_PLACEMENT_3D('',#17284,#14013,#14014);
#11552=AXIS2_PLACEMENT_3D('',#17285,#14015,#14016);
#11553=AXIS2_PLACEMENT_3D('',#17286,#14017,#14018);
#11554=AXIS2_PLACEMENT_3D('',#17287,#14019,#14020);
#11555=AXIS2_PLACEMENT_3D('',#17288,#14021,#14022);
#11556=AXIS2_PLACEMENT_3D('',#17289,#14023,#14024);
#11557=AXIS2_PLACEMENT_3D('',#17290,#14025,#14026);
#11558=AXIS2_PLACEMENT_3D('',#17291,#14027,#14028);
#11559=AXIS2_PLACEMENT_3D('',#17292,#14029,#14030);
#11560=AXIS2_PLACEMENT_3D('',#17293,#14031,#14032);
#11561=AXIS2_PLACEMENT_3D('',#17294,#14033,#14034);
#11562=AXIS2_PLACEMENT_3D('',#17295,#14035,#14036);
#11563=AXIS2_PLACEMENT_3D('',#17296,#14037,#14038);
#11564=AXIS2_PLACEMENT_3D('',#17297,#14039,#14040);
#11565=AXIS2_PLACEMENT_3D('',#17298,#14041,#14042);
#11566=AXIS2_PLACEMENT_3D('',#17299,#14043,#14044);
#11567=AXIS2_PLACEMENT_3D('',#17300,#14045,#14046);
#11568=AXIS2_PLACEMENT_3D('',#17301,#14047,#14048);
#11569=AXIS2_PLACEMENT_3D('',#17302,#14049,#14050);
#11570=AXIS2_PLACEMENT_3D('',#17303,#14051,#14052);
#11571=AXIS2_PLACEMENT_3D('',#17304,#14053,#14054);
#11572=AXIS2_PLACEMENT_3D('',#17305,#14055,#14056);
#11573=AXIS2_PLACEMENT_3D('',#17306,#14057,#14058);
#11574=AXIS2_PLACEMENT_3D('',#17307,#14059,#14060);
#11575=AXIS2_PLACEMENT_3D('',#17308,#14061,#14062);
#11576=AXIS2_PLACEMENT_3D('',#17309,#14063,#14064);
#11577=AXIS2_PLACEMENT_3D('',#17310,#14065,#14066);
#11578=AXIS2_PLACEMENT_3D('',#17311,#14067,#14068);
#11579=AXIS2_PLACEMENT_3D('',#17312,#14069,#14070);
#11580=AXIS2_PLACEMENT_3D('',#17313,#14071,#14072);
#11581=AXIS2_PLACEMENT_3D('',#17314,#14073,#14074);
#11582=AXIS2_PLACEMENT_3D('',#17315,#14075,#14076);
#11583=AXIS2_PLACEMENT_3D('',#17317,#14078,#14079);
#11584=AXIS2_PLACEMENT_3D('',#17319,#14081,#14082);
#11585=AXIS2_PLACEMENT_3D('',#17321,#14084,#14085);
#11586=AXIS2_PLACEMENT_3D('',#17323,#14087,#14088);
#11587=AXIS2_PLACEMENT_3D('',#17325,#14090,#14091);
#11588=AXIS2_PLACEMENT_3D('',#17327,#14093,#14094);
#11589=AXIS2_PLACEMENT_3D('',#17328,#14095,#14096);
#11590=AXIS2_PLACEMENT_3D('',#17330,#14098,#14099);
#11591=AXIS2_PLACEMENT_3D('',#17332,#14101,#14102);
#11592=AXIS2_PLACEMENT_3D('',#17334,#14104,#14105);
#11593=AXIS2_PLACEMENT_3D('',#17336,#14107,#14108);
#11594=AXIS2_PLACEMENT_3D('',#17338,#14110,#14111);
#11595=AXIS2_PLACEMENT_3D('',#17340,#14113,#14114);
#11596=AXIS2_PLACEMENT_3D('',#17341,#14115,#14116);
#11597=AXIS2_PLACEMENT_3D('',#17343,#14118,#14119);
#11598=AXIS2_PLACEMENT_3D('',#17345,#14121,#14122);
#11599=AXIS2_PLACEMENT_3D('',#17347,#14124,#14125);
#11600=AXIS2_PLACEMENT_3D('',#17349,#14127,#14128);
#11601=AXIS2_PLACEMENT_3D('',#17351,#14130,#14131);
#11602=AXIS2_PLACEMENT_3D('',#17353,#14133,#14134);
#11603=AXIS2_PLACEMENT_3D('',#17354,#14135,#14136);
#11604=AXIS2_PLACEMENT_3D('',#17356,#14138,#14139);
#11605=AXIS2_PLACEMENT_3D('',#17358,#14141,#14142);
#11606=AXIS2_PLACEMENT_3D('',#17360,#14144,#14145);
#11607=AXIS2_PLACEMENT_3D('',#17362,#14147,#14148);
#11608=AXIS2_PLACEMENT_3D('',#17364,#14150,#14151);
#11609=AXIS2_PLACEMENT_3D('',#17366,#14153,#14154);
#11610=AXIS2_PLACEMENT_3D('',#17367,#14155,#14156);
#11611=AXIS2_PLACEMENT_3D('',#17369,#14158,#14159);
#11612=AXIS2_PLACEMENT_3D('',#17371,#14161,#14162);
#11613=AXIS2_PLACEMENT_3D('',#17373,#14164,#14165);
#11614=AXIS2_PLACEMENT_3D('',#17375,#14167,#14168);
#11615=AXIS2_PLACEMENT_3D('',#17377,#14170,#14171);
#11616=AXIS2_PLACEMENT_3D('',#17379,#14173,#14174);
#11617=AXIS2_PLACEMENT_3D('',#17380,#14175,#14176);
#11618=AXIS2_PLACEMENT_3D('',#17382,#14178,#14179);
#11619=AXIS2_PLACEMENT_3D('',#17384,#14181,#14182);
#11620=AXIS2_PLACEMENT_3D('',#17386,#14184,#14185);
#11621=AXIS2_PLACEMENT_3D('',#17388,#14187,#14188);
#11622=AXIS2_PLACEMENT_3D('',#17390,#14190,#14191);
#11623=AXIS2_PLACEMENT_3D('',#17392,#14193,#14194);
#11624=AXIS2_PLACEMENT_3D('',#17393,#14195,#14196);
#11625=AXIS2_PLACEMENT_3D('',#17395,#14198,#14199);
#11626=AXIS2_PLACEMENT_3D('',#17397,#14201,#14202);
#11627=AXIS2_PLACEMENT_3D('',#17399,#14204,#14205);
#11628=AXIS2_PLACEMENT_3D('',#17401,#14207,#14208);
#11629=AXIS2_PLACEMENT_3D('',#17403,#14210,#14211);
#11630=AXIS2_PLACEMENT_3D('',#17405,#14213,#14214);
#11631=AXIS2_PLACEMENT_3D('',#17406,#14215,#14216);
#11632=AXIS2_PLACEMENT_3D('',#17408,#14218,#14219);
#11633=AXIS2_PLACEMENT_3D('',#17410,#14221,#14222);
#11634=AXIS2_PLACEMENT_3D('',#17412,#14224,#14225);
#11635=AXIS2_PLACEMENT_3D('',#17414,#14227,#14228);
#11636=AXIS2_PLACEMENT_3D('',#17416,#14230,#14231);
#11637=AXIS2_PLACEMENT_3D('',#17418,#14233,#14234);
#11638=AXIS2_PLACEMENT_3D('',#17419,#14235,#14236);
#11639=AXIS2_PLACEMENT_3D('',#17421,#14238,#14239);
#11640=AXIS2_PLACEMENT_3D('',#17423,#14241,#14242);
#11641=AXIS2_PLACEMENT_3D('',#17425,#14244,#14245);
#11642=AXIS2_PLACEMENT_3D('',#17427,#14247,#14248);
#11643=AXIS2_PLACEMENT_3D('',#17429,#14250,#14251);
#11644=AXIS2_PLACEMENT_3D('',#17431,#14253,#14254);
#11645=AXIS2_PLACEMENT_3D('',#17432,#14255,#14256);
#11646=AXIS2_PLACEMENT_3D('',#17434,#14258,#14259);
#11647=AXIS2_PLACEMENT_3D('',#17436,#14261,#14262);
#11648=AXIS2_PLACEMENT_3D('',#17438,#14264,#14265);
#11649=AXIS2_PLACEMENT_3D('',#17440,#14267,#14268);
#11650=AXIS2_PLACEMENT_3D('',#17442,#14270,#14271);
#11651=AXIS2_PLACEMENT_3D('',#17444,#14273,#14274);
#11652=AXIS2_PLACEMENT_3D('',#17445,#14275,#14276);
#11653=AXIS2_PLACEMENT_3D('',#17447,#14278,#14279);
#11654=AXIS2_PLACEMENT_3D('',#17449,#14281,#14282);
#11655=AXIS2_PLACEMENT_3D('',#17451,#14284,#14285);
#11656=AXIS2_PLACEMENT_3D('',#17453,#14287,#14288);
#11657=AXIS2_PLACEMENT_3D('',#17455,#14290,#14291);
#11658=AXIS2_PLACEMENT_3D('',#17457,#14293,#14294);
#11659=AXIS2_PLACEMENT_3D('',#17458,#14295,#14296);
#11660=AXIS2_PLACEMENT_3D('',#17460,#14298,#14299);
#11661=AXIS2_PLACEMENT_3D('',#17462,#14301,#14302);
#11662=AXIS2_PLACEMENT_3D('',#17464,#14304,#14305);
#11663=AXIS2_PLACEMENT_3D('',#17466,#14307,#14308);
#11664=AXIS2_PLACEMENT_3D('',#17468,#14310,#14311);
#11665=AXIS2_PLACEMENT_3D('',#17470,#14313,#14314);
#11666=AXIS2_PLACEMENT_3D('',#17471,#14315,#14316);
#11667=AXIS2_PLACEMENT_3D('',#17473,#14318,#14319);
#11668=AXIS2_PLACEMENT_3D('',#17475,#14321,#14322);
#11669=AXIS2_PLACEMENT_3D('',#17477,#14324,#14325);
#11670=AXIS2_PLACEMENT_3D('',#17479,#14327,#14328);
#11671=AXIS2_PLACEMENT_3D('',#17481,#14330,#14331);
#11672=AXIS2_PLACEMENT_3D('',#17483,#14333,#14334);
#11673=AXIS2_PLACEMENT_3D('',#17484,#14335,#14336);
#11674=AXIS2_PLACEMENT_3D('',#17486,#14338,#14339);
#11675=AXIS2_PLACEMENT_3D('',#17488,#14341,#14342);
#11676=AXIS2_PLACEMENT_3D('',#17490,#14344,#14345);
#11677=AXIS2_PLACEMENT_3D('',#17492,#14347,#14348);
#11678=AXIS2_PLACEMENT_3D('',#17494,#14350,#14351);
#11679=AXIS2_PLACEMENT_3D('',#17496,#14353,#14354);
#11680=AXIS2_PLACEMENT_3D('',#17497,#14355,#14356);
#11681=AXIS2_PLACEMENT_3D('',#17499,#14358,#14359);
#11682=AXIS2_PLACEMENT_3D('',#17501,#14361,#14362);
#11683=AXIS2_PLACEMENT_3D('',#17503,#14364,#14365);
#11684=AXIS2_PLACEMENT_3D('',#17505,#14367,#14368);
#11685=AXIS2_PLACEMENT_3D('',#17507,#14370,#14371);
#11686=AXIS2_PLACEMENT_3D('',#17509,#14373,#14374);
#11687=AXIS2_PLACEMENT_3D('',#17510,#14375,#14376);
#11688=AXIS2_PLACEMENT_3D('',#17512,#14378,#14379);
#11689=AXIS2_PLACEMENT_3D('',#17514,#14381,#14382);
#11690=AXIS2_PLACEMENT_3D('',#17516,#14384,#14385);
#11691=AXIS2_PLACEMENT_3D('',#17518,#14387,#14388);
#11692=AXIS2_PLACEMENT_3D('',#17520,#14390,#14391);
#11693=AXIS2_PLACEMENT_3D('',#17522,#14393,#14394);
#11694=AXIS2_PLACEMENT_3D('',#17523,#14395,#14396);
#11695=AXIS2_PLACEMENT_3D('',#17525,#14398,#14399);
#11696=AXIS2_PLACEMENT_3D('',#17527,#14401,#14402);
#11697=AXIS2_PLACEMENT_3D('',#17529,#14404,#14405);
#11698=AXIS2_PLACEMENT_3D('',#17531,#14407,#14408);
#11699=AXIS2_PLACEMENT_3D('',#17533,#14410,#14411);
#11700=AXIS2_PLACEMENT_3D('',#17535,#14413,#14414);
#11701=AXIS2_PLACEMENT_3D('',#17536,#14415,#14416);
#11702=AXIS2_PLACEMENT_3D('',#17538,#14418,#14419);
#11703=AXIS2_PLACEMENT_3D('',#17540,#14421,#14422);
#11704=AXIS2_PLACEMENT_3D('',#17542,#14424,#14425);
#11705=AXIS2_PLACEMENT_3D('',#17544,#14427,#14428);
#11706=AXIS2_PLACEMENT_3D('',#17546,#14430,#14431);
#11707=AXIS2_PLACEMENT_3D('',#17548,#14433,#14434);
#11708=AXIS2_PLACEMENT_3D('',#17549,#14435,#14436);
#11709=AXIS2_PLACEMENT_3D('',#17551,#14438,#14439);
#11710=AXIS2_PLACEMENT_3D('',#17553,#14441,#14442);
#11711=AXIS2_PLACEMENT_3D('',#17555,#14444,#14445);
#11712=AXIS2_PLACEMENT_3D('',#17557,#14447,#14448);
#11713=AXIS2_PLACEMENT_3D('',#17559,#14450,#14451);
#11714=AXIS2_PLACEMENT_3D('',#17561,#14453,#14454);
#11715=AXIS2_PLACEMENT_3D('',#17562,#14455,#14456);
#11716=AXIS2_PLACEMENT_3D('',#17565,#14459,#14460);
#11717=AXIS2_PLACEMENT_3D('',#17567,#14462,#14463);
#11718=AXIS2_PLACEMENT_3D('',#17569,#14465,#14466);
#11719=AXIS2_PLACEMENT_3D('',#17571,#14468,#14469);
#11720=AXIS2_PLACEMENT_3D('',#17573,#14471,#14472);
#11721=AXIS2_PLACEMENT_3D('',#17574,#14473,#14474);
#11722=AXIS2_PLACEMENT_3D('',#17575,#14475,#14476);
#11723=DIRECTION('',(0.,0.,1.));
#11724=DIRECTION('',(1.,0.,0.));
#11725=DIRECTION('',(0.,1.,0.));
#11726=DIRECTION('',(0.,0.,1.));
#11727=DIRECTION('',(0.,0.,-1.));
#11728=DIRECTION('',(-1.,0.,0.));
#11729=DIRECTION('',(0.,0.,-1.));
#11730=DIRECTION('',(1.,0.,0.));
#11731=DIRECTION('',(0.,1.,0.));
#11732=DIRECTION('',(0.,0.,1.));
#11733=DIRECTION('',(0.,0.,-1.));
#11734=DIRECTION('',(1.,0.,0.));
#11735=DIRECTION('',(0.,0.,-1.));
#11736=DIRECTION('',(-1.,0.,0.));
#11737=DIRECTION('',(0.,1.,0.));
#11738=DIRECTION('',(0.,0.,1.));
#11739=DIRECTION('',(0.,0.,-1.));
#11740=DIRECTION('',(1.,0.,0.));
#11741=DIRECTION('',(0.,0.,-1.));
#11742=DIRECTION('',(-1.,0.,0.));
#11743=DIRECTION('',(0.,1.,0.));
#11744=DIRECTION('',(0.,0.,1.));
#11745=DIRECTION('',(0.,0.,-1.));
#11746=DIRECTION('',(1.,0.,0.));
#11747=DIRECTION('',(0.,0.,-1.));
#11748=DIRECTION('',(-1.,0.,0.));
#11749=DIRECTION('',(0.,1.,0.));
#11750=DIRECTION('',(0.,0.,1.));
#11751=DIRECTION('',(0.,0.,-1.));
#11752=DIRECTION('',(1.,0.,0.));
#11753=DIRECTION('',(0.,0.,-1.));
#11754=DIRECTION('',(-1.,0.,0.));
#11755=DIRECTION('',(0.,1.,0.));
#11756=DIRECTION('',(0.,0.,1.));
#11757=DIRECTION('',(0.,0.,-1.));
#11758=DIRECTION('',(1.,0.,0.));
#11759=DIRECTION('',(0.,0.,-1.));
#11760=DIRECTION('',(-1.,0.,0.));
#11761=DIRECTION('',(0.,1.,0.));
#11762=DIRECTION('',(0.,0.,1.));
#11763=DIRECTION('',(0.,0.,-1.));
#11764=DIRECTION('',(1.,0.,0.));
#11765=DIRECTION('',(0.,0.,-1.));
#11766=DIRECTION('',(-1.,0.,0.));
#11767=DIRECTION('',(0.,1.,0.));
#11768=DIRECTION('',(0.,0.,1.));
#11769=DIRECTION('',(0.,0.,-1.));
#11770=DIRECTION('',(1.,0.,0.));
#11771=DIRECTION('',(0.,0.,-1.));
#11772=DIRECTION('',(-1.,0.,0.));
#11773=DIRECTION('',(0.,1.,0.));
#11774=DIRECTION('',(0.,0.,1.));
#11775=DIRECTION('',(0.,0.,-1.));
#11776=DIRECTION('',(1.,0.,0.));
#11777=DIRECTION('',(0.,0.,-1.));
#11778=DIRECTION('',(-1.,0.,0.));
#11779=DIRECTION('',(0.,1.,0.));
#11780=DIRECTION('',(0.,0.,1.));
#11781=DIRECTION('',(0.,0.,-1.));
#11782=DIRECTION('',(1.,0.,0.));
#11783=DIRECTION('',(0.,0.,-1.));
#11784=DIRECTION('',(-1.,0.,0.));
#11785=DIRECTION('',(0.,1.,0.));
#11786=DIRECTION('',(0.,0.,1.));
#11787=DIRECTION('',(0.,0.,-1.));
#11788=DIRECTION('',(1.,0.,0.));
#11789=DIRECTION('',(0.,0.,1.));
#11790=DIRECTION('',(-1.,0.,0.));
#11791=DIRECTION('',(0.,1.,0.));
#11792=DIRECTION('',(0.,0.,1.));
#11793=DIRECTION('',(0.,0.,-1.));
#11794=DIRECTION('',(-1.,0.,0.));
#11795=DIRECTION('',(0.,0.,-1.));
#11796=DIRECTION('',(-1.,0.,0.));
#11797=DIRECTION('',(0.,1.,0.));
#11798=DIRECTION('',(0.,0.,1.));
#11799=DIRECTION('',(0.,0.,-1.));
#11800=DIRECTION('',(-1.,0.,0.));
#11801=DIRECTION('',(0.,0.,-1.));
#11802=DIRECTION('',(-1.,0.,0.));
#11803=DIRECTION('',(0.,1.,0.));
#11804=DIRECTION('',(0.,0.,1.));
#11805=DIRECTION('',(0.,0.,-1.));
#11806=DIRECTION('',(-1.,0.,0.));
#11807=DIRECTION('',(0.,0.,-1.));
#11808=DIRECTION('',(-1.,0.,0.));
#11809=DIRECTION('',(0.,1.,0.));
#11810=DIRECTION('',(0.,0.,1.));
#11811=DIRECTION('',(0.,0.,-1.));
#11812=DIRECTION('',(-1.,0.,0.));
#11813=DIRECTION('',(0.,0.,-1.));
#11814=DIRECTION('',(-1.,0.,0.));
#11815=DIRECTION('',(0.,1.,0.));
#11816=DIRECTION('',(0.,0.,1.));
#11817=DIRECTION('',(0.,0.,-1.));
#11818=DIRECTION('',(-1.,0.,0.));
#11819=DIRECTION('',(0.,0.,-1.));
#11820=DIRECTION('',(-1.,0.,0.));
#11821=DIRECTION('',(0.,1.,0.));
#11822=DIRECTION('',(0.,0.,1.));
#11823=DIRECTION('',(0.,0.,-1.));
#11824=DIRECTION('',(-1.,0.,0.));
#11825=DIRECTION('',(0.,0.,-1.));
#11826=DIRECTION('',(-1.,0.,0.));
#11827=DIRECTION('',(0.,1.,0.));
#11828=DIRECTION('',(0.,0.,1.));
#11829=DIRECTION('',(0.,0.,-1.));
#11830=DIRECTION('',(-1.,0.,0.));
#11831=DIRECTION('',(0.,0.,-1.));
#11832=DIRECTION('',(-1.,0.,0.));
#11833=DIRECTION('',(0.,1.,0.));
#11834=DIRECTION('',(0.,0.,1.));
#11835=DIRECTION('',(0.,0.,-1.));
#11836=DIRECTION('',(-1.,0.,0.));
#11837=DIRECTION('',(0.,0.,-1.));
#11838=DIRECTION('',(-1.,0.,0.));
#11839=DIRECTION('',(0.,1.,0.));
#11840=DIRECTION('',(0.,0.,1.));
#11841=DIRECTION('',(0.,0.,-1.));
#11842=DIRECTION('',(-1.,0.,0.));
#11843=DIRECTION('',(0.,0.,-1.));
#11844=DIRECTION('',(-1.,0.,0.));
#11845=DIRECTION('',(0.,1.,0.));
#11846=DIRECTION('',(0.,0.,1.));
#11847=DIRECTION('',(0.,0.,-1.));
#11848=DIRECTION('',(-1.,0.,0.));
#11849=DIRECTION('',(0.,0.,-1.));
#11850=DIRECTION('',(-1.,0.,0.));
#11851=DIRECTION('',(0.,1.,0.));
#11852=DIRECTION('',(0.,0.,1.));
#11853=DIRECTION('',(0.,0.,-1.));
#11854=DIRECTION('',(-1.,0.,0.));
#11855=DIRECTION('',(0.,0.,1.));
#11856=DIRECTION('',(-1.,0.,0.));
#11857=DIRECTION('',(0.,0.,1.));
#11858=DIRECTION('',(1.,0.,0.));
#11859=DIRECTION('',(0.,1.,0.));
#11860=DIRECTION('',(-1.,0.,0.));
#11861=DIRECTION('',(0.,-1.,0.));
#11862=DIRECTION('',(0.,1.,0.));
#11863=DIRECTION('',(-1.,0.,0.));
#11864=DIRECTION('',(0.,-1.,0.));
#11865=DIRECTION('',(0.,1.,0.));
#11866=DIRECTION('',(-1.,0.,0.));
#11867=DIRECTION('',(0.,-1.,0.));
#11868=DIRECTION('',(0.,1.,0.));
#11869=DIRECTION('',(-1.,0.,0.));
#11870=DIRECTION('',(0.,-1.,0.));
#11871=DIRECTION('',(0.,1.,0.));
#11872=DIRECTION('',(-1.,0.,0.));
#11873=DIRECTION('',(0.,-1.,0.));
#11874=DIRECTION('',(0.,1.,0.));
#11875=DIRECTION('',(-1.,0.,0.));
#11876=DIRECTION('',(0.,-1.,0.));
#11877=DIRECTION('',(0.,1.,0.));
#11878=DIRECTION('',(-1.,0.,0.));
#11879=DIRECTION('',(0.,-1.,0.));
#11880=DIRECTION('',(0.,1.,0.));
#11881=DIRECTION('',(-1.,0.,0.));
#11882=DIRECTION('',(0.,-1.,0.));
#11883=DIRECTION('',(0.,1.,0.));
#11884=DIRECTION('',(-1.,0.,0.));
#11885=DIRECTION('',(0.,-1.,0.));
#11886=DIRECTION('',(0.,1.,0.));
#11887=DIRECTION('',(-1.,0.,0.));
#11888=DIRECTION('',(0.,-1.,0.));
#11889=DIRECTION('',(0.,-1.,0.));
#11890=DIRECTION('',(-1.,0.,0.));
#11891=DIRECTION('',(0.,-1.,0.));
#11892=DIRECTION('',(0.,0.,-1.));
#11893=DIRECTION('',(-1.,0.,0.));
#11894=DIRECTION('',(0.,1.,0.));
#11895=DIRECTION('',(0.,-1.,0.));
#11896=DIRECTION('',(1.,0.,0.));
#11897=DIRECTION('',(0.,-1.,0.));
#11898=DIRECTION('',(0.,-1.,0.));
#11899=DIRECTION('',(-1.,0.,0.));
#11900=DIRECTION('',(0.,1.,0.));
#11901=DIRECTION('',(0.,-1.,0.));
#11902=DIRECTION('',(-1.,0.,0.));
#11903=DIRECTION('',(0.,1.,0.));
#11904=DIRECTION('',(0.,-1.,0.));
#11905=DIRECTION('',(-1.,0.,0.));
#11906=DIRECTION('',(0.,1.,0.));
#11907=DIRECTION('',(0.,-1.,0.));
#11908=DIRECTION('',(-1.,0.,0.));
#11909=DIRECTION('',(0.,1.,0.));
#11910=DIRECTION('',(0.,-1.,0.));
#11911=DIRECTION('',(-1.,0.,0.));
#11912=DIRECTION('',(0.,1.,0.));
#11913=DIRECTION('',(0.,-1.,0.));
#11914=DIRECTION('',(-1.,0.,0.));
#11915=DIRECTION('',(0.,1.,0.));
#11916=DIRECTION('',(0.,-1.,0.));
#11917=DIRECTION('',(-1.,0.,0.));
#11918=DIRECTION('',(0.,1.,0.));
#11919=DIRECTION('',(0.,-1.,0.));
#11920=DIRECTION('',(-1.,0.,0.));
#11921=DIRECTION('',(0.,1.,0.));
#11922=DIRECTION('',(0.,-1.,0.));
#11923=DIRECTION('',(-1.,0.,0.));
#11924=DIRECTION('',(0.,1.,0.));
#11925=DIRECTION('',(0.,-1.,0.));
#11926=DIRECTION('',(-1.,0.,0.));
#11927=DIRECTION('',(0.,0.,-1.));
#11928=DIRECTION('',(-1.,0.,0.));
#11929=DIRECTION('',(0.,1.,0.));
#11930=DIRECTION('',(-1.,0.,0.));
#11931=DIRECTION('',(0.,-1.,0.));
#11932=DIRECTION('',(0.,0.,-1.));
#11933=DIRECTION('',(-1.,0.,0.));
#11934=DIRECTION('',(-1.,0.,0.));
#11935=DIRECTION('',(0.,-1.,0.));
#11936=DIRECTION('',(0.,1.,0.));
#11937=DIRECTION('',(0.,0.,-1.));
#11938=DIRECTION('',(-1.,0.,0.));
#11939=DIRECTION('',(-1.,0.,0.));
#11940=DIRECTION('',(0.,-1.,0.));
#11941=DIRECTION('',(0.,1.,0.));
#11942=DIRECTION('',(0.,0.,-1.));
#11943=DIRECTION('',(-1.,0.,0.));
#11944=DIRECTION('',(-1.,0.,0.));
#11945=DIRECTION('',(0.,-1.,0.));
#11946=DIRECTION('',(0.,1.,0.));
#11947=DIRECTION('',(0.,0.,-1.));
#11948=DIRECTION('',(-1.,0.,0.));
#11949=DIRECTION('',(-1.,0.,0.));
#11950=DIRECTION('',(0.,-1.,0.));
#11951=DIRECTION('',(0.,1.,0.));
#11952=DIRECTION('',(0.,0.,-1.));
#11953=DIRECTION('',(-1.,0.,0.));
#11954=DIRECTION('',(-1.,0.,0.));
#11955=DIRECTION('',(0.,-1.,0.));
#11956=DIRECTION('',(0.,1.,0.));
#11957=DIRECTION('',(0.,0.,-1.));
#11958=DIRECTION('',(-1.,0.,0.));
#11959=DIRECTION('',(-1.,0.,0.));
#11960=DIRECTION('',(0.,-1.,0.));
#11961=DIRECTION('',(0.,1.,0.));
#11962=DIRECTION('',(0.,0.,-1.));
#11963=DIRECTION('',(-1.,0.,0.));
#11964=DIRECTION('',(-1.,0.,0.));
#11965=DIRECTION('',(0.,-1.,0.));
#11966=DIRECTION('',(0.,1.,0.));
#11967=DIRECTION('',(0.,0.,-1.));
#11968=DIRECTION('',(-1.,0.,0.));
#11969=DIRECTION('',(-1.,0.,0.));
#11970=DIRECTION('',(0.,-1.,0.));
#11971=DIRECTION('',(0.,1.,0.));
#11972=DIRECTION('',(0.,0.,-1.));
#11973=DIRECTION('',(-1.,0.,0.));
#11974=DIRECTION('',(-1.,0.,0.));
#11975=DIRECTION('',(0.,-1.,0.));
#11976=DIRECTION('',(0.,1.,0.));
#11977=DIRECTION('',(0.,0.,-1.));
#11978=DIRECTION('',(-1.,0.,0.));
#11979=DIRECTION('',(-1.,0.,0.));
#11980=DIRECTION('',(0.,-1.,0.));
#11981=DIRECTION('',(0.,-1.,0.));
#11982=DIRECTION('',(0.,0.,1.));
#11983=DIRECTION('',(1.,0.,0.));
#11984=DIRECTION('',(-1.,0.,0.));
#11985=DIRECTION('',(0.,-1.,0.));
#11986=DIRECTION('',(0.,1.,0.));
#11987=DIRECTION('',(0.,0.,1.));
#11988=DIRECTION('',(1.,0.,0.));
#11989=DIRECTION('',(0.,1.,0.));
#11990=DIRECTION('',(-1.,0.,0.));
#11991=DIRECTION('',(0.,-1.,0.));
#11992=DIRECTION('',(0.,0.,1.));
#11993=DIRECTION('',(1.,0.,0.));
#11994=DIRECTION('',(0.,1.,0.));
#11995=DIRECTION('',(-1.,0.,0.));
#11996=DIRECTION('',(0.,-1.,0.));
#11997=DIRECTION('',(0.,0.,1.));
#11998=DIRECTION('',(1.,0.,0.));
#11999=DIRECTION('',(0.,1.,0.));
#12000=DIRECTION('',(-1.,0.,0.));
#12001=DIRECTION('',(0.,-1.,0.));
#12002=DIRECTION('',(0.,0.,1.));
#12003=DIRECTION('',(1.,0.,0.));
#12004=DIRECTION('',(0.,1.,0.));
#12005=DIRECTION('',(-1.,0.,0.));
#12006=DIRECTION('',(0.,-1.,0.));
#12007=DIRECTION('',(0.,0.,1.));
#12008=DIRECTION('',(1.,0.,0.));
#12009=DIRECTION('',(0.,1.,0.));
#12010=DIRECTION('',(-1.,0.,0.));
#12011=DIRECTION('',(0.,-1.,0.));
#12012=DIRECTION('',(0.,0.,1.));
#12013=DIRECTION('',(1.,0.,0.));
#12014=DIRECTION('',(0.,1.,0.));
#12015=DIRECTION('',(-1.,0.,0.));
#12016=DIRECTION('',(0.,-1.,0.));
#12017=DIRECTION('',(0.,0.,1.));
#12018=DIRECTION('',(1.,0.,0.));
#12019=DIRECTION('',(0.,1.,0.));
#12020=DIRECTION('',(-1.,0.,0.));
#12021=DIRECTION('',(0.,-1.,0.));
#12022=DIRECTION('',(0.,0.,1.));
#12023=DIRECTION('',(1.,0.,0.));
#12024=DIRECTION('',(0.,1.,0.));
#12025=DIRECTION('',(-1.,0.,0.));
#12026=DIRECTION('',(0.,-1.,0.));
#12027=DIRECTION('',(0.,0.,1.));
#12028=DIRECTION('',(1.,0.,0.));
#12029=DIRECTION('',(0.,1.,0.));
#12030=DIRECTION('',(-1.,0.,0.));
#12031=DIRECTION('',(0.,-1.,0.));
#12032=DIRECTION('',(0.,0.,1.));
#12033=DIRECTION('',(1.,0.,0.));
#12034=DIRECTION('',(0.,1.,0.));
#12035=DIRECTION('',(-1.,0.,0.));
#12036=DIRECTION('',(0.,1.,0.));
#12037=DIRECTION('',(1.,0.,0.));
#12038=DIRECTION('',(0.,0.,-1.));
#12039=DIRECTION('',(0.,0.,1.));
#12040=DIRECTION('',(0.,0.,1.));
#12041=DIRECTION('',(-1.,0.,0.));
#12042=DIRECTION('',(0.,0.,1.));
#12043=DIRECTION('',(0.,0.,1.));
#12044=DIRECTION('',(0.,0.,-1.));
#12045=DIRECTION('',(0.,0.,1.));
#12046=DIRECTION('',(1.,0.,0.));
#12047=DIRECTION('',(-1.,0.,0.));
#12048=DIRECTION('',(0.,-1.,0.));
#12049=DIRECTION('',(-1.,0.,0.));
#12050=DIRECTION('',(0.,-1.,0.));
#12051=DIRECTION('',(-1.,0.,0.));
#12052=DIRECTION('',(0.,0.,1.));
#12053=DIRECTION('',(0.,0.,-1.));
#12054=DIRECTION('',(0.,-1.,0.));
#12055=DIRECTION('',(0.,0.,-1.));
#12056=DIRECTION('',(0.,0.,-1.));
#12057=DIRECTION('',(-1.,0.,0.));
#12058=DIRECTION('',(1.,0.,0.));
#12059=DIRECTION('',(0.,-1.,0.));
#12060=DIRECTION('',(1.,0.,0.));
#12061=DIRECTION('',(0.,0.,1.));
#12062=DIRECTION('',(1.,0.,0.));
#12063=DIRECTION('',(-1.,0.,0.));
#12064=DIRECTION('',(0.,-1.,0.));
#12065=DIRECTION('',(-1.,0.,0.));
#12066=DIRECTION('',(0.,-1.,0.));
#12067=DIRECTION('',(-1.,0.,0.));
#12068=DIRECTION('',(0.,0.,1.));
#12069=DIRECTION('',(0.,0.,-1.));
#12070=DIRECTION('',(0.,-1.,0.));
#12071=DIRECTION('',(0.,0.,-1.));
#12072=DIRECTION('',(0.,0.,-1.));
#12073=DIRECTION('',(-1.,0.,0.));
#12074=DIRECTION('',(1.,0.,0.));
#12075=DIRECTION('',(0.,-1.,0.));
#12076=DIRECTION('',(1.,0.,0.));
#12077=DIRECTION('',(0.,0.,1.));
#12078=DIRECTION('',(1.,0.,0.));
#12079=DIRECTION('',(-1.,0.,0.));
#12080=DIRECTION('',(0.,-1.,0.));
#12081=DIRECTION('',(-1.,0.,0.));
#12082=DIRECTION('',(0.,-1.,0.));
#12083=DIRECTION('',(-1.,0.,0.));
#12084=DIRECTION('',(0.,0.,1.));
#12085=DIRECTION('',(0.,0.,-1.));
#12086=DIRECTION('',(0.,-1.,0.));
#12087=DIRECTION('',(0.,0.,-1.));
#12088=DIRECTION('',(0.,0.,-1.));
#12089=DIRECTION('',(-1.,0.,0.));
#12090=DIRECTION('',(1.,0.,0.));
#12091=DIRECTION('',(0.,-1.,0.));
#12092=DIRECTION('',(1.,0.,0.));
#12093=DIRECTION('',(0.,0.,1.));
#12094=DIRECTION('',(1.,0.,0.));
#12095=DIRECTION('',(-1.,0.,0.));
#12096=DIRECTION('',(0.,-1.,0.));
#12097=DIRECTION('',(-1.,0.,0.));
#12098=DIRECTION('',(0.,-1.,0.));
#12099=DIRECTION('',(-1.,0.,0.));
#12100=DIRECTION('',(0.,0.,1.));
#12101=DIRECTION('',(0.,0.,-1.));
#12102=DIRECTION('',(0.,-1.,0.));
#12103=DIRECTION('',(0.,0.,-1.));
#12104=DIRECTION('',(0.,0.,-1.));
#12105=DIRECTION('',(-1.,0.,0.));
#12106=DIRECTION('',(1.,0.,0.));
#12107=DIRECTION('',(0.,-1.,0.));
#12108=DIRECTION('',(1.,0.,0.));
#12109=DIRECTION('',(0.,0.,1.));
#12110=DIRECTION('',(1.,0.,0.));
#12111=DIRECTION('',(-1.,0.,0.));
#12112=DIRECTION('',(0.,-1.,0.));
#12113=DIRECTION('',(-1.,0.,0.));
#12114=DIRECTION('',(0.,-1.,0.));
#12115=DIRECTION('',(-1.,0.,0.));
#12116=DIRECTION('',(0.,0.,1.));
#12117=DIRECTION('',(0.,0.,-1.));
#12118=DIRECTION('',(0.,-1.,0.));
#12119=DIRECTION('',(0.,0.,-1.));
#12120=DIRECTION('',(0.,0.,-1.));
#12121=DIRECTION('',(-1.,0.,0.));
#12122=DIRECTION('',(1.,0.,0.));
#12123=DIRECTION('',(0.,-1.,0.));
#12124=DIRECTION('',(1.,0.,0.));
#12125=DIRECTION('',(0.,0.,1.));
#12126=DIRECTION('',(1.,0.,0.));
#12127=DIRECTION('',(-1.,0.,0.));
#12128=DIRECTION('',(0.,-1.,0.));
#12129=DIRECTION('',(-1.,0.,0.));
#12130=DIRECTION('',(0.,-1.,0.));
#12131=DIRECTION('',(-1.,0.,0.));
#12132=DIRECTION('',(0.,0.,1.));
#12133=DIRECTION('',(0.,0.,-1.));
#12134=DIRECTION('',(0.,-1.,0.));
#12135=DIRECTION('',(0.,0.,-1.));
#12136=DIRECTION('',(0.,0.,-1.));
#12137=DIRECTION('',(-1.,0.,0.));
#12138=DIRECTION('',(1.,0.,0.));
#12139=DIRECTION('',(0.,-1.,0.));
#12140=DIRECTION('',(1.,0.,0.));
#12141=DIRECTION('',(0.,0.,1.));
#12142=DIRECTION('',(1.,0.,0.));
#12143=DIRECTION('',(-1.,0.,0.));
#12144=DIRECTION('',(0.,-1.,0.));
#12145=DIRECTION('',(-1.,0.,0.));
#12146=DIRECTION('',(0.,-1.,0.));
#12147=DIRECTION('',(-1.,0.,0.));
#12148=DIRECTION('',(0.,0.,1.));
#12149=DIRECTION('',(0.,0.,-1.));
#12150=DIRECTION('',(0.,-1.,0.));
#12151=DIRECTION('',(0.,0.,-1.));
#12152=DIRECTION('',(0.,0.,-1.));
#12153=DIRECTION('',(-1.,0.,0.));
#12154=DIRECTION('',(1.,0.,0.));
#12155=DIRECTION('',(0.,-1.,0.));
#12156=DIRECTION('',(1.,0.,0.));
#12157=DIRECTION('',(0.,0.,1.));
#12158=DIRECTION('',(1.,0.,0.));
#12159=DIRECTION('',(-1.,0.,0.));
#12160=DIRECTION('',(0.,-1.,0.));
#12161=DIRECTION('',(-1.,0.,0.));
#12162=DIRECTION('',(0.,-1.,0.));
#12163=DIRECTION('',(-1.,0.,0.));
#12164=DIRECTION('',(0.,0.,1.));
#12165=DIRECTION('',(0.,0.,-1.));
#12166=DIRECTION('',(0.,-1.,0.));
#12167=DIRECTION('',(0.,0.,-1.));
#12168=DIRECTION('',(0.,0.,-1.));
#12169=DIRECTION('',(-1.,0.,0.));
#12170=DIRECTION('',(1.,0.,0.));
#12171=DIRECTION('',(0.,-1.,0.));
#12172=DIRECTION('',(1.,0.,0.));
#12173=DIRECTION('',(0.,0.,1.));
#12174=DIRECTION('',(1.,0.,0.));
#12175=DIRECTION('',(-1.,0.,0.));
#12176=DIRECTION('',(0.,-1.,0.));
#12177=DIRECTION('',(-1.,0.,0.));
#12178=DIRECTION('',(0.,-1.,0.));
#12179=DIRECTION('',(-1.,0.,0.));
#12180=DIRECTION('',(0.,0.,1.));
#12181=DIRECTION('',(0.,0.,-1.));
#12182=DIRECTION('',(0.,-1.,0.));
#12183=DIRECTION('',(0.,0.,-1.));
#12184=DIRECTION('',(0.,0.,-1.));
#12185=DIRECTION('',(-1.,0.,0.));
#12186=DIRECTION('',(1.,0.,0.));
#12187=DIRECTION('',(0.,-1.,0.));
#12188=DIRECTION('',(1.,0.,0.));
#12189=DIRECTION('',(0.,0.,1.));
#12190=DIRECTION('',(1.,0.,0.));
#12191=DIRECTION('',(-1.,0.,0.));
#12192=DIRECTION('',(0.,-1.,0.));
#12193=DIRECTION('',(-1.,0.,0.));
#12194=DIRECTION('',(0.,-1.,0.));
#12195=DIRECTION('',(-1.,0.,0.));
#12196=DIRECTION('',(0.,0.,1.));
#12197=DIRECTION('',(0.,0.,-1.));
#12198=DIRECTION('',(0.,-1.,0.));
#12199=DIRECTION('',(0.,0.,-1.));
#12200=DIRECTION('',(0.,0.,-1.));
#12201=DIRECTION('',(-1.,0.,0.));
#12202=DIRECTION('',(1.,0.,0.));
#12203=DIRECTION('',(0.,-1.,0.));
#12204=DIRECTION('',(1.,0.,0.));
#12205=DIRECTION('',(0.,0.,1.));
#12206=DIRECTION('',(1.,0.,0.));
#12207=DIRECTION('',(-1.,0.,0.));
#12208=DIRECTION('',(0.,-1.,0.));
#12209=DIRECTION('',(-1.,0.,0.));
#12210=DIRECTION('',(0.,-1.,0.));
#12211=DIRECTION('',(-1.,0.,0.));
#12212=DIRECTION('',(0.,0.,1.));
#12213=DIRECTION('',(0.,0.,-1.));
#12214=DIRECTION('',(0.,-1.,0.));
#12215=DIRECTION('',(0.,0.,-1.));
#12216=DIRECTION('',(0.,0.,-1.));
#12217=DIRECTION('',(-1.,0.,0.));
#12218=DIRECTION('',(1.,0.,0.));
#12219=DIRECTION('',(0.,-1.,0.));
#12220=DIRECTION('',(1.,0.,0.));
#12221=DIRECTION('',(0.,0.,1.));
#12222=DIRECTION('',(1.,0.,0.));
#12223=DIRECTION('',(-1.,0.,0.));
#12224=DIRECTION('',(0.,-1.,0.));
#12225=DIRECTION('',(-1.,0.,0.));
#12226=DIRECTION('',(0.,-1.,0.));
#12227=DIRECTION('',(-1.,0.,0.));
#12228=DIRECTION('',(0.,0.,1.));
#12229=DIRECTION('',(0.,0.,-1.));
#12230=DIRECTION('',(0.,-1.,0.));
#12231=DIRECTION('',(0.,0.,-1.));
#12232=DIRECTION('',(0.,0.,-1.));
#12233=DIRECTION('',(-1.,0.,0.));
#12234=DIRECTION('',(1.,0.,0.));
#12235=DIRECTION('',(0.,-1.,0.));
#12236=DIRECTION('',(1.,0.,0.));
#12237=DIRECTION('',(0.,0.,1.));
#12238=DIRECTION('',(1.,0.,0.));
#12239=DIRECTION('',(-1.,0.,0.));
#12240=DIRECTION('',(0.,-1.,0.));
#12241=DIRECTION('',(-1.,0.,0.));
#12242=DIRECTION('',(0.,-1.,0.));
#12243=DIRECTION('',(-1.,0.,0.));
#12244=DIRECTION('',(0.,0.,1.));
#12245=DIRECTION('',(0.,0.,-1.));
#12246=DIRECTION('',(0.,-1.,0.));
#12247=DIRECTION('',(0.,0.,-1.));
#12248=DIRECTION('',(0.,0.,-1.));
#12249=DIRECTION('',(-1.,0.,0.));
#12250=DIRECTION('',(1.,0.,0.));
#12251=DIRECTION('',(0.,-1.,0.));
#12252=DIRECTION('',(1.,0.,0.));
#12253=DIRECTION('',(0.,0.,1.));
#12254=DIRECTION('',(1.,0.,0.));
#12255=DIRECTION('',(-1.,0.,0.));
#12256=DIRECTION('',(0.,-1.,0.));
#12257=DIRECTION('',(-1.,0.,0.));
#12258=DIRECTION('',(0.,-1.,0.));
#12259=DIRECTION('',(-1.,0.,0.));
#12260=DIRECTION('',(0.,0.,1.));
#12261=DIRECTION('',(0.,0.,-1.));
#12262=DIRECTION('',(0.,-1.,0.));
#12263=DIRECTION('',(0.,0.,-1.));
#12264=DIRECTION('',(0.,0.,-1.));
#12265=DIRECTION('',(-1.,0.,0.));
#12266=DIRECTION('',(1.,0.,0.));
#12267=DIRECTION('',(0.,-1.,0.));
#12268=DIRECTION('',(1.,0.,0.));
#12269=DIRECTION('',(0.,0.,1.));
#12270=DIRECTION('',(1.,0.,0.));
#12271=DIRECTION('',(-1.,0.,0.));
#12272=DIRECTION('',(0.,-1.,0.));
#12273=DIRECTION('',(-1.,0.,0.));
#12274=DIRECTION('',(0.,-1.,0.));
#12275=DIRECTION('',(-1.,0.,0.));
#12276=DIRECTION('',(0.,0.,1.));
#12277=DIRECTION('',(0.,0.,-1.));
#12278=DIRECTION('',(0.,-1.,0.));
#12279=DIRECTION('',(0.,0.,-1.));
#12280=DIRECTION('',(0.,0.,-1.));
#12281=DIRECTION('',(-1.,0.,0.));
#12282=DIRECTION('',(1.,0.,0.));
#12283=DIRECTION('',(0.,-1.,0.));
#12284=DIRECTION('',(1.,0.,0.));
#12285=DIRECTION('',(0.,0.,1.));
#12286=DIRECTION('',(1.,0.,0.));
#12287=DIRECTION('',(-1.,0.,0.));
#12288=DIRECTION('',(0.,-1.,0.));
#12289=DIRECTION('',(-1.,0.,0.));
#12290=DIRECTION('',(0.,-1.,0.));
#12291=DIRECTION('',(-1.,0.,0.));
#12292=DIRECTION('',(0.,0.,1.));
#12293=DIRECTION('',(0.,0.,-1.));
#12294=DIRECTION('',(0.,-1.,0.));
#12295=DIRECTION('',(0.,0.,-1.));
#12296=DIRECTION('',(0.,0.,-1.));
#12297=DIRECTION('',(-1.,0.,0.));
#12298=DIRECTION('',(1.,0.,0.));
#12299=DIRECTION('',(0.,-1.,0.));
#12300=DIRECTION('',(1.,0.,0.));
#12301=DIRECTION('',(0.,0.,1.));
#12302=DIRECTION('',(1.,0.,0.));
#12303=DIRECTION('',(-1.,0.,0.));
#12304=DIRECTION('',(0.,-1.,0.));
#12305=DIRECTION('',(-1.,0.,0.));
#12306=DIRECTION('',(0.,-1.,0.));
#12307=DIRECTION('',(-1.,0.,0.));
#12308=DIRECTION('',(0.,0.,1.));
#12309=DIRECTION('',(0.,0.,-1.));
#12310=DIRECTION('',(0.,-1.,0.));
#12311=DIRECTION('',(0.,0.,-1.));
#12312=DIRECTION('',(0.,0.,-1.));
#12313=DIRECTION('',(-1.,0.,0.));
#12314=DIRECTION('',(1.,0.,0.));
#12315=DIRECTION('',(0.,-1.,0.));
#12316=DIRECTION('',(1.,0.,0.));
#12317=DIRECTION('',(0.,0.,1.));
#12318=DIRECTION('',(1.,0.,0.));
#12319=DIRECTION('',(-1.,0.,0.));
#12320=DIRECTION('',(0.,-1.,0.));
#12321=DIRECTION('',(-1.,0.,0.));
#12322=DIRECTION('',(0.,-1.,0.));
#12323=DIRECTION('',(-1.,0.,0.));
#12324=DIRECTION('',(0.,0.,1.));
#12325=DIRECTION('',(0.,0.,-1.));
#12326=DIRECTION('',(0.,-1.,0.));
#12327=DIRECTION('',(0.,0.,-1.));
#12328=DIRECTION('',(0.,0.,-1.));
#12329=DIRECTION('',(-1.,0.,0.));
#12330=DIRECTION('',(1.,0.,0.));
#12331=DIRECTION('',(0.,-1.,0.));
#12332=DIRECTION('',(1.,0.,0.));
#12333=DIRECTION('',(0.,0.,1.));
#12334=DIRECTION('',(1.,0.,0.));
#12335=DIRECTION('',(-1.,0.,0.));
#12336=DIRECTION('',(0.,-1.,0.));
#12337=DIRECTION('',(-1.,0.,0.));
#12338=DIRECTION('',(0.,-1.,0.));
#12339=DIRECTION('',(-1.,0.,0.));
#12340=DIRECTION('',(0.,0.,1.));
#12341=DIRECTION('',(0.,0.,-1.));
#12342=DIRECTION('',(0.,-1.,0.));
#12343=DIRECTION('',(0.,0.,-1.));
#12344=DIRECTION('',(0.,0.,-1.));
#12345=DIRECTION('',(-1.,0.,0.));
#12346=DIRECTION('',(1.,0.,0.));
#12347=DIRECTION('',(0.,-1.,0.));
#12348=DIRECTION('',(1.,0.,0.));
#12349=DIRECTION('',(0.,0.,1.));
#12350=DIRECTION('',(1.,0.,0.));
#12351=DIRECTION('',(-1.,0.,0.));
#12352=DIRECTION('',(0.,-1.,0.));
#12353=DIRECTION('',(-1.,0.,0.));
#12354=DIRECTION('',(0.,-1.,0.));
#12355=DIRECTION('',(-1.,0.,0.));
#12356=DIRECTION('',(0.,0.,1.));
#12357=DIRECTION('',(0.,0.,-1.));
#12358=DIRECTION('',(0.,-1.,0.));
#12359=DIRECTION('',(0.,0.,-1.));
#12360=DIRECTION('',(0.,0.,-1.));
#12361=DIRECTION('',(-1.,0.,0.));
#12362=DIRECTION('',(1.,0.,0.));
#12363=DIRECTION('',(0.,-1.,0.));
#12364=DIRECTION('',(1.,0.,0.));
#12365=DIRECTION('',(1.,0.,0.));
#12366=DIRECTION('',(0.,0.,-1.));
#12367=DIRECTION('',(0.,0.,1.));
#12368=DIRECTION('',(0.,0.,1.));
#12369=DIRECTION('',(1.,0.,0.));
#12370=DIRECTION('',(0.,0.,-1.));
#12371=DIRECTION('',(0.,0.,1.));
#12372=DIRECTION('',(0.,0.,1.));
#12373=DIRECTION('',(1.,0.,0.));
#12374=DIRECTION('',(0.,0.,-1.));
#12375=DIRECTION('',(0.,0.,1.));
#12376=DIRECTION('',(0.,0.,1.));
#12377=DIRECTION('',(1.,0.,0.));
#12378=DIRECTION('',(0.,0.,-1.));
#12379=DIRECTION('',(0.,0.,1.));
#12380=DIRECTION('',(0.,0.,1.));
#12381=DIRECTION('',(1.,0.,0.));
#12382=DIRECTION('',(0.,0.,-1.));
#12383=DIRECTION('',(0.,0.,1.));
#12384=DIRECTION('',(0.,0.,1.));
#12385=DIRECTION('',(1.,0.,0.));
#12386=DIRECTION('',(0.,0.,-1.));
#12387=DIRECTION('',(0.,0.,1.));
#12388=DIRECTION('',(0.,0.,1.));
#12389=DIRECTION('',(1.,0.,0.));
#12390=DIRECTION('',(0.,0.,-1.));
#12391=DIRECTION('',(0.,0.,1.));
#12392=DIRECTION('',(0.,0.,1.));
#12393=DIRECTION('',(1.,0.,0.));
#12394=DIRECTION('',(0.,0.,-1.));
#12395=DIRECTION('',(0.,0.,1.));
#12396=DIRECTION('',(0.,0.,1.));
#12397=DIRECTION('',(1.,0.,0.));
#12398=DIRECTION('',(0.,0.,-1.));
#12399=DIRECTION('',(0.,0.,1.));
#12400=DIRECTION('',(0.,0.,1.));
#12401=DIRECTION('',(1.,0.,0.));
#12402=DIRECTION('',(0.,0.,-1.));
#12403=DIRECTION('',(0.,0.,1.));
#12404=DIRECTION('',(0.,0.,1.));
#12405=DIRECTION('',(1.,0.,0.));
#12406=DIRECTION('',(0.,0.,-1.));
#12407=DIRECTION('',(0.,0.,1.));
#12408=DIRECTION('',(0.,0.,1.));
#12409=DIRECTION('',(1.,0.,0.));
#12410=DIRECTION('',(0.,0.,-1.));
#12411=DIRECTION('',(0.,0.,1.));
#12412=DIRECTION('',(0.,0.,1.));
#12413=DIRECTION('',(1.,0.,0.));
#12414=DIRECTION('',(0.,0.,-1.));
#12415=DIRECTION('',(0.,0.,1.));
#12416=DIRECTION('',(0.,0.,1.));
#12417=DIRECTION('',(1.,0.,0.));
#12418=DIRECTION('',(0.,0.,-1.));
#12419=DIRECTION('',(0.,0.,1.));
#12420=DIRECTION('',(0.,0.,1.));
#12421=DIRECTION('',(1.,0.,0.));
#12422=DIRECTION('',(0.,0.,-1.));
#12423=DIRECTION('',(0.,0.,1.));
#12424=DIRECTION('',(0.,0.,1.));
#12425=DIRECTION('',(1.,0.,0.));
#12426=DIRECTION('',(0.,0.,-1.));
#12427=DIRECTION('',(0.,0.,1.));
#12428=DIRECTION('',(0.,0.,1.));
#12429=DIRECTION('',(1.,0.,0.));
#12430=DIRECTION('',(0.,0.,-1.));
#12431=DIRECTION('',(0.,0.,1.));
#12432=DIRECTION('',(0.,0.,1.));
#12433=DIRECTION('',(1.,0.,0.));
#12434=DIRECTION('',(0.,0.,-1.));
#12435=DIRECTION('',(0.,0.,1.));
#12436=DIRECTION('',(0.,0.,1.));
#12437=DIRECTION('',(1.,0.,0.));
#12438=DIRECTION('',(0.,0.,-1.));
#12439=DIRECTION('',(0.,0.,1.));
#12440=DIRECTION('',(0.,0.,1.));
#12441=DIRECTION('',(1.,0.,0.));
#12442=DIRECTION('',(0.,0.,-1.));
#12443=DIRECTION('',(0.,0.,1.));
#12444=DIRECTION('',(0.,0.,1.));
#12445=DIRECTION('',(0.,1.,0.));
#12446=DIRECTION('',(0.,0.,1.));
#12447=DIRECTION('',(0.,1.,0.));
#12448=DIRECTION('',(0.,0.,1.));
#12449=DIRECTION('',(0.,1.,0.));
#12450=DIRECTION('',(0.,0.,1.));
#12451=DIRECTION('',(0.,1.,0.));
#12452=DIRECTION('',(0.,0.,1.));
#12453=DIRECTION('',(0.,1.,0.));
#12454=DIRECTION('',(0.,0.,1.));
#12455=DIRECTION('',(0.,1.,0.));
#12456=DIRECTION('',(0.,0.,1.));
#12457=DIRECTION('',(0.,1.,0.));
#12458=DIRECTION('',(0.,0.,1.));
#12459=DIRECTION('',(0.,1.,0.));
#12460=DIRECTION('',(0.,0.,1.));
#12461=DIRECTION('',(0.,1.,0.));
#12462=DIRECTION('',(0.,0.,1.));
#12463=DIRECTION('',(0.,1.,0.));
#12464=DIRECTION('',(0.,0.,1.));
#12465=DIRECTION('',(0.,1.,0.));
#12466=DIRECTION('',(0.,0.,1.));
#12467=DIRECTION('',(0.,1.,0.));
#12468=DIRECTION('',(0.,0.,1.));
#12469=DIRECTION('',(0.,1.,0.));
#12470=DIRECTION('',(0.,0.,1.));
#12471=DIRECTION('',(0.,1.,0.));
#12472=DIRECTION('',(0.,0.,1.));
#12473=DIRECTION('',(0.,1.,0.));
#12474=DIRECTION('',(0.,0.,1.));
#12475=DIRECTION('',(0.,1.,0.));
#12476=DIRECTION('',(0.,0.,1.));
#12477=DIRECTION('',(0.,1.,0.));
#12478=DIRECTION('',(0.,0.,1.));
#12479=DIRECTION('',(0.,1.,0.));
#12480=DIRECTION('',(0.,0.,1.));
#12481=DIRECTION('',(0.,1.,0.));
#12482=DIRECTION('',(0.,0.,1.));
#12483=DIRECTION('',(0.,1.,0.));
#12484=DIRECTION('',(0.,0.,1.));
#12485=DIRECTION('',(0.,1.,0.));
#12486=DIRECTION('',(0.,0.,1.));
#12487=DIRECTION('',(0.,-1.,0.));
#12488=DIRECTION('',(0.,0.,-1.));
#12489=DIRECTION('',(0.,0.,-1.));
#12490=DIRECTION('',(0.,0.,-1.));
#12491=DIRECTION('',(0.,0.,-1.));
#12492=DIRECTION('',(0.,0.,-1.));
#12493=DIRECTION('',(0.,0.,-1.));
#12494=DIRECTION('',(0.,0.,-1.));
#12495=DIRECTION('',(0.,0.,-1.));
#12496=DIRECTION('',(0.,0.,-1.));
#12497=DIRECTION('',(0.,0.,-1.));
#12498=DIRECTION('',(0.,0.,-1.));
#12499=DIRECTION('',(0.,0.,-1.));
#12500=DIRECTION('',(0.,0.,-1.));
#12501=DIRECTION('',(0.,0.,-1.));
#12502=DIRECTION('',(0.,0.,-1.));
#12503=DIRECTION('',(0.,0.,-1.));
#12504=DIRECTION('',(0.,0.,-1.));
#12505=DIRECTION('',(0.,0.,-1.));
#12506=DIRECTION('',(0.,0.,-1.));
#12507=DIRECTION('',(0.,0.,-1.));
#12508=DIRECTION('',(0.,0.,-1.));
#12509=DIRECTION('',(0.,0.,-1.));
#12510=DIRECTION('',(0.,0.,-1.));
#12511=DIRECTION('',(0.,0.,-1.));
#12512=DIRECTION('',(0.,0.,-1.));
#12513=DIRECTION('',(0.,0.,-1.));
#12514=DIRECTION('',(0.,0.,-1.));
#12515=DIRECTION('',(0.,0.,-1.));
#12516=DIRECTION('',(0.,0.,-1.));
#12517=DIRECTION('',(0.,0.,-1.));
#12518=DIRECTION('',(0.,0.,-1.));
#12519=DIRECTION('',(0.,0.,-1.));
#12520=DIRECTION('',(0.,0.,-1.));
#12521=DIRECTION('',(0.,0.,-1.));
#12522=DIRECTION('',(0.,0.,-1.));
#12523=DIRECTION('',(0.,0.,-1.));
#12524=DIRECTION('',(0.,0.,-1.));
#12525=DIRECTION('',(0.,0.,-1.));
#12526=DIRECTION('',(0.,0.,-1.));
#12527=DIRECTION('',(0.,0.,-1.));
#12528=DIRECTION('',(0.,0.,-1.));
#12529=DIRECTION('',(1.,0.,0.));
#12530=DIRECTION('',(0.,0.,-1.));
#12531=DIRECTION('',(-1.,0.,0.));
#12532=DIRECTION('',(0.,0.,1.));
#12533=DIRECTION('',(1.,0.,0.));
#12534=DIRECTION('',(0.,0.,-1.));
#12535=DIRECTION('',(-1.,0.,0.));
#12536=DIRECTION('',(0.,0.,1.));
#12537=DIRECTION('',(1.,0.,0.));
#12538=DIRECTION('',(0.,0.,-1.));
#12539=DIRECTION('',(-1.,0.,0.));
#12540=DIRECTION('',(0.,0.,1.));
#12541=DIRECTION('',(1.,0.,0.));
#12542=DIRECTION('',(0.,0.,-1.));
#12543=DIRECTION('',(-1.,0.,0.));
#12544=DIRECTION('',(0.,0.,1.));
#12545=DIRECTION('',(1.,0.,0.));
#12546=DIRECTION('',(0.,0.,-1.));
#12547=DIRECTION('',(-1.,0.,0.));
#12548=DIRECTION('',(0.,0.,1.));
#12549=DIRECTION('',(1.,0.,0.));
#12550=DIRECTION('',(0.,0.,-1.));
#12551=DIRECTION('',(-1.,0.,0.));
#12552=DIRECTION('',(0.,0.,1.));
#12553=DIRECTION('',(1.,0.,0.));
#12554=DIRECTION('',(0.,0.,-1.));
#12555=DIRECTION('',(-1.,0.,0.));
#12556=DIRECTION('',(0.,0.,1.));
#12557=DIRECTION('',(1.,0.,0.));
#12558=DIRECTION('',(0.,0.,-1.));
#12559=DIRECTION('',(-1.,0.,0.));
#12560=DIRECTION('',(0.,0.,1.));
#12561=DIRECTION('',(1.,0.,0.));
#12562=DIRECTION('',(0.,0.,-1.));
#12563=DIRECTION('',(-1.,0.,0.));
#12564=DIRECTION('',(0.,0.,1.));
#12565=DIRECTION('',(1.,0.,0.));
#12566=DIRECTION('',(0.,0.,-1.));
#12567=DIRECTION('',(-1.,0.,0.));
#12568=DIRECTION('',(0.,0.,1.));
#12569=DIRECTION('',(1.,0.,0.));
#12570=DIRECTION('',(0.,0.,-1.));
#12571=DIRECTION('',(-1.,0.,0.));
#12572=DIRECTION('',(0.,0.,1.));
#12573=DIRECTION('',(1.,0.,0.));
#12574=DIRECTION('',(0.,0.,-1.));
#12575=DIRECTION('',(-1.,0.,0.));
#12576=DIRECTION('',(0.,0.,1.));
#12577=DIRECTION('',(1.,0.,0.));
#12578=DIRECTION('',(0.,0.,-1.));
#12579=DIRECTION('',(-1.,0.,0.));
#12580=DIRECTION('',(0.,0.,1.));
#12581=DIRECTION('',(1.,0.,0.));
#12582=DIRECTION('',(0.,0.,-1.));
#12583=DIRECTION('',(-1.,0.,0.));
#12584=DIRECTION('',(0.,0.,1.));
#12585=DIRECTION('',(1.,0.,0.));
#12586=DIRECTION('',(0.,0.,-1.));
#12587=DIRECTION('',(-1.,0.,0.));
#12588=DIRECTION('',(0.,0.,1.));
#12589=DIRECTION('',(1.,0.,0.));
#12590=DIRECTION('',(0.,0.,-1.));
#12591=DIRECTION('',(-1.,0.,0.));
#12592=DIRECTION('',(0.,0.,1.));
#12593=DIRECTION('',(1.,0.,0.));
#12594=DIRECTION('',(0.,0.,-1.));
#12595=DIRECTION('',(-1.,0.,0.));
#12596=DIRECTION('',(0.,0.,1.));
#12597=DIRECTION('',(1.,0.,0.));
#12598=DIRECTION('',(0.,0.,-1.));
#12599=DIRECTION('',(-1.,0.,0.));
#12600=DIRECTION('',(0.,0.,1.));
#12601=DIRECTION('',(1.,0.,0.));
#12602=DIRECTION('',(0.,0.,-1.));
#12603=DIRECTION('',(-1.,0.,0.));
#12604=DIRECTION('',(0.,0.,1.));
#12605=DIRECTION('',(-1.,0.,0.));
#12606=DIRECTION('',(0.,0.,1.));
#12607=DIRECTION('',(1.,0.,0.));
#12608=DIRECTION('',(0.,0.,-1.));
#12609=DIRECTION('',(0.,0.,1.));
#12610=DIRECTION('',(1.,0.,0.));
#12611=DIRECTION('',(0.,0.,1.));
#12612=DIRECTION('',(1.,0.,0.));
#12613=DIRECTION('',(-0.0598737060169984,-0.998205960374807,0.));
#12614=DIRECTION('',(-0.500000000000002,0.866025403784438,0.));
#12615=DIRECTION('',(0.0449551797207573,0.998989004852543,0.));
#12616=DIRECTION('',(0.,0.,1.));
#12617=DIRECTION('',(1.,0.,0.));
#12618=DIRECTION('',(0.0449551797207583,-0.998989004852543,0.));
#12619=DIRECTION('',(-0.500000000000002,-0.866025403784438,0.));
#12620=DIRECTION('',(-0.0598737060169984,0.998205960374807,0.));
#12621=DIRECTION('',(0.,-1.,0.));
#12622=DIRECTION('',(-1.,0.,0.));
#12623=DIRECTION('',(0.,-1.,0.));
#12624=DIRECTION('',(-1.,0.,0.));
#12625=DIRECTION('',(0.,0.,1.));
#12626=DIRECTION('',(0.,0.,-1.));
#12627=DIRECTION('',(0.,-1.,0.));
#12628=DIRECTION('',(0.,0.,-1.));
#12629=DIRECTION('',(0.,0.,-1.));
#12630=DIRECTION('',(-1.,0.,0.));
#12631=DIRECTION('',(0.0598737060169984,0.998205960374807,0.));
#12632=DIRECTION('',(0.,-1.,0.));
#12633=DIRECTION('',(1.,0.,0.));
#12634=DIRECTION('',(0.0598737060169984,-0.998205960374807,0.));
#12635=DIRECTION('',(0.500000000000002,0.866025403784438,0.));
#12636=DIRECTION('',(-0.0449551797207583,0.998989004852543,0.));
#12637=DIRECTION('',(0.,0.,-1.));
#12638=DIRECTION('',(-1.,0.,0.));
#12639=DIRECTION('',(-0.0449551797207573,-0.998989004852543,0.));
#12640=DIRECTION('',(0.500000000000002,-0.866025403784438,0.));
#12641=DIRECTION('',(0.,0.,1.));
#12642=DIRECTION('',(1.,0.,0.));
#12643=DIRECTION('',(-0.0598737060169984,-0.998205960374807,0.));
#12644=DIRECTION('',(-0.500000000000002,0.866025403784438,0.));
#12645=DIRECTION('',(0.0449551797207573,0.998989004852543,0.));
#12646=DIRECTION('',(0.,0.,1.));
#12647=DIRECTION('',(1.,0.,0.));
#12648=DIRECTION('',(0.0449551797207583,-0.998989004852543,0.));
#12649=DIRECTION('',(-0.500000000000002,-0.866025403784438,0.));
#12650=DIRECTION('',(-0.0598737060169984,0.998205960374807,0.));
#12651=DIRECTION('',(0.,-1.,0.));
#12652=DIRECTION('',(-1.,0.,0.));
#12653=DIRECTION('',(0.,-1.,0.));
#12654=DIRECTION('',(-1.,0.,0.));
#12655=DIRECTION('',(0.,0.,1.));
#12656=DIRECTION('',(0.,0.,-1.));
#12657=DIRECTION('',(0.,-1.,0.));
#12658=DIRECTION('',(0.,0.,-1.));
#12659=DIRECTION('',(0.,0.,-1.));
#12660=DIRECTION('',(-1.,0.,0.));
#12661=DIRECTION('',(0.0598737060169984,0.998205960374807,0.));
#12662=DIRECTION('',(0.,-1.,0.));
#12663=DIRECTION('',(1.,0.,0.));
#12664=DIRECTION('',(0.0598737060169984,-0.998205960374807,0.));
#12665=DIRECTION('',(0.500000000000002,0.866025403784438,0.));
#12666=DIRECTION('',(-0.0449551797207583,0.998989004852543,0.));
#12667=DIRECTION('',(0.,0.,-1.));
#12668=DIRECTION('',(-1.,0.,0.));
#12669=DIRECTION('',(-0.0449551797207573,-0.998989004852543,0.));
#12670=DIRECTION('',(0.500000000000002,-0.866025403784438,0.));
#12671=DIRECTION('',(0.,0.,1.));
#12672=DIRECTION('',(1.,0.,0.));
#12673=DIRECTION('',(-0.0598737060169984,-0.998205960374807,0.));
#12674=DIRECTION('',(-0.500000000000002,0.866025403784438,0.));
#12675=DIRECTION('',(0.0449551797207576,0.998989004852543,0.));
#12676=DIRECTION('',(0.,0.,1.));
#12677=DIRECTION('',(1.,0.,0.));
#12678=DIRECTION('',(0.0449551797207583,-0.998989004852543,0.));
#12679=DIRECTION('',(-0.500000000000002,-0.866025403784438,0.));
#12680=DIRECTION('',(-0.0598737060169984,0.998205960374807,0.));
#12681=DIRECTION('',(0.,-1.,0.));
#12682=DIRECTION('',(-1.,0.,0.));
#12683=DIRECTION('',(0.,-1.,0.));
#12684=DIRECTION('',(-1.,0.,0.));
#12685=DIRECTION('',(0.,0.,1.));
#12686=DIRECTION('',(0.,0.,-1.));
#12687=DIRECTION('',(0.,-1.,0.));
#12688=DIRECTION('',(0.,0.,-1.));
#12689=DIRECTION('',(0.,0.,-1.));
#12690=DIRECTION('',(-1.,0.,0.));
#12691=DIRECTION('',(0.0598737060169984,0.998205960374807,0.));
#12692=DIRECTION('',(0.,-1.,0.));
#12693=DIRECTION('',(1.,0.,0.));
#12694=DIRECTION('',(0.0598737060169984,-0.998205960374807,0.));
#12695=DIRECTION('',(0.500000000000002,0.866025403784438,0.));
#12696=DIRECTION('',(-0.0449551797207583,0.998989004852543,0.));
#12697=DIRECTION('',(0.,0.,-1.));
#12698=DIRECTION('',(-1.,0.,0.));
#12699=DIRECTION('',(-0.0449551797207576,-0.998989004852543,0.));
#12700=DIRECTION('',(0.500000000000002,-0.866025403784438,0.));
#12701=DIRECTION('',(0.,0.,1.));
#12702=DIRECTION('',(1.,0.,0.));
#12703=DIRECTION('',(-0.0598737060169984,-0.998205960374807,0.));
#12704=DIRECTION('',(-0.500000000000002,0.866025403784438,0.));
#12705=DIRECTION('',(0.0449551797207576,0.998989004852543,0.));
#12706=DIRECTION('',(0.,0.,1.));
#12707=DIRECTION('',(1.,0.,0.));
#12708=DIRECTION('',(0.0449551797207583,-0.998989004852543,0.));
#12709=DIRECTION('',(-0.500000000000002,-0.866025403784438,0.));
#12710=DIRECTION('',(-0.0598737060169984,0.998205960374807,0.));
#12711=DIRECTION('',(0.,-1.,0.));
#12712=DIRECTION('',(-1.,0.,0.));
#12713=DIRECTION('',(0.,-1.,0.));
#12714=DIRECTION('',(-1.,0.,0.));
#12715=DIRECTION('',(0.,0.,1.));
#12716=DIRECTION('',(0.,0.,-1.));
#12717=DIRECTION('',(0.,-1.,0.));
#12718=DIRECTION('',(0.,0.,-1.));
#12719=DIRECTION('',(0.,0.,-1.));
#12720=DIRECTION('',(-1.,0.,0.));
#12721=DIRECTION('',(0.0598737060169984,0.998205960374807,0.));
#12722=DIRECTION('',(0.,-1.,0.));
#12723=DIRECTION('',(1.,0.,0.));
#12724=DIRECTION('',(0.0598737060169984,-0.998205960374807,0.));
#12725=DIRECTION('',(0.500000000000002,0.866025403784438,0.));
#12726=DIRECTION('',(-0.0449551797207583,0.998989004852543,0.));
#12727=DIRECTION('',(0.,0.,-1.));
#12728=DIRECTION('',(-1.,0.,0.));
#12729=DIRECTION('',(-0.0449551797207576,-0.998989004852543,0.));
#12730=DIRECTION('',(0.500000000000002,-0.866025403784438,0.));
#12731=DIRECTION('',(0.,0.,1.));
#12732=DIRECTION('',(1.,0.,0.));
#12733=DIRECTION('',(-0.0598737060169984,-0.998205960374807,0.));
#12734=DIRECTION('',(-0.500000000000002,0.866025403784438,0.));
#12735=DIRECTION('',(0.0449551797207576,0.998989004852543,0.));
#12736=DIRECTION('',(0.,0.,1.));
#12737=DIRECTION('',(1.,0.,0.));
#12738=DIRECTION('',(0.0449551797207583,-0.998989004852543,0.));
#12739=DIRECTION('',(-0.499999999999999,-0.866025403784439,0.));
#12740=DIRECTION('',(-0.0598737060169984,0.998205960374807,0.));
#12741=DIRECTION('',(0.,-1.,0.));
#12742=DIRECTION('',(-1.,0.,0.));
#12743=DIRECTION('',(0.,-1.,0.));
#12744=DIRECTION('',(-1.,0.,0.));
#12745=DIRECTION('',(0.,0.,1.));
#12746=DIRECTION('',(0.,0.,-1.));
#12747=DIRECTION('',(0.,-1.,0.));
#12748=DIRECTION('',(0.,0.,-1.));
#12749=DIRECTION('',(0.,0.,-1.));
#12750=DIRECTION('',(-1.,0.,0.));
#12751=DIRECTION('',(0.0598737060169984,0.998205960374807,0.));
#12752=DIRECTION('',(0.,-1.,0.));
#12753=DIRECTION('',(1.,0.,0.));
#12754=DIRECTION('',(0.0598737060169984,-0.998205960374807,0.));
#12755=DIRECTION('',(0.499999999999999,0.866025403784439,0.));
#12756=DIRECTION('',(-0.0449551797207583,0.998989004852543,0.));
#12757=DIRECTION('',(0.,0.,-1.));
#12758=DIRECTION('',(-1.,0.,0.));
#12759=DIRECTION('',(-0.0449551797207576,-0.998989004852543,0.));
#12760=DIRECTION('',(0.500000000000002,-0.866025403784438,0.));
#12761=DIRECTION('',(0.,0.,1.));
#12762=DIRECTION('',(1.,0.,0.));
#12763=DIRECTION('',(-0.0598737060169984,-0.998205960374807,0.));
#12764=DIRECTION('',(-0.500000000000002,0.866025403784438,0.));
#12765=DIRECTION('',(0.0449551797207576,0.998989004852543,0.));
#12766=DIRECTION('',(0.,0.,1.));
#12767=DIRECTION('',(1.,0.,0.));
#12768=DIRECTION('',(0.0449551797207583,-0.998989004852543,0.));
#12769=DIRECTION('',(-0.499999999999999,-0.866025403784439,0.));
#12770=DIRECTION('',(-0.0598737060169984,0.998205960374807,0.));
#12771=DIRECTION('',(0.,-1.,0.));
#12772=DIRECTION('',(-1.,0.,0.));
#12773=DIRECTION('',(0.,-1.,0.));
#12774=DIRECTION('',(-1.,0.,0.));
#12775=DIRECTION('',(0.,0.,1.));
#12776=DIRECTION('',(0.,0.,-1.));
#12777=DIRECTION('',(0.,-1.,0.));
#12778=DIRECTION('',(0.,0.,-1.));
#12779=DIRECTION('',(0.,0.,-1.));
#12780=DIRECTION('',(-1.,0.,0.));
#12781=DIRECTION('',(0.0598737060169984,0.998205960374807,0.));
#12782=DIRECTION('',(0.,-1.,0.));
#12783=DIRECTION('',(1.,0.,0.));
#12784=DIRECTION('',(0.0598737060169984,-0.998205960374807,0.));
#12785=DIRECTION('',(0.499999999999999,0.866025403784439,0.));
#12786=DIRECTION('',(-0.0449551797207583,0.998989004852543,0.));
#12787=DIRECTION('',(0.,0.,-1.));
#12788=DIRECTION('',(-1.,0.,0.));
#12789=DIRECTION('',(-0.0449551797207576,-0.998989004852543,0.));
#12790=DIRECTION('',(0.500000000000002,-0.866025403784438,0.));
#12791=DIRECTION('',(0.,0.,1.));
#12792=DIRECTION('',(1.,0.,0.));
#12793=DIRECTION('',(-0.0598737060169984,-0.998205960374807,0.));
#12794=DIRECTION('',(-0.500000000000001,0.866025403784438,0.));
#12795=DIRECTION('',(0.0449551797207574,0.998989004852543,0.));
#12796=DIRECTION('',(0.,0.,1.));
#12797=DIRECTION('',(1.,0.,0.));
#12798=DIRECTION('',(0.0449551797207583,-0.998989004852543,0.));
#12799=DIRECTION('',(-0.500000000000001,-0.866025403784438,0.));
#12800=DIRECTION('',(-0.0598737060169985,0.998205960374807,0.));
#12801=DIRECTION('',(0.,-1.,0.));
#12802=DIRECTION('',(-1.,0.,0.));
#12803=DIRECTION('',(0.,-1.,0.));
#12804=DIRECTION('',(-1.,0.,0.));
#12805=DIRECTION('',(0.,0.,1.));
#12806=DIRECTION('',(0.,0.,-1.));
#12807=DIRECTION('',(0.,-1.,0.));
#12808=DIRECTION('',(0.,0.,-1.));
#12809=DIRECTION('',(0.,0.,-1.));
#12810=DIRECTION('',(-1.,0.,0.));
#12811=DIRECTION('',(0.0598737060169984,0.998205960374807,0.));
#12812=DIRECTION('',(0.,-1.,0.));
#12813=DIRECTION('',(1.,0.,0.));
#12814=DIRECTION('',(0.0598737060169985,-0.998205960374807,0.));
#12815=DIRECTION('',(0.500000000000001,0.866025403784438,0.));
#12816=DIRECTION('',(-0.0449551797207583,0.998989004852543,0.));
#12817=DIRECTION('',(0.,0.,-1.));
#12818=DIRECTION('',(-1.,0.,0.));
#12819=DIRECTION('',(-0.0449551797207574,-0.998989004852543,0.));
#12820=DIRECTION('',(0.500000000000001,-0.866025403784438,0.));
#12821=DIRECTION('',(0.,0.,1.));
#12822=DIRECTION('',(1.,0.,0.));
#12823=DIRECTION('',(-0.0598737060169984,-0.998205960374807,0.));
#12824=DIRECTION('',(-0.500000000000001,0.866025403784438,0.));
#12825=DIRECTION('',(0.0449551797207574,0.998989004852543,0.));
#12826=DIRECTION('',(0.,0.,1.));
#12827=DIRECTION('',(1.,0.,0.));
#12828=DIRECTION('',(0.0449551797207583,-0.998989004852543,0.));
#12829=DIRECTION('',(-0.500000000000001,-0.866025403784438,0.));
#12830=DIRECTION('',(-0.0598737060169985,0.998205960374807,0.));
#12831=DIRECTION('',(0.,-1.,0.));
#12832=DIRECTION('',(-1.,0.,0.));
#12833=DIRECTION('',(0.,-1.,0.));
#12834=DIRECTION('',(-1.,0.,0.));
#12835=DIRECTION('',(0.,0.,1.));
#12836=DIRECTION('',(0.,0.,-1.));
#12837=DIRECTION('',(0.,-1.,0.));
#12838=DIRECTION('',(0.,0.,-1.));
#12839=DIRECTION('',(0.,0.,-1.));
#12840=DIRECTION('',(-1.,0.,0.));
#12841=DIRECTION('',(0.0598737060169984,0.998205960374807,0.));
#12842=DIRECTION('',(0.,-1.,0.));
#12843=DIRECTION('',(1.,0.,0.));
#12844=DIRECTION('',(0.0598737060169985,-0.998205960374807,0.));
#12845=DIRECTION('',(0.500000000000001,0.866025403784438,0.));
#12846=DIRECTION('',(-0.0449551797207583,0.998989004852543,0.));
#12847=DIRECTION('',(0.,0.,-1.));
#12848=DIRECTION('',(-1.,0.,0.));
#12849=DIRECTION('',(-0.0449551797207574,-0.998989004852543,0.));
#12850=DIRECTION('',(0.500000000000001,-0.866025403784438,0.));
#12851=DIRECTION('',(0.,0.,1.));
#12852=DIRECTION('',(1.,0.,0.));
#12853=DIRECTION('',(-0.0598737060169985,-0.998205960374807,0.));
#12854=DIRECTION('',(-0.500000000000001,0.866025403784438,0.));
#12855=DIRECTION('',(0.0449551797207575,0.998989004852543,0.));
#12856=DIRECTION('',(0.,0.,1.));
#12857=DIRECTION('',(1.,0.,0.));
#12858=DIRECTION('',(0.0449551797207583,-0.998989004852543,0.));
#12859=DIRECTION('',(-0.500000000000001,-0.866025403784438,0.));
#12860=DIRECTION('',(-0.0598737060169984,0.998205960374807,0.));
#12861=DIRECTION('',(0.,-1.,0.));
#12862=DIRECTION('',(-1.,0.,0.));
#12863=DIRECTION('',(0.,-1.,0.));
#12864=DIRECTION('',(-1.,0.,0.));
#12865=DIRECTION('',(0.,0.,1.));
#12866=DIRECTION('',(0.,0.,-1.));
#12867=DIRECTION('',(0.,-1.,0.));
#12868=DIRECTION('',(0.,0.,-1.));
#12869=DIRECTION('',(0.,0.,-1.));
#12870=DIRECTION('',(-1.,0.,0.));
#12871=DIRECTION('',(0.0598737060169985,0.998205960374807,0.));
#12872=DIRECTION('',(0.,-1.,0.));
#12873=DIRECTION('',(1.,0.,0.));
#12874=DIRECTION('',(0.0598737060169984,-0.998205960374807,0.));
#12875=DIRECTION('',(0.500000000000001,0.866025403784438,0.));
#12876=DIRECTION('',(-0.0449551797207583,0.998989004852543,0.));
#12877=DIRECTION('',(0.,0.,-1.));
#12878=DIRECTION('',(-1.,0.,0.));
#12879=DIRECTION('',(-0.0449551797207575,-0.998989004852543,0.));
#12880=DIRECTION('',(0.500000000000001,-0.866025403784438,0.));
#12881=DIRECTION('',(0.,0.,1.));
#12882=DIRECTION('',(1.,0.,0.));
#12883=DIRECTION('',(-0.0598737060169985,-0.998205960374807,0.));
#12884=DIRECTION('',(-0.500000000000001,0.866025403784438,0.));
#12885=DIRECTION('',(0.0449551797207575,0.998989004852543,0.));
#12886=DIRECTION('',(0.,0.,1.));
#12887=DIRECTION('',(1.,0.,0.));
#12888=DIRECTION('',(0.0449551797207583,-0.998989004852543,0.));
#12889=DIRECTION('',(-0.500000000000001,-0.866025403784438,0.));
#12890=DIRECTION('',(-0.0598737060169984,0.998205960374807,0.));
#12891=DIRECTION('',(0.,-1.,0.));
#12892=DIRECTION('',(-1.,0.,0.));
#12893=DIRECTION('',(0.,-1.,0.));
#12894=DIRECTION('',(-1.,0.,0.));
#12895=DIRECTION('',(0.,0.,1.));
#12896=DIRECTION('',(0.,0.,-1.));
#12897=DIRECTION('',(0.,-1.,0.));
#12898=DIRECTION('',(0.,0.,-1.));
#12899=DIRECTION('',(0.,0.,-1.));
#12900=DIRECTION('',(-1.,0.,0.));
#12901=DIRECTION('',(0.0598737060169985,0.998205960374807,0.));
#12902=DIRECTION('',(0.,-1.,0.));
#12903=DIRECTION('',(1.,0.,0.));
#12904=DIRECTION('',(0.0598737060169984,-0.998205960374807,0.));
#12905=DIRECTION('',(0.500000000000001,0.866025403784438,0.));
#12906=DIRECTION('',(-0.0449551797207583,0.998989004852543,0.));
#12907=DIRECTION('',(0.,0.,-1.));
#12908=DIRECTION('',(-1.,0.,0.));
#12909=DIRECTION('',(-0.0449551797207575,-0.998989004852543,0.));
#12910=DIRECTION('',(0.500000000000001,-0.866025403784438,0.));
#12911=DIRECTION('',(0.,0.,1.));
#12912=DIRECTION('',(1.,0.,0.));
#12913=DIRECTION('',(-0.0598737060169985,-0.998205960374807,0.));
#12914=DIRECTION('',(-0.500000000000001,0.866025403784438,0.));
#12915=DIRECTION('',(0.0449551797207575,0.998989004852543,0.));
#12916=DIRECTION('',(0.,0.,1.));
#12917=DIRECTION('',(1.,0.,0.));
#12918=DIRECTION('',(0.0449551797207583,-0.998989004852543,0.));
#12919=DIRECTION('',(-0.500000000000001,-0.866025403784438,0.));
#12920=DIRECTION('',(-0.0598737060169985,0.998205960374807,0.));
#12921=DIRECTION('',(0.,-1.,0.));
#12922=DIRECTION('',(-1.,0.,0.));
#12923=DIRECTION('',(0.,-1.,0.));
#12924=DIRECTION('',(-1.,0.,0.));
#12925=DIRECTION('',(0.,0.,1.));
#12926=DIRECTION('',(0.,0.,-1.));
#12927=DIRECTION('',(0.,-1.,0.));
#12928=DIRECTION('',(0.,0.,-1.));
#12929=DIRECTION('',(0.,0.,-1.));
#12930=DIRECTION('',(-1.,0.,0.));
#12931=DIRECTION('',(0.0598737060169985,0.998205960374807,0.));
#12932=DIRECTION('',(0.,-1.,0.));
#12933=DIRECTION('',(1.,0.,0.));
#12934=DIRECTION('',(0.0598737060169985,-0.998205960374807,0.));
#12935=DIRECTION('',(0.500000000000001,0.866025403784438,0.));
#12936=DIRECTION('',(-0.0449551797207583,0.998989004852543,0.));
#12937=DIRECTION('',(0.,0.,-1.));
#12938=DIRECTION('',(-1.,0.,0.));
#12939=DIRECTION('',(-0.0449551797207575,-0.998989004852543,0.));
#12940=DIRECTION('',(0.500000000000001,-0.866025403784438,0.));
#12941=DIRECTION('',(0.,0.,1.));
#12942=DIRECTION('',(1.,0.,0.));
#12943=DIRECTION('',(-0.0598737060169985,-0.998205960374807,0.));
#12944=DIRECTION('',(-0.500000000000001,0.866025403784438,0.));
#12945=DIRECTION('',(0.0449551797207575,0.998989004852543,0.));
#12946=DIRECTION('',(0.,0.,1.));
#12947=DIRECTION('',(1.,0.,0.));
#12948=DIRECTION('',(0.0449551797207583,-0.998989004852543,0.));
#12949=DIRECTION('',(-0.500000000000001,-0.866025403784438,0.));
#12950=DIRECTION('',(-0.0598737060169985,0.998205960374807,0.));
#12951=DIRECTION('',(0.,-1.,0.));
#12952=DIRECTION('',(-1.,0.,0.));
#12953=DIRECTION('',(0.,-1.,0.));
#12954=DIRECTION('',(-1.,0.,0.));
#12955=DIRECTION('',(0.,0.,1.));
#12956=DIRECTION('',(0.,0.,-1.));
#12957=DIRECTION('',(0.,-1.,0.));
#12958=DIRECTION('',(0.,0.,-1.));
#12959=DIRECTION('',(0.,0.,-1.));
#12960=DIRECTION('',(-1.,0.,0.));
#12961=DIRECTION('',(0.0598737060169985,0.998205960374807,0.));
#12962=DIRECTION('',(0.,-1.,0.));
#12963=DIRECTION('',(1.,0.,0.));
#12964=DIRECTION('',(0.0598737060169985,-0.998205960374807,0.));
#12965=DIRECTION('',(0.500000000000001,0.866025403784438,0.));
#12966=DIRECTION('',(-0.0449551797207583,0.998989004852543,0.));
#12967=DIRECTION('',(0.,0.,-1.));
#12968=DIRECTION('',(-1.,0.,0.));
#12969=DIRECTION('',(-0.0449551797207575,-0.998989004852543,0.));
#12970=DIRECTION('',(0.500000000000001,-0.866025403784438,0.));
#12971=DIRECTION('',(0.,0.,1.));
#12972=DIRECTION('',(1.,0.,0.));
#12973=DIRECTION('',(-0.0598737060169985,-0.998205960374807,0.));
#12974=DIRECTION('',(-0.500000000000001,0.866025403784438,0.));
#12975=DIRECTION('',(0.0449551797207574,0.998989004852543,0.));
#12976=DIRECTION('',(0.,0.,1.));
#12977=DIRECTION('',(1.,0.,0.));
#12978=DIRECTION('',(0.0449551797207583,-0.998989004852543,0.));
#12979=DIRECTION('',(-0.500000000000001,-0.866025403784438,0.));
#12980=DIRECTION('',(-0.0598737060169984,0.998205960374807,0.));
#12981=DIRECTION('',(0.,-1.,0.));
#12982=DIRECTION('',(-1.,0.,0.));
#12983=DIRECTION('',(0.,-1.,0.));
#12984=DIRECTION('',(-1.,0.,0.));
#12985=DIRECTION('',(0.,0.,1.));
#12986=DIRECTION('',(0.,0.,-1.));
#12987=DIRECTION('',(0.,-1.,0.));
#12988=DIRECTION('',(0.,0.,-1.));
#12989=DIRECTION('',(0.,0.,-1.));
#12990=DIRECTION('',(-1.,0.,0.));
#12991=DIRECTION('',(0.0598737060169985,0.998205960374807,0.));
#12992=DIRECTION('',(0.,-1.,0.));
#12993=DIRECTION('',(1.,0.,0.));
#12994=DIRECTION('',(0.0598737060169984,-0.998205960374807,0.));
#12995=DIRECTION('',(0.500000000000001,0.866025403784438,0.));
#12996=DIRECTION('',(-0.0449551797207583,0.998989004852543,0.));
#12997=DIRECTION('',(0.,0.,-1.));
#12998=DIRECTION('',(-1.,0.,0.));
#12999=DIRECTION('',(-0.0449551797207574,-0.998989004852543,0.));
#13000=DIRECTION('',(0.500000000000001,-0.866025403784438,0.));
#13001=DIRECTION('',(0.,0.,1.));
#13002=DIRECTION('',(1.,0.,0.));
#13003=DIRECTION('',(-0.0598737060169985,-0.998205960374807,0.));
#13004=DIRECTION('',(-0.500000000000001,0.866025403784438,0.));
#13005=DIRECTION('',(0.0449551797207574,0.998989004852543,0.));
#13006=DIRECTION('',(0.,0.,1.));
#13007=DIRECTION('',(1.,0.,0.));
#13008=DIRECTION('',(0.0449551797207583,-0.998989004852543,0.));
#13009=DIRECTION('',(-0.500000000000001,-0.866025403784438,0.));
#13010=DIRECTION('',(-0.0598737060169984,0.998205960374807,0.));
#13011=DIRECTION('',(0.,-1.,0.));
#13012=DIRECTION('',(-1.,0.,0.));
#13013=DIRECTION('',(0.,-1.,0.));
#13014=DIRECTION('',(-1.,0.,0.));
#13015=DIRECTION('',(0.,0.,1.));
#13016=DIRECTION('',(0.,0.,-1.));
#13017=DIRECTION('',(0.,-1.,0.));
#13018=DIRECTION('',(0.,0.,-1.));
#13019=DIRECTION('',(0.,0.,-1.));
#13020=DIRECTION('',(-1.,0.,0.));
#13021=DIRECTION('',(0.0598737060169985,0.998205960374807,0.));
#13022=DIRECTION('',(0.,-1.,0.));
#13023=DIRECTION('',(1.,0.,0.));
#13024=DIRECTION('',(0.0598737060169984,-0.998205960374807,0.));
#13025=DIRECTION('',(0.500000000000001,0.866025403784438,0.));
#13026=DIRECTION('',(-0.0449551797207583,0.998989004852543,0.));
#13027=DIRECTION('',(0.,0.,-1.));
#13028=DIRECTION('',(-1.,0.,0.));
#13029=DIRECTION('',(-0.0449551797207574,-0.998989004852543,0.));
#13030=DIRECTION('',(0.500000000000001,-0.866025403784438,0.));
#13031=DIRECTION('',(0.,0.,1.));
#13032=DIRECTION('',(1.,0.,0.));
#13033=DIRECTION('',(-0.0598737060169984,-0.998205960374807,0.));
#13034=DIRECTION('',(-0.500000000000002,0.866025403784438,0.));
#13035=DIRECTION('',(0.0449551797207576,0.998989004852543,0.));
#13036=DIRECTION('',(0.,0.,1.));
#13037=DIRECTION('',(1.,0.,0.));
#13038=DIRECTION('',(0.0449551797207583,-0.998989004852543,0.));
#13039=DIRECTION('',(-0.499999999999999,-0.866025403784439,0.));
#13040=DIRECTION('',(-0.0598737060169987,0.998205960374807,0.));
#13041=DIRECTION('',(0.,-1.,0.));
#13042=DIRECTION('',(-1.,0.,0.));
#13043=DIRECTION('',(0.,-1.,0.));
#13044=DIRECTION('',(-1.,0.,0.));
#13045=DIRECTION('',(0.,0.,1.));
#13046=DIRECTION('',(0.,0.,-1.));
#13047=DIRECTION('',(0.,-1.,0.));
#13048=DIRECTION('',(0.,0.,-1.));
#13049=DIRECTION('',(0.,0.,-1.));
#13050=DIRECTION('',(-1.,0.,0.));
#13051=DIRECTION('',(0.0598737060169984,0.998205960374807,0.));
#13052=DIRECTION('',(0.,-1.,0.));
#13053=DIRECTION('',(1.,0.,0.));
#13054=DIRECTION('',(0.0598737060169987,-0.998205960374807,0.));
#13055=DIRECTION('',(0.499999999999999,0.866025403784439,0.));
#13056=DIRECTION('',(-0.0449551797207583,0.998989004852543,0.));
#13057=DIRECTION('',(0.,0.,-1.));
#13058=DIRECTION('',(-1.,0.,0.));
#13059=DIRECTION('',(-0.0449551797207576,-0.998989004852543,0.));
#13060=DIRECTION('',(0.500000000000002,-0.866025403784438,0.));
#13061=DIRECTION('',(0.,0.,1.));
#13062=DIRECTION('',(1.,0.,0.));
#13063=DIRECTION('',(-0.0598737060169984,-0.998205960374807,0.));
#13064=DIRECTION('',(-0.500000000000002,0.866025403784438,0.));
#13065=DIRECTION('',(0.0449551797207576,0.998989004852543,0.));
#13066=DIRECTION('',(0.,0.,1.));
#13067=DIRECTION('',(1.,0.,0.));
#13068=DIRECTION('',(0.0449551797207583,-0.998989004852543,0.));
#13069=DIRECTION('',(-0.499999999999999,-0.866025403784439,0.));
#13070=DIRECTION('',(-0.0598737060169987,0.998205960374807,0.));
#13071=DIRECTION('',(0.,-1.,0.));
#13072=DIRECTION('',(-1.,0.,0.));
#13073=DIRECTION('',(0.,-1.,0.));
#13074=DIRECTION('',(-1.,0.,0.));
#13075=DIRECTION('',(0.,0.,1.));
#13076=DIRECTION('',(0.,0.,-1.));
#13077=DIRECTION('',(0.,-1.,0.));
#13078=DIRECTION('',(0.,0.,-1.));
#13079=DIRECTION('',(0.,0.,-1.));
#13080=DIRECTION('',(-1.,0.,0.));
#13081=DIRECTION('',(0.0598737060169984,0.998205960374807,0.));
#13082=DIRECTION('',(0.,-1.,0.));
#13083=DIRECTION('',(1.,0.,0.));
#13084=DIRECTION('',(0.0598737060169987,-0.998205960374807,0.));
#13085=DIRECTION('',(0.499999999999999,0.866025403784439,0.));
#13086=DIRECTION('',(-0.0449551797207583,0.998989004852543,0.));
#13087=DIRECTION('',(0.,0.,-1.));
#13088=DIRECTION('',(-1.,0.,0.));
#13089=DIRECTION('',(-0.0449551797207576,-0.998989004852543,0.));
#13090=DIRECTION('',(0.500000000000002,-0.866025403784438,0.));
#13091=DIRECTION('',(0.,0.,1.));
#13092=DIRECTION('',(1.,0.,0.));
#13093=DIRECTION('',(-0.0598737060169984,-0.998205960374807,0.));
#13094=DIRECTION('',(-0.499999999999999,0.866025403784439,0.));
#13095=DIRECTION('',(0.0449551797207573,0.998989004852543,0.));
#13096=DIRECTION('',(0.,0.,1.));
#13097=DIRECTION('',(1.,0.,0.));
#13098=DIRECTION('',(0.0449551797207583,-0.998989004852543,0.));
#13099=DIRECTION('',(-0.500000000000002,-0.866025403784438,0.));
#13100=DIRECTION('',(-0.0598737060169984,0.998205960374807,0.));
#13101=DIRECTION('',(0.,-1.,0.));
#13102=DIRECTION('',(-1.,0.,0.));
#13103=DIRECTION('',(0.,-1.,0.));
#13104=DIRECTION('',(-1.,0.,0.));
#13105=DIRECTION('',(0.,0.,1.));
#13106=DIRECTION('',(0.,0.,-1.));
#13107=DIRECTION('',(0.,-1.,0.));
#13108=DIRECTION('',(0.,0.,-1.));
#13109=DIRECTION('',(0.,0.,-1.));
#13110=DIRECTION('',(-1.,0.,0.));
#13111=DIRECTION('',(0.0598737060169984,0.998205960374807,0.));
#13112=DIRECTION('',(0.,-1.,0.));
#13113=DIRECTION('',(1.,0.,0.));
#13114=DIRECTION('',(0.0598737060169984,-0.998205960374807,0.));
#13115=DIRECTION('',(0.500000000000002,0.866025403784438,0.));
#13116=DIRECTION('',(-0.0449551797207583,0.998989004852543,0.));
#13117=DIRECTION('',(0.,0.,-1.));
#13118=DIRECTION('',(-1.,0.,0.));
#13119=DIRECTION('',(-0.0449551797207573,-0.998989004852543,0.));
#13120=DIRECTION('',(0.499999999999999,-0.866025403784439,0.));
#13121=DIRECTION('',(0.,0.,1.));
#13122=DIRECTION('',(1.,0.,0.));
#13123=DIRECTION('',(-0.0598737060169984,-0.998205960374807,0.));
#13124=DIRECTION('',(-0.499999999999999,0.866025403784439,0.));
#13125=DIRECTION('',(0.0449551797207573,0.998989004852543,0.));
#13126=DIRECTION('',(0.,0.,1.));
#13127=DIRECTION('',(1.,0.,0.));
#13128=DIRECTION('',(0.0449551797207583,-0.998989004852543,0.));
#13129=DIRECTION('',(-0.500000000000002,-0.866025403784438,0.));
#13130=DIRECTION('',(-0.0598737060169984,0.998205960374807,0.));
#13131=DIRECTION('',(0.,-1.,0.));
#13132=DIRECTION('',(-1.,0.,0.));
#13133=DIRECTION('',(0.,-1.,0.));
#13134=DIRECTION('',(-1.,0.,0.));
#13135=DIRECTION('',(0.,0.,1.));
#13136=DIRECTION('',(0.,0.,-1.));
#13137=DIRECTION('',(0.,-1.,0.));
#13138=DIRECTION('',(0.,0.,-1.));
#13139=DIRECTION('',(0.,0.,-1.));
#13140=DIRECTION('',(-1.,0.,0.));
#13141=DIRECTION('',(0.0598737060169984,0.998205960374807,0.));
#13142=DIRECTION('',(0.,-1.,0.));
#13143=DIRECTION('',(1.,0.,0.));
#13144=DIRECTION('',(0.0598737060169984,-0.998205960374807,0.));
#13145=DIRECTION('',(0.500000000000002,0.866025403784438,0.));
#13146=DIRECTION('',(-0.0449551797207583,0.998989004852543,0.));
#13147=DIRECTION('',(0.,0.,-1.));
#13148=DIRECTION('',(-1.,0.,0.));
#13149=DIRECTION('',(-0.0449551797207573,-0.998989004852543,0.));
#13150=DIRECTION('',(0.499999999999999,-0.866025403784439,0.));
#13151=DIRECTION('',(0.,0.,1.));
#13152=DIRECTION('',(1.,0.,0.));
#13153=DIRECTION('',(-0.0598737060169984,-0.998205960374807,0.));
#13154=DIRECTION('',(-0.500000000000002,0.866025403784438,0.));
#13155=DIRECTION('',(0.0449551797207578,0.998989004852543,0.));
#13156=DIRECTION('',(0.,0.,1.));
#13157=DIRECTION('',(1.,0.,0.));
#13158=DIRECTION('',(0.0449551797207578,-0.998989004852543,0.));
#13159=DIRECTION('',(-0.500000000000002,-0.866025403784438,0.));
#13160=DIRECTION('',(-0.0598737060169984,0.998205960374807,0.));
#13161=DIRECTION('',(0.,-1.,0.));
#13162=DIRECTION('',(-1.,0.,0.));
#13163=DIRECTION('',(0.,-1.,0.));
#13164=DIRECTION('',(-1.,0.,0.));
#13165=DIRECTION('',(0.,0.,1.));
#13166=DIRECTION('',(0.,0.,-1.));
#13167=DIRECTION('',(0.,-1.,0.));
#13168=DIRECTION('',(0.,0.,-1.));
#13169=DIRECTION('',(0.,0.,-1.));
#13170=DIRECTION('',(-1.,0.,0.));
#13171=DIRECTION('',(0.0598737060169984,0.998205960374807,0.));
#13172=DIRECTION('',(0.,-1.,0.));
#13173=DIRECTION('',(1.,0.,0.));
#13174=DIRECTION('',(0.0598737060169984,-0.998205960374807,0.));
#13175=DIRECTION('',(0.500000000000002,0.866025403784438,0.));
#13176=DIRECTION('',(-0.0449551797207578,0.998989004852543,0.));
#13177=DIRECTION('',(0.,0.,-1.));
#13178=DIRECTION('',(-1.,0.,0.));
#13179=DIRECTION('',(-0.0449551797207578,-0.998989004852543,0.));
#13180=DIRECTION('',(0.500000000000002,-0.866025403784438,0.));
#13181=DIRECTION('',(0.,0.,1.));
#13182=DIRECTION('',(1.,0.,0.));
#13183=DIRECTION('',(-0.0598737060169984,-0.998205960374807,0.));
#13184=DIRECTION('',(-0.500000000000002,0.866025403784438,0.));
#13185=DIRECTION('',(0.0449551797207578,0.998989004852543,0.));
#13186=DIRECTION('',(0.,0.,1.));
#13187=DIRECTION('',(1.,0.,0.));
#13188=DIRECTION('',(0.0449551797207578,-0.998989004852543,0.));
#13189=DIRECTION('',(-0.500000000000002,-0.866025403784438,0.));
#13190=DIRECTION('',(-0.0598737060169984,0.998205960374807,0.));
#13191=DIRECTION('',(0.,-1.,0.));
#13192=DIRECTION('',(-1.,0.,0.));
#13193=DIRECTION('',(0.,-1.,0.));
#13194=DIRECTION('',(-1.,0.,0.));
#13195=DIRECTION('',(0.,0.,1.));
#13196=DIRECTION('',(0.,0.,-1.));
#13197=DIRECTION('',(0.,-1.,0.));
#13198=DIRECTION('',(0.,0.,-1.));
#13199=DIRECTION('',(0.,0.,-1.));
#13200=DIRECTION('',(-1.,0.,0.));
#13201=DIRECTION('',(0.0598737060169984,0.998205960374807,0.));
#13202=DIRECTION('',(0.,-1.,0.));
#13203=DIRECTION('',(1.,0.,0.));
#13204=DIRECTION('',(0.0598737060169984,-0.998205960374807,0.));
#13205=DIRECTION('',(0.500000000000002,0.866025403784438,0.));
#13206=DIRECTION('',(-0.0449551797207578,0.998989004852543,0.));
#13207=DIRECTION('',(0.,0.,-1.));
#13208=DIRECTION('',(-1.,0.,0.));
#13209=DIRECTION('',(-0.0449551797207578,-0.998989004852543,0.));
#13210=DIRECTION('',(0.500000000000002,-0.866025403784438,0.));
#13211=DIRECTION('',(1.,0.,0.));
#13212=DIRECTION('',(0.,0.,-1.));
#13213=DIRECTION('',(0.,0.,1.));
#13214=DIRECTION('',(0.,0.,1.));
#13215=DIRECTION('',(1.,0.,0.));
#13216=DIRECTION('',(0.,0.,-1.));
#13217=DIRECTION('',(0.,0.,1.));
#13218=DIRECTION('',(0.,0.,1.));
#13219=DIRECTION('',(1.,0.,0.));
#13220=DIRECTION('',(0.,0.,-1.));
#13221=DIRECTION('',(0.,0.,1.));
#13222=DIRECTION('',(0.,0.,1.));
#13223=DIRECTION('',(1.,0.,0.));
#13224=DIRECTION('',(0.,0.,-1.));
#13225=DIRECTION('',(0.,0.,1.));
#13226=DIRECTION('',(0.,0.,1.));
#13227=DIRECTION('',(1.,0.,0.));
#13228=DIRECTION('',(0.,0.,-1.));
#13229=DIRECTION('',(0.,0.,1.));
#13230=DIRECTION('',(0.,0.,1.));
#13231=DIRECTION('',(1.,0.,0.));
#13232=DIRECTION('',(0.,0.,-1.));
#13233=DIRECTION('',(0.,0.,1.));
#13234=DIRECTION('',(0.,0.,1.));
#13235=DIRECTION('',(1.,0.,0.));
#13236=DIRECTION('',(0.,0.,-1.));
#13237=DIRECTION('',(0.,0.,1.));
#13238=DIRECTION('',(0.,0.,1.));
#13239=DIRECTION('',(1.,0.,0.));
#13240=DIRECTION('',(0.,0.,-1.));
#13241=DIRECTION('',(0.,0.,1.));
#13242=DIRECTION('',(0.,0.,1.));
#13243=DIRECTION('',(1.,0.,0.));
#13244=DIRECTION('',(0.,0.,-1.));
#13245=DIRECTION('',(0.,0.,1.));
#13246=DIRECTION('',(0.,0.,1.));
#13247=DIRECTION('',(1.,0.,0.));
#13248=DIRECTION('',(0.,0.,-1.));
#13249=DIRECTION('',(0.,0.,1.));
#13250=DIRECTION('',(0.,0.,1.));
#13251=DIRECTION('',(1.,0.,0.));
#13252=DIRECTION('',(0.,0.,-1.));
#13253=DIRECTION('',(0.,0.,1.));
#13254=DIRECTION('',(0.,0.,1.));
#13255=DIRECTION('',(1.,0.,0.));
#13256=DIRECTION('',(0.,0.,-1.));
#13257=DIRECTION('',(0.,0.,1.));
#13258=DIRECTION('',(0.,0.,1.));
#13259=DIRECTION('',(1.,0.,0.));
#13260=DIRECTION('',(0.,0.,-1.));
#13261=DIRECTION('',(0.,0.,1.));
#13262=DIRECTION('',(0.,0.,1.));
#13263=DIRECTION('',(1.,0.,0.));
#13264=DIRECTION('',(0.,0.,-1.));
#13265=DIRECTION('',(0.,0.,1.));
#13266=DIRECTION('',(0.,0.,1.));
#13267=DIRECTION('',(1.,0.,0.));
#13268=DIRECTION('',(0.,0.,-1.));
#13269=DIRECTION('',(0.,0.,1.));
#13270=DIRECTION('',(0.,0.,1.));
#13271=DIRECTION('',(1.,0.,0.));
#13272=DIRECTION('',(0.,0.,-1.));
#13273=DIRECTION('',(0.,0.,1.));
#13274=DIRECTION('',(0.,0.,1.));
#13275=DIRECTION('',(1.,0.,0.));
#13276=DIRECTION('',(0.,0.,-1.));
#13277=DIRECTION('',(0.,0.,1.));
#13278=DIRECTION('',(0.,0.,1.));
#13279=DIRECTION('',(1.,0.,0.));
#13280=DIRECTION('',(0.,0.,-1.));
#13281=DIRECTION('',(0.,0.,1.));
#13282=DIRECTION('',(0.,0.,1.));
#13283=DIRECTION('',(1.,0.,0.));
#13284=DIRECTION('',(0.,0.,-1.));
#13285=DIRECTION('',(0.,0.,1.));
#13286=DIRECTION('',(0.,0.,1.));
#13287=DIRECTION('',(1.,0.,0.));
#13288=DIRECTION('',(0.,0.,-1.));
#13289=DIRECTION('',(0.,0.,1.));
#13290=DIRECTION('',(0.,0.,1.));
#13291=DIRECTION('',(0.,0.,-1.));
#13292=DIRECTION('',(-1.,0.,0.));
#13293=DIRECTION('',(0.,1.,0.));
#13294=DIRECTION('',(-1.,0.,0.));
#13295=DIRECTION('',(0.,1.,0.));
#13296=DIRECTION('',(-1.,0.,0.));
#13297=DIRECTION('',(0.,0.,1.));
#13298=DIRECTION('',(1.,0.,0.));
#13299=DIRECTION('',(0.,1.,0.));
#13300=DIRECTION('',(-1.,0.,0.));
#13301=DIRECTION('',(0.,1.,0.));
#13302=DIRECTION('',(1.,0.,0.));
#13303=DIRECTION('',(0.,0.,-1.));
#13304=DIRECTION('',(-1.,0.,0.));
#13305=DIRECTION('',(0.,1.,0.));
#13306=DIRECTION('',(-1.,0.,0.));
#13307=DIRECTION('',(0.,1.,0.));
#13308=DIRECTION('',(-1.,0.,0.));
#13309=DIRECTION('',(0.,0.,1.));
#13310=DIRECTION('',(1.,0.,0.));
#13311=DIRECTION('',(0.,1.,0.));
#13312=DIRECTION('',(-1.,0.,0.));
#13313=DIRECTION('',(0.,1.,0.));
#13314=DIRECTION('',(1.,0.,0.));
#13315=DIRECTION('',(0.,0.,-1.));
#13316=DIRECTION('',(-1.,0.,0.));
#13317=DIRECTION('',(0.,1.,0.));
#13318=DIRECTION('',(-1.,0.,0.));
#13319=DIRECTION('',(0.,1.,0.));
#13320=DIRECTION('',(-1.,0.,0.));
#13321=DIRECTION('',(0.,0.,1.));
#13322=DIRECTION('',(1.,0.,0.));
#13323=DIRECTION('',(0.,1.,0.));
#13324=DIRECTION('',(-1.,0.,0.));
#13325=DIRECTION('',(0.,1.,0.));
#13326=DIRECTION('',(1.,0.,0.));
#13327=DIRECTION('',(0.,0.,-1.));
#13328=DIRECTION('',(-1.,0.,0.));
#13329=DIRECTION('',(0.,1.,0.));
#13330=DIRECTION('',(-1.,0.,0.));
#13331=DIRECTION('',(0.,1.,0.));
#13332=DIRECTION('',(-1.,0.,0.));
#13333=DIRECTION('',(0.,0.,1.));
#13334=DIRECTION('',(1.,0.,0.));
#13335=DIRECTION('',(0.,1.,0.));
#13336=DIRECTION('',(-1.,0.,0.));
#13337=DIRECTION('',(0.,1.,0.));
#13338=DIRECTION('',(1.,0.,0.));
#13339=DIRECTION('',(0.,0.,-1.));
#13340=DIRECTION('',(-1.,0.,0.));
#13341=DIRECTION('',(0.,1.,0.));
#13342=DIRECTION('',(-1.,0.,0.));
#13343=DIRECTION('',(0.,1.,0.));
#13344=DIRECTION('',(-1.,0.,0.));
#13345=DIRECTION('',(0.,0.,1.));
#13346=DIRECTION('',(1.,0.,0.));
#13347=DIRECTION('',(0.,1.,0.));
#13348=DIRECTION('',(-1.,0.,0.));
#13349=DIRECTION('',(0.,1.,0.));
#13350=DIRECTION('',(1.,0.,0.));
#13351=DIRECTION('',(0.,0.,-1.));
#13352=DIRECTION('',(-1.,0.,0.));
#13353=DIRECTION('',(0.,1.,0.));
#13354=DIRECTION('',(-1.,0.,0.));
#13355=DIRECTION('',(0.,1.,0.));
#13356=DIRECTION('',(-1.,0.,0.));
#13357=DIRECTION('',(0.,0.,1.));
#13358=DIRECTION('',(1.,0.,0.));
#13359=DIRECTION('',(0.,1.,0.));
#13360=DIRECTION('',(-1.,0.,0.));
#13361=DIRECTION('',(0.,1.,0.));
#13362=DIRECTION('',(1.,0.,0.));
#13363=DIRECTION('',(0.,0.,-1.));
#13364=DIRECTION('',(-1.,0.,0.));
#13365=DIRECTION('',(0.,1.,0.));
#13366=DIRECTION('',(-1.,0.,0.));
#13367=DIRECTION('',(0.,1.,0.));
#13368=DIRECTION('',(-1.,0.,0.));
#13369=DIRECTION('',(0.,0.,1.));
#13370=DIRECTION('',(1.,0.,0.));
#13371=DIRECTION('',(0.,1.,0.));
#13372=DIRECTION('',(-1.,0.,0.));
#13373=DIRECTION('',(0.,1.,0.));
#13374=DIRECTION('',(1.,0.,0.));
#13375=DIRECTION('',(0.,0.,-1.));
#13376=DIRECTION('',(-1.,0.,0.));
#13377=DIRECTION('',(0.,1.,0.));
#13378=DIRECTION('',(-1.,0.,0.));
#13379=DIRECTION('',(0.,1.,0.));
#13380=DIRECTION('',(-1.,0.,0.));
#13381=DIRECTION('',(0.,0.,1.));
#13382=DIRECTION('',(1.,0.,0.));
#13383=DIRECTION('',(0.,1.,0.));
#13384=DIRECTION('',(-1.,0.,0.));
#13385=DIRECTION('',(0.,1.,0.));
#13386=DIRECTION('',(1.,0.,0.));
#13387=DIRECTION('',(0.,0.,-1.));
#13388=DIRECTION('',(-1.,0.,0.));
#13389=DIRECTION('',(0.,1.,0.));
#13390=DIRECTION('',(-1.,0.,0.));
#13391=DIRECTION('',(0.,1.,0.));
#13392=DIRECTION('',(-1.,0.,0.));
#13393=DIRECTION('',(0.,0.,1.));
#13394=DIRECTION('',(1.,0.,0.));
#13395=DIRECTION('',(0.,1.,0.));
#13396=DIRECTION('',(-1.,0.,0.));
#13397=DIRECTION('',(0.,1.,0.));
#13398=DIRECTION('',(1.,0.,0.));
#13399=DIRECTION('',(0.,0.,-1.));
#13400=DIRECTION('',(-1.,0.,0.));
#13401=DIRECTION('',(0.,1.,0.));
#13402=DIRECTION('',(-1.,0.,0.));
#13403=DIRECTION('',(0.,1.,0.));
#13404=DIRECTION('',(-1.,0.,0.));
#13405=DIRECTION('',(0.,0.,1.));
#13406=DIRECTION('',(1.,0.,0.));
#13407=DIRECTION('',(0.,1.,0.));
#13408=DIRECTION('',(-1.,0.,0.));
#13409=DIRECTION('',(0.,1.,0.));
#13410=DIRECTION('',(1.,0.,0.));
#13411=DIRECTION('',(0.,0.,-1.));
#13412=DIRECTION('',(-1.,0.,0.));
#13413=DIRECTION('',(0.,1.,0.));
#13414=DIRECTION('',(-1.,0.,0.));
#13415=DIRECTION('',(0.,1.,0.));
#13416=DIRECTION('',(-1.,0.,0.));
#13417=DIRECTION('',(0.,0.,1.));
#13418=DIRECTION('',(1.,0.,0.));
#13419=DIRECTION('',(0.,1.,0.));
#13420=DIRECTION('',(-1.,0.,0.));
#13421=DIRECTION('',(0.,1.,0.));
#13422=DIRECTION('',(1.,0.,0.));
#13423=DIRECTION('',(0.,0.,-1.));
#13424=DIRECTION('',(-1.,0.,0.));
#13425=DIRECTION('',(0.,1.,0.));
#13426=DIRECTION('',(-1.,0.,0.));
#13427=DIRECTION('',(0.,1.,0.));
#13428=DIRECTION('',(-1.,0.,0.));
#13429=DIRECTION('',(0.,0.,1.));
#13430=DIRECTION('',(1.,0.,0.));
#13431=DIRECTION('',(0.,1.,0.));
#13432=DIRECTION('',(-1.,0.,0.));
#13433=DIRECTION('',(0.,1.,0.));
#13434=DIRECTION('',(1.,0.,0.));
#13435=DIRECTION('',(0.,0.,-1.));
#13436=DIRECTION('',(-1.,0.,0.));
#13437=DIRECTION('',(0.,1.,0.));
#13438=DIRECTION('',(-1.,0.,0.));
#13439=DIRECTION('',(0.,1.,0.));
#13440=DIRECTION('',(-1.,0.,0.));
#13441=DIRECTION('',(0.,0.,1.));
#13442=DIRECTION('',(1.,0.,0.));
#13443=DIRECTION('',(0.,1.,0.));
#13444=DIRECTION('',(-1.,0.,0.));
#13445=DIRECTION('',(0.,1.,0.));
#13446=DIRECTION('',(1.,0.,0.));
#13447=DIRECTION('',(0.,0.,-1.));
#13448=DIRECTION('',(-1.,0.,0.));
#13449=DIRECTION('',(0.,1.,0.));
#13450=DIRECTION('',(-1.,0.,0.));
#13451=DIRECTION('',(0.,1.,0.));
#13452=DIRECTION('',(-1.,0.,0.));
#13453=DIRECTION('',(0.,0.,1.));
#13454=DIRECTION('',(1.,0.,0.));
#13455=DIRECTION('',(0.,1.,0.));
#13456=DIRECTION('',(-1.,0.,0.));
#13457=DIRECTION('',(0.,1.,0.));
#13458=DIRECTION('',(1.,0.,0.));
#13459=DIRECTION('',(0.,0.,-1.));
#13460=DIRECTION('',(-1.,0.,0.));
#13461=DIRECTION('',(0.,1.,0.));
#13462=DIRECTION('',(-1.,0.,0.));
#13463=DIRECTION('',(0.,1.,0.));
#13464=DIRECTION('',(-1.,0.,0.));
#13465=DIRECTION('',(0.,0.,1.));
#13466=DIRECTION('',(1.,0.,0.));
#13467=DIRECTION('',(0.,1.,0.));
#13468=DIRECTION('',(-1.,0.,0.));
#13469=DIRECTION('',(0.,1.,0.));
#13470=DIRECTION('',(1.,0.,0.));
#13471=DIRECTION('',(0.,0.,-1.));
#13472=DIRECTION('',(-1.,0.,0.));
#13473=DIRECTION('',(0.,1.,0.));
#13474=DIRECTION('',(-1.,0.,0.));
#13475=DIRECTION('',(0.,1.,0.));
#13476=DIRECTION('',(-1.,0.,0.));
#13477=DIRECTION('',(0.,0.,1.));
#13478=DIRECTION('',(1.,0.,0.));
#13479=DIRECTION('',(0.,1.,0.));
#13480=DIRECTION('',(-1.,0.,0.));
#13481=DIRECTION('',(0.,1.,0.));
#13482=DIRECTION('',(1.,0.,0.));
#13483=DIRECTION('',(0.,0.,-1.));
#13484=DIRECTION('',(-1.,0.,0.));
#13485=DIRECTION('',(0.,1.,0.));
#13486=DIRECTION('',(-1.,0.,0.));
#13487=DIRECTION('',(0.,1.,0.));
#13488=DIRECTION('',(-1.,0.,0.));
#13489=DIRECTION('',(0.,0.,1.));
#13490=DIRECTION('',(1.,0.,0.));
#13491=DIRECTION('',(0.,1.,0.));
#13492=DIRECTION('',(-1.,0.,0.));
#13493=DIRECTION('',(0.,1.,0.));
#13494=DIRECTION('',(1.,0.,0.));
#13495=DIRECTION('',(0.,0.,-1.));
#13496=DIRECTION('',(-1.,0.,0.));
#13497=DIRECTION('',(0.,1.,0.));
#13498=DIRECTION('',(-1.,0.,0.));
#13499=DIRECTION('',(0.,1.,0.));
#13500=DIRECTION('',(-1.,0.,0.));
#13501=DIRECTION('',(0.,0.,1.));
#13502=DIRECTION('',(1.,0.,0.));
#13503=DIRECTION('',(0.,1.,0.));
#13504=DIRECTION('',(-1.,0.,0.));
#13505=DIRECTION('',(0.,1.,0.));
#13506=DIRECTION('',(1.,0.,0.));
#13507=DIRECTION('',(0.,0.,-1.));
#13508=DIRECTION('',(-1.,0.,0.));
#13509=DIRECTION('',(0.,1.,0.));
#13510=DIRECTION('',(-1.,0.,0.));
#13511=DIRECTION('',(0.,1.,0.));
#13512=DIRECTION('',(-1.,0.,0.));
#13513=DIRECTION('',(0.,0.,1.));
#13514=DIRECTION('',(1.,0.,0.));
#13515=DIRECTION('',(0.,1.,0.));
#13516=DIRECTION('',(-1.,0.,0.));
#13517=DIRECTION('',(0.,1.,0.));
#13518=DIRECTION('',(1.,0.,0.));
#13519=DIRECTION('',(0.,0.,-1.));
#13520=DIRECTION('',(-1.,0.,0.));
#13521=DIRECTION('',(0.,1.,0.));
#13522=DIRECTION('',(-1.,0.,0.));
#13523=DIRECTION('',(0.,1.,0.));
#13524=DIRECTION('',(-1.,0.,0.));
#13525=DIRECTION('',(0.,0.,1.));
#13526=DIRECTION('',(1.,0.,0.));
#13527=DIRECTION('',(0.,1.,0.));
#13528=DIRECTION('',(-1.,0.,0.));
#13529=DIRECTION('',(0.,1.,0.));
#13530=DIRECTION('',(1.,0.,0.));
#13531=DIRECTION('',(0.,1.,0.));
#13532=DIRECTION('',(0.,0.,1.));
#13533=DIRECTION('',(-1.,0.,0.));
#13534=DIRECTION('',(0.,0.,-1.));
#13535=DIRECTION('',(1.,0.,0.));
#13536=DIRECTION('',(0.,0.,1.));
#13537=DIRECTION('',(0.,1.,0.));
#13538=DIRECTION('',(0.,0.,1.));
#13539=DIRECTION('',(-1.,0.,0.));
#13540=DIRECTION('',(0.,0.,-1.));
#13541=DIRECTION('',(1.,0.,0.));
#13542=DIRECTION('',(0.,0.,1.));
#13543=DIRECTION('',(0.,1.,0.));
#13544=DIRECTION('',(0.,0.,1.));
#13545=DIRECTION('',(-1.,0.,0.));
#13546=DIRECTION('',(0.,0.,-1.));
#13547=DIRECTION('',(1.,0.,0.));
#13548=DIRECTION('',(0.,0.,1.));
#13549=DIRECTION('',(0.,1.,0.));
#13550=DIRECTION('',(0.,0.,1.));
#13551=DIRECTION('',(-1.,0.,0.));
#13552=DIRECTION('',(0.,0.,-1.));
#13553=DIRECTION('',(1.,0.,0.));
#13554=DIRECTION('',(0.,0.,1.));
#13555=DIRECTION('',(0.,1.,0.));
#13556=DIRECTION('',(0.,0.,1.));
#13557=DIRECTION('',(-1.,0.,0.));
#13558=DIRECTION('',(0.,0.,-1.));
#13559=DIRECTION('',(1.,0.,0.));
#13560=DIRECTION('',(0.,0.,1.));
#13561=DIRECTION('',(0.,1.,0.));
#13562=DIRECTION('',(0.,0.,1.));
#13563=DIRECTION('',(-1.,0.,0.));
#13564=DIRECTION('',(0.,0.,-1.));
#13565=DIRECTION('',(1.,0.,0.));
#13566=DIRECTION('',(0.,0.,1.));
#13567=DIRECTION('',(0.,1.,0.));
#13568=DIRECTION('',(0.,0.,1.));
#13569=DIRECTION('',(-1.,0.,0.));
#13570=DIRECTION('',(0.,0.,-1.));
#13571=DIRECTION('',(1.,0.,0.));
#13572=DIRECTION('',(0.,0.,1.));
#13573=DIRECTION('',(0.,1.,0.));
#13574=DIRECTION('',(0.,0.,1.));
#13575=DIRECTION('',(-1.,0.,0.));
#13576=DIRECTION('',(0.,0.,-1.));
#13577=DIRECTION('',(1.,0.,0.));
#13578=DIRECTION('',(0.,0.,1.));
#13579=DIRECTION('',(0.,1.,0.));
#13580=DIRECTION('',(0.,0.,1.));
#13581=DIRECTION('',(-1.,0.,0.));
#13582=DIRECTION('',(0.,0.,-1.));
#13583=DIRECTION('',(1.,0.,0.));
#13584=DIRECTION('',(0.,0.,1.));
#13585=DIRECTION('',(0.,1.,0.));
#13586=DIRECTION('',(0.,0.,1.));
#13587=DIRECTION('',(-1.,0.,0.));
#13588=DIRECTION('',(0.,0.,-1.));
#13589=DIRECTION('',(1.,0.,0.));
#13590=DIRECTION('',(0.,0.,1.));
#13591=DIRECTION('',(0.,1.,0.));
#13592=DIRECTION('',(0.,0.,1.));
#13593=DIRECTION('',(-1.,0.,0.));
#13594=DIRECTION('',(0.,0.,-1.));
#13595=DIRECTION('',(1.,0.,0.));
#13596=DIRECTION('',(0.,0.,1.));
#13597=DIRECTION('',(0.,1.,0.));
#13598=DIRECTION('',(0.,0.,1.));
#13599=DIRECTION('',(-1.,0.,0.));
#13600=DIRECTION('',(0.,0.,-1.));
#13601=DIRECTION('',(1.,0.,0.));
#13602=DIRECTION('',(0.,0.,1.));
#13603=DIRECTION('',(0.,1.,0.));
#13604=DIRECTION('',(0.,0.,1.));
#13605=DIRECTION('',(-1.,0.,0.));
#13606=DIRECTION('',(0.,0.,-1.));
#13607=DIRECTION('',(1.,0.,0.));
#13608=DIRECTION('',(0.,0.,1.));
#13609=DIRECTION('',(0.,1.,0.));
#13610=DIRECTION('',(0.,0.,1.));
#13611=DIRECTION('',(-1.,0.,0.));
#13612=DIRECTION('',(0.,0.,-1.));
#13613=DIRECTION('',(1.,0.,0.));
#13614=DIRECTION('',(0.,0.,1.));
#13615=DIRECTION('',(0.,1.,0.));
#13616=DIRECTION('',(0.,0.,1.));
#13617=DIRECTION('',(-1.,0.,0.));
#13618=DIRECTION('',(0.,0.,-1.));
#13619=DIRECTION('',(1.,0.,0.));
#13620=DIRECTION('',(0.,0.,1.));
#13621=DIRECTION('',(0.,1.,0.));
#13622=DIRECTION('',(0.,0.,1.));
#13623=DIRECTION('',(-1.,0.,0.));
#13624=DIRECTION('',(0.,0.,-1.));
#13625=DIRECTION('',(1.,0.,0.));
#13626=DIRECTION('',(0.,0.,1.));
#13627=DIRECTION('',(0.,1.,0.));
#13628=DIRECTION('',(0.,0.,1.));
#13629=DIRECTION('',(-1.,0.,0.));
#13630=DIRECTION('',(0.,0.,-1.));
#13631=DIRECTION('',(1.,0.,0.));
#13632=DIRECTION('',(0.,0.,1.));
#13633=DIRECTION('',(0.,1.,0.));
#13634=DIRECTION('',(0.,0.,1.));
#13635=DIRECTION('',(-1.,0.,0.));
#13636=DIRECTION('',(0.,0.,-1.));
#13637=DIRECTION('',(1.,0.,0.));
#13638=DIRECTION('',(0.,0.,1.));
#13639=DIRECTION('',(0.,1.,0.));
#13640=DIRECTION('',(0.,0.,1.));
#13641=DIRECTION('',(-1.,0.,0.));
#13642=DIRECTION('',(0.,0.,-1.));
#13643=DIRECTION('',(1.,0.,0.));
#13644=DIRECTION('',(0.,0.,1.));
#13645=DIRECTION('',(0.,1.,0.));
#13646=DIRECTION('',(0.,0.,1.));
#13647=DIRECTION('',(-1.,0.,0.));
#13648=DIRECTION('',(0.,0.,-1.));
#13649=DIRECTION('',(1.,0.,0.));
#13650=DIRECTION('',(0.,0.,1.));
#13651=DIRECTION('',(-0.939692620785908,-0.34202014332567,0.));
#13652=DIRECTION('',(0.34202014332567,-0.939692620785908,0.));
#13653=DIRECTION('',(0.,0.,-1.));
#13654=DIRECTION('',(0.323615577118186,-0.889126490715988,0.323615577118184));
#13655=DIRECTION('',(-0.323615577118186,0.889126490715988,0.323615577118185));
#13656=DIRECTION('',(0.939692620785909,-0.342020143325668,0.));
#13657=DIRECTION('',(0.342020143325668,0.939692620785909,0.));
#13658=DIRECTION('',(0.323615577118184,0.889126490715989,-0.323615577118184));
#13659=DIRECTION('',(0.,0.,-1.));
#13660=DIRECTION('',(-0.323615577118184,-0.889126490715989,-0.323615577118185));
#13661=DIRECTION('',(-0.939692620785908,-0.34202014332567,0.));
#13662=DIRECTION('',(0.34202014332567,-0.939692620785908,0.));
#13663=DIRECTION('',(0.,0.,-1.));
#13664=DIRECTION('',(0.323615577118186,-0.889126490715988,0.323615577118184));
#13665=DIRECTION('',(-0.323615577118186,0.889126490715988,0.323615577118185));
#13666=DIRECTION('',(0.939692620785909,-0.342020143325666,0.));
#13667=DIRECTION('',(0.342020143325666,0.93969262078591,0.));
#13668=DIRECTION('',(0.323615577118182,0.889126490715989,-0.323615577118184));
#13669=DIRECTION('',(0.,0.,-1.));
#13670=DIRECTION('',(-0.323615577118182,-0.889126490715989,-0.323615577118186));
#13671=DIRECTION('',(-0.939692620785908,-0.34202014332567,0.));
#13672=DIRECTION('',(0.34202014332567,-0.939692620785908,0.));
#13673=DIRECTION('',(0.,0.,-1.));
#13674=DIRECTION('',(0.323615577118186,-0.889126490715988,0.323615577118184));
#13675=DIRECTION('',(-0.323615577118186,0.889126490715988,0.323615577118185));
#13676=DIRECTION('',(0.939692620785909,-0.342020143325666,0.));
#13677=DIRECTION('',(0.342020143325666,0.93969262078591,0.));
#13678=DIRECTION('',(0.323615577118182,0.889126490715989,-0.323615577118184));
#13679=DIRECTION('',(0.,0.,-1.));
#13680=DIRECTION('',(-0.323615577118182,-0.889126490715989,-0.323615577118185));
#13681=DIRECTION('',(-0.939692620785908,-0.34202014332567,0.));
#13682=DIRECTION('',(0.34202014332567,-0.939692620785908,0.));
#13683=DIRECTION('',(0.,0.,-1.));
#13684=DIRECTION('',(0.323615577118186,-0.889126490715988,0.323615577118184));
#13685=DIRECTION('',(-0.323615577118186,0.889126490715988,0.323615577118185));
#13686=DIRECTION('',(0.939692620785909,-0.342020143325667,0.));
#13687=DIRECTION('',(0.342020143325667,0.939692620785909,0.));
#13688=DIRECTION('',(0.323615577118183,0.889126490715989,-0.323615577118184));
#13689=DIRECTION('',(0.,0.,-1.));
#13690=DIRECTION('',(-0.323615577118183,-0.889126490715989,-0.323615577118185));
#13691=DIRECTION('',(-0.939692620785908,-0.34202014332567,0.));
#13692=DIRECTION('',(0.34202014332567,-0.939692620785908,0.));
#13693=DIRECTION('',(0.,0.,-1.));
#13694=DIRECTION('',(0.323615577118186,-0.889126490715988,0.323615577118184));
#13695=DIRECTION('',(-0.323615577118186,0.889126490715988,0.323615577118185));
#13696=DIRECTION('',(0.939692620785909,-0.342020143325667,0.));
#13697=DIRECTION('',(0.342020143325667,0.939692620785909,0.));
#13698=DIRECTION('',(0.323615577118183,0.889126490715989,-0.323615577118184));
#13699=DIRECTION('',(0.,0.,-1.));
#13700=DIRECTION('',(-0.323615577118183,-0.889126490715989,-0.323615577118185));
#13701=DIRECTION('',(-0.939692620785908,-0.342020143325669,0.));
#13702=DIRECTION('',(0.342020143325669,-0.939692620785909,0.));
#13703=DIRECTION('',(0.,0.,-1.));
#13704=DIRECTION('',(0.323615577118185,-0.889126490715988,0.323615577118184));
#13705=DIRECTION('',(-0.323615577118185,0.889126490715988,0.323615577118185));
#13706=DIRECTION('',(0.939692620785909,-0.342020143325667,0.));
#13707=DIRECTION('',(0.342020143325667,0.939692620785909,0.));
#13708=DIRECTION('',(0.323615577118183,0.889126490715989,-0.323615577118184));
#13709=DIRECTION('',(0.,0.,-1.));
#13710=DIRECTION('',(-0.323615577118183,-0.889126490715989,-0.323615577118185));
#13711=DIRECTION('',(-0.939692620785908,-0.342020143325669,0.));
#13712=DIRECTION('',(0.342020143325669,-0.939692620785909,0.));
#13713=DIRECTION('',(0.,0.,-1.));
#13714=DIRECTION('',(0.323615577118185,-0.889126490715988,0.323615577118184));
#13715=DIRECTION('',(-0.323615577118185,0.889126490715988,0.323615577118185));
#13716=DIRECTION('',(0.939692620785909,-0.342020143325667,0.));
#13717=DIRECTION('',(0.342020143325667,0.939692620785909,0.));
#13718=DIRECTION('',(0.323615577118183,0.889126490715989,-0.323615577118184));
#13719=DIRECTION('',(0.,0.,-1.));
#13720=DIRECTION('',(-0.323615577118183,-0.889126490715989,-0.323615577118185));
#13721=DIRECTION('',(-0.939692620785908,-0.342020143325669,0.));
#13722=DIRECTION('',(0.342020143325669,-0.939692620785908,0.));
#13723=DIRECTION('',(0.,0.,-1.));
#13724=DIRECTION('',(0.323615577118185,-0.889126490715988,0.323615577118184));
#13725=DIRECTION('',(-0.323615577118185,0.889126490715988,0.323615577118185));
#13726=DIRECTION('',(0.939692620785909,-0.342020143325667,0.));
#13727=DIRECTION('',(0.342020143325667,0.939692620785909,0.));
#13728=DIRECTION('',(0.323615577118183,0.889126490715989,-0.323615577118184));
#13729=DIRECTION('',(0.,0.,-1.));
#13730=DIRECTION('',(-0.323615577118183,-0.889126490715989,-0.323615577118185));
#13731=DIRECTION('',(-0.939692620785908,-0.342020143325669,0.));
#13732=DIRECTION('',(0.342020143325669,-0.939692620785908,0.));
#13733=DIRECTION('',(0.,0.,-1.));
#13734=DIRECTION('',(0.323615577118185,-0.889126490715988,0.323615577118184));
#13735=DIRECTION('',(-0.323615577118185,0.889126490715988,0.323615577118185));
#13736=DIRECTION('',(0.939692620785909,-0.342020143325667,0.));
#13737=DIRECTION('',(0.342020143325667,0.939692620785909,0.));
#13738=DIRECTION('',(0.323615577118183,0.889126490715989,-0.323615577118184));
#13739=DIRECTION('',(0.,0.,-1.));
#13740=DIRECTION('',(-0.323615577118183,-0.889126490715989,-0.323615577118185));
#13741=DIRECTION('',(-0.939692620785908,-0.34202014332567,0.));
#13742=DIRECTION('',(0.34202014332567,-0.939692620785908,0.));
#13743=DIRECTION('',(0.,0.,-1.));
#13744=DIRECTION('',(0.323615577118186,-0.889126490715988,0.323615577118184));
#13745=DIRECTION('',(-0.323615577118186,0.889126490715988,0.323615577118185));
#13746=DIRECTION('',(0.939692620785909,-0.342020143325666,0.));
#13747=DIRECTION('',(0.342020143325666,0.93969262078591,0.));
#13748=DIRECTION('',(0.323615577118182,0.889126490715989,-0.323615577118184));
#13749=DIRECTION('',(0.,0.,-1.));
#13750=DIRECTION('',(-0.323615577118182,-0.889126490715989,-0.323615577118185));
#13751=DIRECTION('',(-0.939692620785908,-0.34202014332567,0.));
#13752=DIRECTION('',(0.34202014332567,-0.939692620785908,0.));
#13753=DIRECTION('',(0.,0.,-1.));
#13754=DIRECTION('',(0.323615577118186,-0.889126490715988,0.323615577118184));
#13755=DIRECTION('',(-0.323615577118186,0.889126490715988,0.323615577118185));
#13756=DIRECTION('',(0.939692620785909,-0.342020143325666,0.));
#13757=DIRECTION('',(0.342020143325666,0.93969262078591,0.));
#13758=DIRECTION('',(0.323615577118182,0.889126490715989,-0.323615577118184));
#13759=DIRECTION('',(0.,0.,-1.));
#13760=DIRECTION('',(-0.323615577118182,-0.889126490715989,-0.323615577118185));
#13761=DIRECTION('',(-0.939692620785908,-0.34202014332567,0.));
#13762=DIRECTION('',(0.34202014332567,-0.939692620785908,0.));
#13763=DIRECTION('',(0.,0.,-1.));
#13764=DIRECTION('',(0.323615577118186,-0.889126490715988,0.323615577118184));
#13765=DIRECTION('',(-0.323615577118186,0.889126490715988,0.323615577118185));
#13766=DIRECTION('',(0.939692620785909,-0.342020143325666,0.));
#13767=DIRECTION('',(0.342020143325666,0.93969262078591,0.));
#13768=DIRECTION('',(0.323615577118182,0.889126490715989,-0.323615577118184));
#13769=DIRECTION('',(0.,0.,-1.));
#13770=DIRECTION('',(-0.323615577118182,-0.889126490715989,-0.323615577118185));
#13771=DIRECTION('',(-0.939692620785908,-0.34202014332567,0.));
#13772=DIRECTION('',(0.34202014332567,-0.939692620785908,0.));
#13773=DIRECTION('',(0.,0.,-1.));
#13774=DIRECTION('',(0.323615577118186,-0.889126490715988,0.323615577118184));
#13775=DIRECTION('',(-0.323615577118186,0.889126490715988,0.323615577118185));
#13776=DIRECTION('',(0.939692620785909,-0.342020143325666,0.));
#13777=DIRECTION('',(0.342020143325666,0.93969262078591,0.));
#13778=DIRECTION('',(0.323615577118182,0.889126490715989,-0.323615577118184));
#13779=DIRECTION('',(0.,0.,-1.));
#13780=DIRECTION('',(-0.323615577118182,-0.889126490715989,-0.323615577118185));
#13781=DIRECTION('',(-0.939692620785908,-0.342020143325669,0.));
#13782=DIRECTION('',(0.342020143325669,-0.939692620785908,0.));
#13783=DIRECTION('',(0.,0.,-1.));
#13784=DIRECTION('',(0.323615577118185,-0.889126490715988,0.323615577118184));
#13785=DIRECTION('',(-0.323615577118185,0.889126490715988,0.323615577118185));
#13786=DIRECTION('',(0.939692620785909,-0.342020143325666,0.));
#13787=DIRECTION('',(0.342020143325666,0.93969262078591,0.));
#13788=DIRECTION('',(0.323615577118182,0.889126490715989,-0.323615577118184));
#13789=DIRECTION('',(0.,0.,-1.));
#13790=DIRECTION('',(-0.323615577118182,-0.889126490715989,-0.323615577118185));
#13791=DIRECTION('',(-0.939692620785908,-0.342020143325669,0.));
#13792=DIRECTION('',(0.342020143325669,-0.939692620785908,0.));
#13793=DIRECTION('',(0.,0.,-1.));
#13794=DIRECTION('',(0.323615577118185,-0.889126490715988,0.323615577118184));
#13795=DIRECTION('',(-0.323615577118185,0.889126490715988,0.323615577118185));
#13796=DIRECTION('',(0.939692620785909,-0.342020143325666,0.));
#13797=DIRECTION('',(0.342020143325666,0.93969262078591,0.));
#13798=DIRECTION('',(0.323615577118182,0.889126490715989,-0.323615577118184));
#13799=DIRECTION('',(0.,0.,-1.));
#13800=DIRECTION('',(-0.323615577118182,-0.889126490715989,-0.323615577118185));
#13801=DIRECTION('',(-0.939692620785908,-0.34202014332567,0.));
#13802=DIRECTION('',(0.34202014332567,-0.939692620785908,0.));
#13803=DIRECTION('',(0.,0.,-1.));
#13804=DIRECTION('',(0.323615577118186,-0.889126490715988,0.323615577118184));
#13805=DIRECTION('',(-0.323615577118186,0.889126490715988,0.323615577118185));
#13806=DIRECTION('',(0.939692620785909,-0.342020143325666,0.));
#13807=DIRECTION('',(0.342020143325666,0.93969262078591,0.));
#13808=DIRECTION('',(0.323615577118182,0.889126490715989,-0.323615577118184));
#13809=DIRECTION('',(0.,0.,-1.));
#13810=DIRECTION('',(-0.323615577118182,-0.889126490715989,-0.323615577118186));
#13811=DIRECTION('',(-0.939692620785908,-0.34202014332567,0.));
#13812=DIRECTION('',(0.34202014332567,-0.939692620785908,0.));
#13813=DIRECTION('',(0.,0.,-1.));
#13814=DIRECTION('',(0.323615577118186,-0.889126490715988,0.323615577118184));
#13815=DIRECTION('',(-0.323615577118186,0.889126490715988,0.323615577118185));
#13816=DIRECTION('',(0.939692620785909,-0.342020143325666,0.));
#13817=DIRECTION('',(0.342020143325666,0.93969262078591,0.));
#13818=DIRECTION('',(0.323615577118182,0.889126490715989,-0.323615577118184));
#13819=DIRECTION('',(0.,0.,-1.));
#13820=DIRECTION('',(-0.323615577118182,-0.889126490715989,-0.323615577118185));
#13821=DIRECTION('',(-0.939692620785908,-0.34202014332567,0.));
#13822=DIRECTION('',(0.34202014332567,-0.939692620785908,0.));
#13823=DIRECTION('',(0.,0.,-1.));
#13824=DIRECTION('',(0.323615577118186,-0.889126490715988,0.323615577118184));
#13825=DIRECTION('',(-0.323615577118186,0.889126490715988,0.323615577118185));
#13826=DIRECTION('',(0.939692620785909,-0.342020143325666,0.));
#13827=DIRECTION('',(0.342020143325666,0.93969262078591,0.));
#13828=DIRECTION('',(0.323615577118182,0.889126490715989,-0.323615577118184));
#13829=DIRECTION('',(0.,0.,-1.));
#13830=DIRECTION('',(-0.323615577118182,-0.889126490715989,-0.323615577118186));
#13831=DIRECTION('',(-0.939692620785908,-0.34202014332567,0.));
#13832=DIRECTION('',(0.34202014332567,-0.939692620785908,0.));
#13833=DIRECTION('',(0.,0.,-1.));
#13834=DIRECTION('',(0.323615577118186,-0.889126490715988,0.323615577118184));
#13835=DIRECTION('',(-0.323615577118186,0.889126490715988,0.323615577118185));
#13836=DIRECTION('',(0.939692620785909,-0.342020143325666,0.));
#13837=DIRECTION('',(0.342020143325666,0.93969262078591,0.));
#13838=DIRECTION('',(0.323615577118182,0.889126490715989,-0.323615577118184));
#13839=DIRECTION('',(0.,0.,-1.));
#13840=DIRECTION('',(-0.323615577118182,-0.889126490715989,-0.323615577118185));
#13841=DIRECTION('',(-0.939692620785908,-0.34202014332567,0.));
#13842=DIRECTION('',(0.34202014332567,-0.939692620785908,0.));
#13843=DIRECTION('',(0.,0.,-1.));
#13844=DIRECTION('',(0.323615577118186,-0.889126490715988,0.323615577118184));
#13845=DIRECTION('',(-0.323615577118186,0.889126490715988,0.323615577118185));
#13846=DIRECTION('',(0.939692620785909,-0.342020143325668,0.));
#13847=DIRECTION('',(0.342020143325668,0.939692620785909,0.));
#13848=DIRECTION('',(0.323615577118184,0.889126490715989,-0.323615577118184));
#13849=DIRECTION('',(0.,0.,-1.));
#13850=DIRECTION('',(-0.323615577118184,-0.889126490715989,-0.323615577118185));
#13851=DIRECTION('',(1.,0.,0.));
#13852=DIRECTION('',(0.,0.,-1.));
#13853=DIRECTION('',(0.,0.,-1.));
#13854=DIRECTION('',(1.,0.,0.));
#13855=DIRECTION('',(0.,0.,-1.));
#13856=DIRECTION('',(0.,0.,-1.));
#13857=DIRECTION('',(1.,0.,0.));
#13858=DIRECTION('',(0.,0.,-1.));
#13859=DIRECTION('',(0.,0.,-1.));
#13860=DIRECTION('',(1.,0.,0.));
#13861=DIRECTION('',(0.,0.,-1.));
#13862=DIRECTION('',(0.,0.,-1.));
#13863=DIRECTION('',(1.,0.,0.));
#13864=DIRECTION('',(0.,0.,-1.));
#13865=DIRECTION('',(0.,0.,-1.));
#13866=DIRECTION('',(1.,0.,0.));
#13867=DIRECTION('',(0.,0.,-1.));
#13868=DIRECTION('',(0.,0.,-1.));
#13869=DIRECTION('',(1.,0.,0.));
#13870=DIRECTION('',(0.,0.,-1.));
#13871=DIRECTION('',(0.,0.,-1.));
#13872=DIRECTION('',(1.,0.,0.));
#13873=DIRECTION('',(0.,0.,-1.));
#13874=DIRECTION('',(0.,0.,-1.));
#13875=DIRECTION('',(1.,0.,0.));
#13876=DIRECTION('',(0.,0.,-1.));
#13877=DIRECTION('',(0.,0.,-1.));
#13878=DIRECTION('',(1.,0.,0.));
#13879=DIRECTION('',(0.,0.,-1.));
#13880=DIRECTION('',(0.,0.,-1.));
#13881=DIRECTION('',(1.,0.,0.));
#13882=DIRECTION('',(0.,0.,-1.));
#13883=DIRECTION('',(0.,0.,-1.));
#13884=DIRECTION('',(1.,0.,0.));
#13885=DIRECTION('',(0.,0.,-1.));
#13886=DIRECTION('',(0.,0.,-1.));
#13887=DIRECTION('',(1.,0.,0.));
#13888=DIRECTION('',(0.,0.,-1.));
#13889=DIRECTION('',(0.,0.,-1.));
#13890=DIRECTION('',(1.,0.,0.));
#13891=DIRECTION('',(0.,0.,-1.));
#13892=DIRECTION('',(0.,0.,-1.));
#13893=DIRECTION('',(1.,0.,0.));
#13894=DIRECTION('',(0.,0.,-1.));
#13895=DIRECTION('',(0.,0.,-1.));
#13896=DIRECTION('',(1.,0.,0.));
#13897=DIRECTION('',(0.,0.,-1.));
#13898=DIRECTION('',(0.,0.,-1.));
#13899=DIRECTION('',(1.,0.,0.));
#13900=DIRECTION('',(0.,0.,-1.));
#13901=DIRECTION('',(0.,0.,-1.));
#13902=DIRECTION('',(1.,0.,0.));
#13903=DIRECTION('',(0.,0.,-1.));
#13904=DIRECTION('',(0.,0.,-1.));
#13905=DIRECTION('',(1.,0.,0.));
#13906=DIRECTION('',(0.,0.,-1.));
#13907=DIRECTION('',(0.,0.,-1.));
#13908=DIRECTION('',(1.,0.,0.));
#13909=DIRECTION('',(0.,0.,-1.));
#13910=DIRECTION('',(0.,0.,-1.));
#13911=DIRECTION('',(-1.,0.,0.));
#13912=DIRECTION('',(0.,0.,1.));
#13913=DIRECTION('',(0.,0.,1.));
#13914=DIRECTION('',(-1.,0.,0.));
#13915=DIRECTION('',(0.,0.,1.));
#13916=DIRECTION('',(0.,0.,1.));
#13917=DIRECTION('',(-1.,0.,0.));
#13918=DIRECTION('',(0.,0.,1.));
#13919=DIRECTION('',(0.,0.,1.));
#13920=DIRECTION('',(-1.,0.,0.));
#13921=DIRECTION('',(0.,0.,1.));
#13922=DIRECTION('',(0.,0.,1.));
#13923=DIRECTION('',(-1.,0.,0.));
#13924=DIRECTION('',(0.,0.,1.));
#13925=DIRECTION('',(0.,0.,1.));
#13926=DIRECTION('',(-1.,0.,0.));
#13927=DIRECTION('',(0.,0.,1.));
#13928=DIRECTION('',(0.,0.,1.));
#13929=DIRECTION('',(-1.,0.,0.));
#13930=DIRECTION('',(0.,0.,1.));
#13931=DIRECTION('',(0.,0.,1.));
#13932=DIRECTION('',(-1.,0.,0.));
#13933=DIRECTION('',(0.,0.,1.));
#13934=DIRECTION('',(0.,0.,1.));
#13935=DIRECTION('',(-1.,0.,0.));
#13936=DIRECTION('',(0.,0.,1.));
#13937=DIRECTION('',(0.,0.,1.));
#13938=DIRECTION('',(-1.,0.,0.));
#13939=DIRECTION('',(0.,0.,1.));
#13940=DIRECTION('',(0.,0.,1.));
#13941=DIRECTION('',(-1.,0.,0.));
#13942=DIRECTION('',(0.,0.,1.));
#13943=DIRECTION('',(0.,0.,1.));
#13944=DIRECTION('',(-1.,0.,0.));
#13945=DIRECTION('',(0.,0.,1.));
#13946=DIRECTION('',(0.,0.,1.));
#13947=DIRECTION('',(-1.,0.,0.));
#13948=DIRECTION('',(0.,0.,1.));
#13949=DIRECTION('',(0.,0.,1.));
#13950=DIRECTION('',(-1.,0.,0.));
#13951=DIRECTION('',(0.,0.,1.));
#13952=DIRECTION('',(0.,0.,1.));
#13953=DIRECTION('',(-1.,0.,0.));
#13954=DIRECTION('',(0.,0.,1.));
#13955=DIRECTION('',(0.,0.,1.));
#13956=DIRECTION('',(-1.,0.,0.));
#13957=DIRECTION('',(0.,0.,1.));
#13958=DIRECTION('',(0.,0.,1.));
#13959=DIRECTION('',(-1.,0.,0.));
#13960=DIRECTION('',(0.,0.,1.));
#13961=DIRECTION('',(0.,0.,1.));
#13962=DIRECTION('',(-1.,0.,0.));
#13963=DIRECTION('',(0.,0.,1.));
#13964=DIRECTION('',(0.,0.,1.));
#13965=DIRECTION('',(-1.,0.,0.));
#13966=DIRECTION('',(0.,0.,1.));
#13967=DIRECTION('',(0.,0.,1.));
#13968=DIRECTION('',(-1.,0.,0.));
#13969=DIRECTION('',(0.,0.,1.));
#13970=DIRECTION('',(0.,0.,1.));
#13971=DIRECTION('',(0.,0.,1.));
#13972=DIRECTION('',(1.,0.,0.));
#13973=DIRECTION('',(-1.,0.,0.));
#13974=DIRECTION('',(0.,-1.,0.));
#13975=DIRECTION('',(-1.,0.,0.));
#13976=DIRECTION('',(0.,-1.,0.));
#13977=DIRECTION('',(1.,0.,0.));
#13978=DIRECTION('',(0.,0.,-1.));
#13979=DIRECTION('',(0.,0.,1.));
#13980=DIRECTION('',(0.,0.,1.));
#13981=DIRECTION('',(0.,-1.,0.));
#13982=DIRECTION('',(0.,0.,-1.));
#13983=DIRECTION('',(-1.,0.,0.));
#13984=DIRECTION('',(1.,0.,0.));
#13985=DIRECTION('',(1.,0.,0.));
#13986=DIRECTION('',(0.,-1.,0.));
#13987=DIRECTION('',(-1.,0.,0.));
#13988=DIRECTION('',(0.,0.,1.));
#13989=DIRECTION('',(0.,0.,-1.));
#13990=DIRECTION('',(0.,0.,-1.));
#13991=DIRECTION('',(0.,1.,0.));
#13992=DIRECTION('',(0.,0.,1.));
#13993=DIRECTION('',(0.,1.,0.));
#13994=DIRECTION('',(0.,0.,1.));
#13995=DIRECTION('',(0.,-0.342020143325669,0.939692620785908));
#13996=DIRECTION('',(0.,-0.939692620785908,-0.342020143325669));
#13997=DIRECTION('',(0.,-0.342020143325668,-0.939692620785909));
#13998=DIRECTION('',(0.,0.939692620785909,-0.342020143325668));
#13999=DIRECTION('',(0.,-0.342020143325669,0.939692620785908));
#14000=DIRECTION('',(0.,-0.939692620785908,-0.342020143325669));
#14001=DIRECTION('',(0.,-0.342020143325668,-0.939692620785909));
#14002=DIRECTION('',(0.,0.939692620785909,-0.342020143325668));
#14003=DIRECTION('',(0.,-0.342020143325669,0.939692620785908));
#14004=DIRECTION('',(0.,-0.939692620785908,-0.342020143325669));
#14005=DIRECTION('',(0.,-0.342020143325668,-0.939692620785909));
#14006=DIRECTION('',(0.,0.939692620785909,-0.342020143325668));
#14007=DIRECTION('',(0.,-0.342020143325669,0.939692620785908));
#14008=DIRECTION('',(0.,-0.939692620785908,-0.342020143325669));
#14009=DIRECTION('',(0.,-0.342020143325668,-0.939692620785909));
#14010=DIRECTION('',(0.,0.939692620785909,-0.342020143325668));
#14011=DIRECTION('',(0.,-0.342020143325669,0.939692620785908));
#14012=DIRECTION('',(0.,-0.939692620785908,-0.342020143325669));
#14013=DIRECTION('',(0.,-0.342020143325668,-0.939692620785909));
#14014=DIRECTION('',(0.,0.939692620785909,-0.342020143325668));
#14015=DIRECTION('',(0.,-0.342020143325669,0.939692620785908));
#14016=DIRECTION('',(0.,-0.939692620785908,-0.342020143325669));
#14017=DIRECTION('',(0.,-0.342020143325668,-0.939692620785909));
#14018=DIRECTION('',(0.,0.939692620785909,-0.342020143325668));
#14019=DIRECTION('',(0.,-0.342020143325669,0.939692620785908));
#14020=DIRECTION('',(0.,-0.939692620785908,-0.342020143325669));
#14021=DIRECTION('',(0.,-0.342020143325668,-0.939692620785909));
#14022=DIRECTION('',(0.,0.939692620785909,-0.342020143325668));
#14023=DIRECTION('',(0.,-0.342020143325669,0.939692620785908));
#14024=DIRECTION('',(0.,-0.939692620785908,-0.342020143325669));
#14025=DIRECTION('',(0.,-0.342020143325668,-0.939692620785909));
#14026=DIRECTION('',(0.,0.939692620785909,-0.342020143325668));
#14027=DIRECTION('',(0.,-0.342020143325669,0.939692620785908));
#14028=DIRECTION('',(0.,-0.939692620785908,-0.342020143325669));
#14029=DIRECTION('',(0.,-0.342020143325668,-0.939692620785909));
#14030=DIRECTION('',(0.,0.939692620785909,-0.342020143325668));
#14031=DIRECTION('',(0.,-0.342020143325669,0.939692620785908));
#14032=DIRECTION('',(0.,-0.939692620785908,-0.342020143325669));
#14033=DIRECTION('',(0.,-0.342020143325668,-0.939692620785909));
#14034=DIRECTION('',(0.,0.939692620785909,-0.342020143325668));
#14035=DIRECTION('',(0.,-0.342020143325669,0.939692620785908));
#14036=DIRECTION('',(0.,-0.939692620785908,-0.342020143325669));
#14037=DIRECTION('',(0.,-0.342020143325668,-0.939692620785909));
#14038=DIRECTION('',(0.,0.939692620785909,-0.342020143325668));
#14039=DIRECTION('',(0.,-0.342020143325669,0.939692620785908));
#14040=DIRECTION('',(0.,-0.939692620785908,-0.342020143325669));
#14041=DIRECTION('',(0.,-0.342020143325668,-0.939692620785909));
#14042=DIRECTION('',(0.,0.939692620785909,-0.342020143325668));
#14043=DIRECTION('',(0.,-0.342020143325669,0.939692620785908));
#14044=DIRECTION('',(0.,-0.939692620785908,-0.342020143325669));
#14045=DIRECTION('',(0.,-0.342020143325668,-0.939692620785909));
#14046=DIRECTION('',(0.,0.939692620785909,-0.342020143325668));
#14047=DIRECTION('',(0.,-0.342020143325669,0.939692620785908));
#14048=DIRECTION('',(0.,-0.939692620785908,-0.342020143325669));
#14049=DIRECTION('',(0.,-0.342020143325668,-0.939692620785909));
#14050=DIRECTION('',(0.,0.939692620785909,-0.342020143325668));
#14051=DIRECTION('',(0.,-0.342020143325669,0.939692620785908));
#14052=DIRECTION('',(0.,-0.939692620785908,-0.342020143325669));
#14053=DIRECTION('',(0.,-0.342020143325668,-0.939692620785909));
#14054=DIRECTION('',(0.,0.939692620785909,-0.342020143325668));
#14055=DIRECTION('',(0.,-0.342020143325669,0.939692620785908));
#14056=DIRECTION('',(0.,-0.939692620785908,-0.342020143325669));
#14057=DIRECTION('',(0.,-0.342020143325668,-0.939692620785909));
#14058=DIRECTION('',(0.,0.939692620785909,-0.342020143325668));
#14059=DIRECTION('',(0.,-0.342020143325669,0.939692620785908));
#14060=DIRECTION('',(0.,-0.939692620785908,-0.342020143325669));
#14061=DIRECTION('',(0.,-0.342020143325668,-0.939692620785909));
#14062=DIRECTION('',(0.,0.939692620785909,-0.342020143325668));
#14063=DIRECTION('',(0.,-0.342020143325669,0.939692620785908));
#14064=DIRECTION('',(0.,-0.939692620785908,-0.342020143325669));
#14065=DIRECTION('',(0.,-0.342020143325668,-0.939692620785909));
#14066=DIRECTION('',(0.,0.939692620785909,-0.342020143325668));
#14067=DIRECTION('',(0.,-0.342020143325669,0.939692620785908));
#14068=DIRECTION('',(0.,-0.939692620785908,-0.342020143325669));
#14069=DIRECTION('',(0.,-0.342020143325668,-0.939692620785909));
#14070=DIRECTION('',(0.,0.939692620785909,-0.342020143325668));
#14071=DIRECTION('',(0.,-0.342020143325669,0.939692620785908));
#14072=DIRECTION('',(0.,-0.939692620785908,-0.342020143325669));
#14073=DIRECTION('',(0.,-0.342020143325668,-0.939692620785909));
#14074=DIRECTION('',(0.,0.939692620785909,-0.342020143325668));
#14075=DIRECTION('',(-0.998205960374807,0.0598737060169984,0.));
#14076=DIRECTION('',(-0.0598737060169984,-0.998205960374807,0.));
#14077=DIRECTION('',(0.,0.,-1.));
#14078=DIRECTION('',(0.998205960374807,0.0598737060169984,0.));
#14079=DIRECTION('',(-0.0598737060169984,0.998205960374807,0.));
#14080=DIRECTION('',(0.,0.,-1.));
#14081=DIRECTION('',(-0.866025403784438,0.500000000000002,0.));
#14082=DIRECTION('',(-0.500000000000002,-0.866025403784438,0.));
#14083=DIRECTION('',(0.,0.,-1.));
#14084=DIRECTION('',(-0.998989004852543,-0.0449551797207578,0.));
#14085=DIRECTION('',(0.0449551797207578,-0.998989004852543,0.));
#14086=DIRECTION('',(0.,0.,-1.));
#14087=DIRECTION('',(0.,0.,-1.));
#14088=DIRECTION('',(-1.,0.,0.));
#14089=DIRECTION('',(0.,0.,-1.));
#14090=DIRECTION('',(0.998989004852543,-0.0449551797207578,0.));
#14091=DIRECTION('',(0.0449551797207578,0.998989004852543,0.));
#14092=DIRECTION('',(0.,0.,-1.));
#14093=DIRECTION('',(0.866025403784438,0.500000000000002,0.));
#14094=DIRECTION('',(-0.500000000000002,0.866025403784438,0.));
#14095=DIRECTION('',(-0.998205960374807,0.0598737060169984,0.));
#14096=DIRECTION('',(-0.0598737060169984,-0.998205960374807,0.));
#14097=DIRECTION('',(0.,0.,-1.));
#14098=DIRECTION('',(0.998205960374807,0.0598737060169984,0.));
#14099=DIRECTION('',(-0.0598737060169984,0.998205960374807,0.));
#14100=DIRECTION('',(0.,0.,-1.));
#14101=DIRECTION('',(-0.866025403784438,0.500000000000002,0.));
#14102=DIRECTION('',(-0.500000000000002,-0.866025403784438,0.));
#14103=DIRECTION('',(0.,0.,-1.));
#14104=DIRECTION('',(-0.998989004852543,-0.0449551797207578,0.));
#14105=DIRECTION('',(0.0449551797207578,-0.998989004852543,0.));
#14106=DIRECTION('',(0.,0.,-1.));
#14107=DIRECTION('',(0.,0.,-1.));
#14108=DIRECTION('',(-1.,0.,0.));
#14109=DIRECTION('',(0.,0.,-1.));
#14110=DIRECTION('',(0.998989004852543,-0.0449551797207578,0.));
#14111=DIRECTION('',(0.0449551797207578,0.998989004852543,0.));
#14112=DIRECTION('',(0.,0.,-1.));
#14113=DIRECTION('',(0.866025403784438,0.500000000000002,0.));
#14114=DIRECTION('',(-0.500000000000002,0.866025403784438,0.));
#14115=DIRECTION('',(-0.998205960374807,0.0598737060169984,0.));
#14116=DIRECTION('',(-0.0598737060169984,-0.998205960374807,0.));
#14117=DIRECTION('',(0.,0.,-1.));
#14118=DIRECTION('',(0.998205960374807,0.0598737060169984,0.));
#14119=DIRECTION('',(-0.0598737060169984,0.998205960374807,0.));
#14120=DIRECTION('',(0.,0.,-1.));
#14121=DIRECTION('',(-0.866025403784438,0.500000000000002,0.));
#14122=DIRECTION('',(-0.500000000000002,-0.866025403784438,0.));
#14123=DIRECTION('',(0.,0.,-1.));
#14124=DIRECTION('',(-0.998989004852543,-0.0449551797207583,0.));
#14125=DIRECTION('',(0.0449551797207583,-0.998989004852543,0.));
#14126=DIRECTION('',(0.,0.,-1.));
#14127=DIRECTION('',(0.,0.,-1.));
#14128=DIRECTION('',(-1.,0.,0.));
#14129=DIRECTION('',(0.,0.,-1.));
#14130=DIRECTION('',(0.998989004852543,-0.0449551797207573,0.));
#14131=DIRECTION('',(0.0449551797207573,0.998989004852543,0.));
#14132=DIRECTION('',(0.,0.,-1.));
#14133=DIRECTION('',(0.866025403784439,0.499999999999999,0.));
#14134=DIRECTION('',(-0.499999999999999,0.866025403784439,0.));
#14135=DIRECTION('',(-0.998205960374807,0.0598737060169984,0.));
#14136=DIRECTION('',(-0.0598737060169984,-0.998205960374807,0.));
#14137=DIRECTION('',(0.,0.,-1.));
#14138=DIRECTION('',(0.998205960374807,0.0598737060169984,0.));
#14139=DIRECTION('',(-0.0598737060169984,0.998205960374807,0.));
#14140=DIRECTION('',(0.,0.,-1.));
#14141=DIRECTION('',(-0.866025403784438,0.500000000000002,0.));
#14142=DIRECTION('',(-0.500000000000002,-0.866025403784438,0.));
#14143=DIRECTION('',(0.,0.,-1.));
#14144=DIRECTION('',(-0.998989004852543,-0.0449551797207583,0.));
#14145=DIRECTION('',(0.0449551797207583,-0.998989004852543,0.));
#14146=DIRECTION('',(0.,0.,-1.));
#14147=DIRECTION('',(0.,0.,-1.));
#14148=DIRECTION('',(-1.,0.,0.));
#14149=DIRECTION('',(0.,0.,-1.));
#14150=DIRECTION('',(0.998989004852543,-0.0449551797207573,0.));
#14151=DIRECTION('',(0.0449551797207573,0.998989004852543,0.));
#14152=DIRECTION('',(0.,0.,-1.));
#14153=DIRECTION('',(0.866025403784439,0.499999999999999,0.));
#14154=DIRECTION('',(-0.499999999999999,0.866025403784439,0.));
#14155=DIRECTION('',(-0.998205960374807,0.0598737060169984,0.));
#14156=DIRECTION('',(-0.0598737060169984,-0.998205960374807,0.));
#14157=DIRECTION('',(0.,0.,-1.));
#14158=DIRECTION('',(0.998205960374807,0.0598737060169987,0.));
#14159=DIRECTION('',(-0.0598737060169987,0.998205960374807,0.));
#14160=DIRECTION('',(0.,0.,-1.));
#14161=DIRECTION('',(-0.866025403784439,0.499999999999999,0.));
#14162=DIRECTION('',(-0.499999999999999,-0.866025403784439,0.));
#14163=DIRECTION('',(0.,0.,-1.));
#14164=DIRECTION('',(-0.998989004852543,-0.0449551797207583,0.));
#14165=DIRECTION('',(0.0449551797207583,-0.998989004852543,0.));
#14166=DIRECTION('',(0.,0.,-1.));
#14167=DIRECTION('',(0.,0.,-1.));
#14168=DIRECTION('',(-1.,0.,0.));
#14169=DIRECTION('',(0.,0.,-1.));
#14170=DIRECTION('',(0.998989004852543,-0.0449551797207576,0.));
#14171=DIRECTION('',(0.0449551797207576,0.998989004852543,0.));
#14172=DIRECTION('',(0.,0.,-1.));
#14173=DIRECTION('',(0.866025403784438,0.500000000000002,0.));
#14174=DIRECTION('',(-0.500000000000002,0.866025403784438,0.));
#14175=DIRECTION('',(-0.998205960374807,0.0598737060169984,0.));
#14176=DIRECTION('',(-0.0598737060169984,-0.998205960374807,0.));
#14177=DIRECTION('',(0.,0.,-1.));
#14178=DIRECTION('',(0.998205960374807,0.0598737060169987,0.));
#14179=DIRECTION('',(-0.0598737060169987,0.998205960374807,0.));
#14180=DIRECTION('',(0.,0.,-1.));
#14181=DIRECTION('',(-0.866025403784439,0.499999999999999,0.));
#14182=DIRECTION('',(-0.499999999999999,-0.866025403784439,0.));
#14183=DIRECTION('',(0.,0.,-1.));
#14184=DIRECTION('',(-0.998989004852543,-0.0449551797207583,0.));
#14185=DIRECTION('',(0.0449551797207583,-0.998989004852543,0.));
#14186=DIRECTION('',(0.,0.,-1.));
#14187=DIRECTION('',(0.,0.,-1.));
#14188=DIRECTION('',(-1.,0.,0.));
#14189=DIRECTION('',(0.,0.,-1.));
#14190=DIRECTION('',(0.998989004852543,-0.0449551797207576,0.));
#14191=DIRECTION('',(0.0449551797207576,0.998989004852543,0.));
#14192=DIRECTION('',(0.,0.,-1.));
#14193=DIRECTION('',(0.866025403784438,0.500000000000002,0.));
#14194=DIRECTION('',(-0.500000000000002,0.866025403784438,0.));
#14195=DIRECTION('',(-0.998205960374807,0.0598737060169985,0.));
#14196=DIRECTION('',(-0.0598737060169985,-0.998205960374807,0.));
#14197=DIRECTION('',(0.,0.,-1.));
#14198=DIRECTION('',(0.998205960374807,0.0598737060169984,0.));
#14199=DIRECTION('',(-0.0598737060169984,0.998205960374807,0.));
#14200=DIRECTION('',(0.,0.,-1.));
#14201=DIRECTION('',(-0.866025403784438,0.5,0.));
#14202=DIRECTION('',(-0.500000000000001,-0.866025403784438,0.));
#14203=DIRECTION('',(0.,0.,-1.));
#14204=DIRECTION('',(-0.998989004852543,-0.0449551797207583,0.));
#14205=DIRECTION('',(0.0449551797207583,-0.998989004852543,0.));
#14206=DIRECTION('',(0.,0.,-1.));
#14207=DIRECTION('',(0.,0.,-1.));
#14208=DIRECTION('',(-1.,0.,0.));
#14209=DIRECTION('',(0.,0.,-1.));
#14210=DIRECTION('',(0.998989004852543,-0.0449551797207574,0.));
#14211=DIRECTION('',(0.0449551797207574,0.998989004852543,0.));
#14212=DIRECTION('',(0.,0.,-1.));
#14213=DIRECTION('',(0.866025403784438,0.5,0.));
#14214=DIRECTION('',(-0.500000000000001,0.866025403784438,0.));
#14215=DIRECTION('',(-0.998205960374807,0.0598737060169985,0.));
#14216=DIRECTION('',(-0.0598737060169985,-0.998205960374807,0.));
#14217=DIRECTION('',(0.,0.,-1.));
#14218=DIRECTION('',(0.998205960374807,0.0598737060169984,0.));
#14219=DIRECTION('',(-0.0598737060169984,0.998205960374807,0.));
#14220=DIRECTION('',(0.,0.,-1.));
#14221=DIRECTION('',(-0.866025403784438,0.5,0.));
#14222=DIRECTION('',(-0.500000000000001,-0.866025403784438,0.));
#14223=DIRECTION('',(0.,0.,-1.));
#14224=DIRECTION('',(-0.998989004852543,-0.0449551797207583,0.));
#14225=DIRECTION('',(0.0449551797207583,-0.998989004852543,0.));
#14226=DIRECTION('',(0.,0.,-1.));
#14227=DIRECTION('',(0.,0.,-1.));
#14228=DIRECTION('',(-1.,0.,0.));
#14229=DIRECTION('',(0.,0.,-1.));
#14230=DIRECTION('',(0.998989004852543,-0.0449551797207574,0.));
#14231=DIRECTION('',(0.0449551797207574,0.998989004852543,0.));
#14232=DIRECTION('',(0.,0.,-1.));
#14233=DIRECTION('',(0.866025403784438,0.5,0.));
#14234=DIRECTION('',(-0.500000000000001,0.866025403784438,0.));
#14235=DIRECTION('',(-0.998205960374807,0.0598737060169985,0.));
#14236=DIRECTION('',(-0.0598737060169985,-0.998205960374807,0.));
#14237=DIRECTION('',(0.,0.,-1.));
#14238=DIRECTION('',(0.998205960374807,0.0598737060169985,0.));
#14239=DIRECTION('',(-0.0598737060169985,0.998205960374807,0.));
#14240=DIRECTION('',(0.,0.,-1.));
#14241=DIRECTION('',(-0.866025403784438,0.500000000000001,0.));
#14242=DIRECTION('',(-0.500000000000001,-0.866025403784438,0.));
#14243=DIRECTION('',(0.,0.,-1.));
#14244=DIRECTION('',(-0.998989004852543,-0.0449551797207583,0.));
#14245=DIRECTION('',(0.0449551797207583,-0.998989004852543,0.));
#14246=DIRECTION('',(0.,0.,-1.));
#14247=DIRECTION('',(0.,0.,-1.));
#14248=DIRECTION('',(-1.,0.,0.));
#14249=DIRECTION('',(0.,0.,-1.));
#14250=DIRECTION('',(0.998989004852543,-0.0449551797207575,0.));
#14251=DIRECTION('',(0.0449551797207575,0.998989004852543,0.));
#14252=DIRECTION('',(0.,0.,-1.));
#14253=DIRECTION('',(0.866025403784438,0.5,0.));
#14254=DIRECTION('',(-0.500000000000001,0.866025403784438,0.));
#14255=DIRECTION('',(-0.998205960374807,0.0598737060169985,0.));
#14256=DIRECTION('',(-0.0598737060169985,-0.998205960374807,0.));
#14257=DIRECTION('',(0.,0.,-1.));
#14258=DIRECTION('',(0.998205960374807,0.0598737060169985,0.));
#14259=DIRECTION('',(-0.0598737060169985,0.998205960374807,0.));
#14260=DIRECTION('',(0.,0.,-1.));
#14261=DIRECTION('',(-0.866025403784438,0.500000000000001,0.));
#14262=DIRECTION('',(-0.500000000000001,-0.866025403784438,0.));
#14263=DIRECTION('',(0.,0.,-1.));
#14264=DIRECTION('',(-0.998989004852543,-0.0449551797207583,0.));
#14265=DIRECTION('',(0.0449551797207583,-0.998989004852543,0.));
#14266=DIRECTION('',(0.,0.,-1.));
#14267=DIRECTION('',(0.,0.,-1.));
#14268=DIRECTION('',(-1.,0.,0.));
#14269=DIRECTION('',(0.,0.,-1.));
#14270=DIRECTION('',(0.998989004852543,-0.0449551797207575,0.));
#14271=DIRECTION('',(0.0449551797207575,0.998989004852543,0.));
#14272=DIRECTION('',(0.,0.,-1.));
#14273=DIRECTION('',(0.866025403784438,0.5,0.));
#14274=DIRECTION('',(-0.500000000000001,0.866025403784438,0.));
#14275=DIRECTION('',(-0.998205960374807,0.0598737060169985,0.));
#14276=DIRECTION('',(-0.0598737060169985,-0.998205960374807,0.));
#14277=DIRECTION('',(0.,0.,-1.));
#14278=DIRECTION('',(0.998205960374807,0.0598737060169984,0.));
#14279=DIRECTION('',(-0.0598737060169984,0.998205960374807,0.));
#14280=DIRECTION('',(0.,0.,-1.));
#14281=DIRECTION('',(-0.866025403784438,0.500000000000001,0.));
#14282=DIRECTION('',(-0.500000000000001,-0.866025403784438,0.));
#14283=DIRECTION('',(0.,0.,-1.));
#14284=DIRECTION('',(-0.998989004852543,-0.0449551797207583,0.));
#14285=DIRECTION('',(0.0449551797207583,-0.998989004852543,0.));
#14286=DIRECTION('',(0.,0.,-1.));
#14287=DIRECTION('',(0.,0.,-1.));
#14288=DIRECTION('',(-1.,0.,0.));
#14289=DIRECTION('',(0.,0.,-1.));
#14290=DIRECTION('',(0.998989004852543,-0.0449551797207575,0.));
#14291=DIRECTION('',(0.0449551797207575,0.998989004852543,0.));
#14292=DIRECTION('',(0.,0.,-1.));
#14293=DIRECTION('',(0.866025403784438,0.500000000000001,0.));
#14294=DIRECTION('',(-0.500000000000001,0.866025403784438,0.));
#14295=DIRECTION('',(-0.998205960374807,0.0598737060169985,0.));
#14296=DIRECTION('',(-0.0598737060169985,-0.998205960374807,0.));
#14297=DIRECTION('',(0.,0.,-1.));
#14298=DIRECTION('',(0.998205960374807,0.0598737060169984,0.));
#14299=DIRECTION('',(-0.0598737060169984,0.998205960374807,0.));
#14300=DIRECTION('',(0.,0.,-1.));
#14301=DIRECTION('',(-0.866025403784438,0.500000000000001,0.));
#14302=DIRECTION('',(-0.500000000000001,-0.866025403784438,0.));
#14303=DIRECTION('',(0.,0.,-1.));
#14304=DIRECTION('',(-0.998989004852543,-0.0449551797207583,0.));
#14305=DIRECTION('',(0.0449551797207583,-0.998989004852543,0.));
#14306=DIRECTION('',(0.,0.,-1.));
#14307=DIRECTION('',(0.,0.,-1.));
#14308=DIRECTION('',(-1.,0.,0.));
#14309=DIRECTION('',(0.,0.,-1.));
#14310=DIRECTION('',(0.998989004852543,-0.0449551797207575,0.));
#14311=DIRECTION('',(0.0449551797207575,0.998989004852543,0.));
#14312=DIRECTION('',(0.,0.,-1.));
#14313=DIRECTION('',(0.866025403784438,0.500000000000001,0.));
#14314=DIRECTION('',(-0.500000000000001,0.866025403784438,0.));
#14315=DIRECTION('',(-0.998205960374807,0.0598737060169984,0.));
#14316=DIRECTION('',(-0.0598737060169984,-0.998205960374807,0.));
#14317=DIRECTION('',(0.,0.,-1.));
#14318=DIRECTION('',(0.998205960374807,0.0598737060169985,0.));
#14319=DIRECTION('',(-0.0598737060169985,0.998205960374807,0.));
#14320=DIRECTION('',(0.,0.,-1.));
#14321=DIRECTION('',(-0.866025403784438,0.5,0.));
#14322=DIRECTION('',(-0.500000000000001,-0.866025403784438,0.));
#14323=DIRECTION('',(0.,0.,-1.));
#14324=DIRECTION('',(-0.998989004852543,-0.0449551797207583,0.));
#14325=DIRECTION('',(0.0449551797207583,-0.998989004852543,0.));
#14326=DIRECTION('',(0.,0.,-1.));
#14327=DIRECTION('',(0.,0.,-1.));
#14328=DIRECTION('',(-1.,0.,0.));
#14329=DIRECTION('',(0.,0.,-1.));
#14330=DIRECTION('',(0.998989004852543,-0.0449551797207574,0.));
#14331=DIRECTION('',(0.0449551797207574,0.998989004852543,0.));
#14332=DIRECTION('',(0.,0.,-1.));
#14333=DIRECTION('',(0.866025403784438,0.5,0.));
#14334=DIRECTION('',(-0.500000000000001,0.866025403784438,0.));
#14335=DIRECTION('',(-0.998205960374807,0.0598737060169984,0.));
#14336=DIRECTION('',(-0.0598737060169984,-0.998205960374807,0.));
#14337=DIRECTION('',(0.,0.,-1.));
#14338=DIRECTION('',(0.998205960374807,0.0598737060169985,0.));
#14339=DIRECTION('',(-0.0598737060169985,0.998205960374807,0.));
#14340=DIRECTION('',(0.,0.,-1.));
#14341=DIRECTION('',(-0.866025403784438,0.5,0.));
#14342=DIRECTION('',(-0.500000000000001,-0.866025403784438,0.));
#14343=DIRECTION('',(0.,0.,-1.));
#14344=DIRECTION('',(-0.998989004852543,-0.0449551797207583,0.));
#14345=DIRECTION('',(0.0449551797207583,-0.998989004852543,0.));
#14346=DIRECTION('',(0.,0.,-1.));
#14347=DIRECTION('',(0.,0.,-1.));
#14348=DIRECTION('',(-1.,0.,0.));
#14349=DIRECTION('',(0.,0.,-1.));
#14350=DIRECTION('',(0.998989004852543,-0.0449551797207574,0.));
#14351=DIRECTION('',(0.0449551797207574,0.998989004852543,0.));
#14352=DIRECTION('',(0.,0.,-1.));
#14353=DIRECTION('',(0.866025403784438,0.5,0.));
#14354=DIRECTION('',(-0.500000000000001,0.866025403784438,0.));
#14355=DIRECTION('',(-0.998205960374807,0.0598737060169984,0.));
#14356=DIRECTION('',(-0.0598737060169984,-0.998205960374807,0.));
#14357=DIRECTION('',(0.,0.,-1.));
#14358=DIRECTION('',(0.998205960374807,0.0598737060169984,0.));
#14359=DIRECTION('',(-0.0598737060169984,0.998205960374807,0.));
#14360=DIRECTION('',(0.,0.,-1.));
#14361=DIRECTION('',(-0.866025403784439,0.499999999999999,0.));
#14362=DIRECTION('',(-0.499999999999999,-0.866025403784439,0.));
#14363=DIRECTION('',(0.,0.,-1.));
#14364=DIRECTION('',(-0.998989004852543,-0.0449551797207583,0.));
#14365=DIRECTION('',(0.0449551797207583,-0.998989004852543,0.));
#14366=DIRECTION('',(0.,0.,-1.));
#14367=DIRECTION('',(0.,0.,-1.));
#14368=DIRECTION('',(-1.,0.,0.));
#14369=DIRECTION('',(0.,0.,-1.));
#14370=DIRECTION('',(0.998989004852543,-0.0449551797207576,0.));
#14371=DIRECTION('',(0.0449551797207576,0.998989004852543,0.));
#14372=DIRECTION('',(0.,0.,-1.));
#14373=DIRECTION('',(0.866025403784438,0.500000000000002,0.));
#14374=DIRECTION('',(-0.500000000000002,0.866025403784438,0.));
#14375=DIRECTION('',(-0.998205960374807,0.0598737060169984,0.));
#14376=DIRECTION('',(-0.0598737060169984,-0.998205960374807,0.));
#14377=DIRECTION('',(0.,0.,-1.));
#14378=DIRECTION('',(0.998205960374807,0.0598737060169984,0.));
#14379=DIRECTION('',(-0.0598737060169984,0.998205960374807,0.));
#14380=DIRECTION('',(0.,0.,-1.));
#14381=DIRECTION('',(-0.866025403784439,0.499999999999999,0.));
#14382=DIRECTION('',(-0.499999999999999,-0.866025403784439,0.));
#14383=DIRECTION('',(0.,0.,-1.));
#14384=DIRECTION('',(-0.998989004852543,-0.0449551797207583,0.));
#14385=DIRECTION('',(0.0449551797207583,-0.998989004852543,0.));
#14386=DIRECTION('',(0.,0.,-1.));
#14387=DIRECTION('',(0.,0.,-1.));
#14388=DIRECTION('',(-1.,0.,0.));
#14389=DIRECTION('',(0.,0.,-1.));
#14390=DIRECTION('',(0.998989004852543,-0.0449551797207576,0.));
#14391=DIRECTION('',(0.0449551797207576,0.998989004852543,0.));
#14392=DIRECTION('',(0.,0.,-1.));
#14393=DIRECTION('',(0.866025403784438,0.500000000000002,0.));
#14394=DIRECTION('',(-0.500000000000002,0.866025403784438,0.));
#14395=DIRECTION('',(-0.998205960374807,0.0598737060169984,0.));
#14396=DIRECTION('',(-0.0598737060169984,-0.998205960374807,0.));
#14397=DIRECTION('',(0.,0.,-1.));
#14398=DIRECTION('',(0.998205960374807,0.0598737060169984,0.));
#14399=DIRECTION('',(-0.0598737060169984,0.998205960374807,0.));
#14400=DIRECTION('',(0.,0.,-1.));
#14401=DIRECTION('',(-0.866025403784438,0.500000000000002,0.));
#14402=DIRECTION('',(-0.500000000000002,-0.866025403784438,0.));
#14403=DIRECTION('',(0.,0.,-1.));
#14404=DIRECTION('',(-0.998989004852543,-0.0449551797207583,0.));
#14405=DIRECTION('',(0.0449551797207583,-0.998989004852543,0.));
#14406=DIRECTION('',(0.,0.,-1.));
#14407=DIRECTION('',(0.,0.,-1.));
#14408=DIRECTION('',(-1.,0.,0.));
#14409=DIRECTION('',(0.,0.,-1.));
#14410=DIRECTION('',(0.998989004852543,-0.0449551797207576,0.));
#14411=DIRECTION('',(0.0449551797207576,0.998989004852543,0.));
#14412=DIRECTION('',(0.,0.,-1.));
#14413=DIRECTION('',(0.866025403784438,0.500000000000002,0.));
#14414=DIRECTION('',(-0.500000000000002,0.866025403784438,0.));
#14415=DIRECTION('',(-0.998205960374807,0.0598737060169984,0.));
#14416=DIRECTION('',(-0.0598737060169984,-0.998205960374807,0.));
#14417=DIRECTION('',(0.,0.,-1.));
#14418=DIRECTION('',(0.998205960374807,0.0598737060169984,0.));
#14419=DIRECTION('',(-0.0598737060169984,0.998205960374807,0.));
#14420=DIRECTION('',(0.,0.,-1.));
#14421=DIRECTION('',(-0.866025403784438,0.500000000000002,0.));
#14422=DIRECTION('',(-0.500000000000002,-0.866025403784438,0.));
#14423=DIRECTION('',(0.,0.,-1.));
#14424=DIRECTION('',(-0.998989004852543,-0.0449551797207583,0.));
#14425=DIRECTION('',(0.0449551797207583,-0.998989004852543,0.));
#14426=DIRECTION('',(0.,0.,-1.));
#14427=DIRECTION('',(0.,0.,-1.));
#14428=DIRECTION('',(-1.,0.,0.));
#14429=DIRECTION('',(0.,0.,-1.));
#14430=DIRECTION('',(0.998989004852543,-0.0449551797207576,0.));
#14431=DIRECTION('',(0.0449551797207576,0.998989004852543,0.));
#14432=DIRECTION('',(0.,0.,-1.));
#14433=DIRECTION('',(0.866025403784438,0.500000000000002,0.));
#14434=DIRECTION('',(-0.500000000000002,0.866025403784438,0.));
#14435=DIRECTION('',(-0.998205960374807,0.0598737060169984,0.));
#14436=DIRECTION('',(-0.0598737060169984,-0.998205960374807,0.));
#14437=DIRECTION('',(0.,0.,-1.));
#14438=DIRECTION('',(0.998205960374807,0.0598737060169984,0.));
#14439=DIRECTION('',(-0.0598737060169984,0.998205960374807,0.));
#14440=DIRECTION('',(0.,0.,-1.));
#14441=DIRECTION('',(-0.866025403784438,0.500000000000002,0.));
#14442=DIRECTION('',(-0.500000000000002,-0.866025403784438,0.));
#14443=DIRECTION('',(0.,0.,-1.));
#14444=DIRECTION('',(-0.998989004852543,-0.0449551797207583,0.));
#14445=DIRECTION('',(0.0449551797207583,-0.998989004852543,0.));
#14446=DIRECTION('',(0.,0.,-1.));
#14447=DIRECTION('',(0.,0.,-1.));
#14448=DIRECTION('',(-1.,0.,0.));
#14449=DIRECTION('',(0.,0.,-1.));
#14450=DIRECTION('',(0.998989004852543,-0.0449551797207573,0.));
#14451=DIRECTION('',(0.0449551797207573,0.998989004852543,0.));
#14452=DIRECTION('',(0.,0.,-1.));
#14453=DIRECTION('',(0.866025403784438,0.500000000000002,0.));
#14454=DIRECTION('',(-0.500000000000002,0.866025403784438,0.));
#14455=DIRECTION('',(0.866025403784438,0.500000000000002,0.));
#14456=DIRECTION('',(-0.500000000000002,0.866025403784438,0.));
#14457=DIRECTION('',(0.,0.,-1.));
#14458=DIRECTION('',(0.,0.,-1.));
#14459=DIRECTION('',(0.998989004852543,-0.0449551797207573,0.));
#14460=DIRECTION('',(0.0449551797207573,0.998989004852543,0.));
#14461=DIRECTION('',(0.,0.,-1.));
#14462=DIRECTION('',(0.,0.,-1.));
#14463=DIRECTION('',(-1.,0.,0.));
#14464=DIRECTION('',(0.,0.,-1.));
#14465=DIRECTION('',(-0.998989004852543,-0.0449551797207583,0.));
#14466=DIRECTION('',(0.0449551797207583,-0.998989004852543,0.));
#14467=DIRECTION('',(0.,0.,-1.));
#14468=DIRECTION('',(-0.866025403784438,0.500000000000002,0.));
#14469=DIRECTION('',(-0.500000000000002,-0.866025403784438,0.));
#14470=DIRECTION('',(0.,0.,-1.));
#14471=DIRECTION('',(0.998205960374807,0.0598737060169984,0.));
#14472=DIRECTION('',(-0.0598737060169984,0.998205960374807,0.));
#14473=DIRECTION('',(-0.998205960374807,0.0598737060169984,0.));
#14474=DIRECTION('',(-0.0598737060169984,-0.998205960374807,0.));
#14475=DIRECTION('',(0.,0.,1.));
#14476=DIRECTION('',(1.,0.,0.));
#14477=CARTESIAN_POINT('',(0.,0.,0.));
#14478=CARTESIAN_POINT('',(0.,0.,0.));
#14479=CARTESIAN_POINT('',(0.7741,0.,0.07875));
#14480=CARTESIAN_POINT('',(0.7741,0.,0.07875));
#14481=CARTESIAN_POINT('',(0.7741,0.,0.06375));
#14482=CARTESIAN_POINT('',(0.7991,2.13425624505021E-18,0.06375));
#14483=CARTESIAN_POINT('',(0.7991,2.13425624505021E-18,0.06375));
#14484=CARTESIAN_POINT('',(0.7991,0.,0.07875));
#14485=CARTESIAN_POINT('',(0.7991,0.,0.07875));
#14486=CARTESIAN_POINT('',(0.,0.,0.07875));
#14487=CARTESIAN_POINT('',(0.,0.,0.));
#14488=CARTESIAN_POINT('',(0.73366,2.13425624505021E-18,0.07875));
#14489=CARTESIAN_POINT('',(0.73366,2.13425624505021E-18,0.07875));
#14490=CARTESIAN_POINT('',(0.73366,2.13425624505021E-18,0.06375));
#14491=CARTESIAN_POINT('',(0.,0.,0.07875));
#14492=CARTESIAN_POINT('',(0.69536,0.,0.07875));
#14493=CARTESIAN_POINT('',(0.69536,0.,0.07875));
#14494=CARTESIAN_POINT('',(0.69536,0.,0.06375));
#14495=CARTESIAN_POINT('',(0.7991,2.13425624505021E-18,0.06375));
#14496=CARTESIAN_POINT('',(0.,0.,0.));
#14497=CARTESIAN_POINT('',(0.65492,2.13425624505021E-18,0.07875));
#14498=CARTESIAN_POINT('',(0.65492,2.13425624505021E-18,0.07875));
#14499=CARTESIAN_POINT('',(0.65492,2.13425624505021E-18,0.06375));
#14500=CARTESIAN_POINT('',(0.,0.,0.07875));
#14501=CARTESIAN_POINT('',(0.61662,0.,0.07875));
#14502=CARTESIAN_POINT('',(0.61662,0.,0.07875));
#14503=CARTESIAN_POINT('',(0.61662,0.,0.06375));
#14504=CARTESIAN_POINT('',(0.7991,2.13425624505021E-18,0.06375));
#14505=CARTESIAN_POINT('',(0.,0.,0.));
#14506=CARTESIAN_POINT('',(0.57618,2.13425624505021E-18,0.07875));
#14507=CARTESIAN_POINT('',(0.57618,2.13425624505021E-18,0.07875));
#14508=CARTESIAN_POINT('',(0.57618,2.13425624505021E-18,0.06375));
#14509=CARTESIAN_POINT('',(0.,0.,0.07875));
#14510=CARTESIAN_POINT('',(0.53788,0.,0.07875));
#14511=CARTESIAN_POINT('',(0.53788,0.,0.07875));
#14512=CARTESIAN_POINT('',(0.53788,0.,0.06375));
#14513=CARTESIAN_POINT('',(0.7991,2.13425624505021E-18,0.06375));
#14514=CARTESIAN_POINT('',(0.,0.,0.));
#14515=CARTESIAN_POINT('',(0.49744,2.13425624505021E-18,0.07875));
#14516=CARTESIAN_POINT('',(0.49744,2.13425624505021E-18,0.07875));
#14517=CARTESIAN_POINT('',(0.49744,2.13425624505021E-18,0.06375));
#14518=CARTESIAN_POINT('',(0.,0.,0.07875));
#14519=CARTESIAN_POINT('',(0.45914,0.,0.07875));
#14520=CARTESIAN_POINT('',(0.45914,0.,0.07875));
#14521=CARTESIAN_POINT('',(0.45914,0.,0.06375));
#14522=CARTESIAN_POINT('',(0.7991,2.13425624505021E-18,0.06375));
#14523=CARTESIAN_POINT('',(0.,0.,0.));
#14524=CARTESIAN_POINT('',(0.4187,2.13425624505021E-18,0.07875));
#14525=CARTESIAN_POINT('',(0.4187,2.13425624505021E-18,0.07875));
#14526=CARTESIAN_POINT('',(0.4187,2.13425624505021E-18,0.06375));
#14527=CARTESIAN_POINT('',(0.,0.,0.07875));
#14528=CARTESIAN_POINT('',(0.3804,0.,0.07875));
#14529=CARTESIAN_POINT('',(0.3804,0.,0.07875));
#14530=CARTESIAN_POINT('',(0.3804,0.,0.06375));
#14531=CARTESIAN_POINT('',(0.7991,2.13425624505021E-18,0.06375));
#14532=CARTESIAN_POINT('',(0.,0.,0.));
#14533=CARTESIAN_POINT('',(0.33996,2.13425624505021E-18,0.07875));
#14534=CARTESIAN_POINT('',(0.33996,2.13425624505021E-18,0.07875));
#14535=CARTESIAN_POINT('',(0.33996,2.13425624505021E-18,0.06375));
#14536=CARTESIAN_POINT('',(0.,0.,0.07875));
#14537=CARTESIAN_POINT('',(0.30166,0.,0.07875));
#14538=CARTESIAN_POINT('',(0.30166,0.,0.07875));
#14539=CARTESIAN_POINT('',(0.30166,0.,0.06375));
#14540=CARTESIAN_POINT('',(0.7991,2.13425624505021E-18,0.06375));
#14541=CARTESIAN_POINT('',(0.,0.,0.));
#14542=CARTESIAN_POINT('',(0.26122,2.13425624505021E-18,0.07875));
#14543=CARTESIAN_POINT('',(0.26122,2.13425624505021E-18,0.07875));
#14544=CARTESIAN_POINT('',(0.26122,2.13425624505021E-18,0.06375));
#14545=CARTESIAN_POINT('',(0.,0.,0.07875));
#14546=CARTESIAN_POINT('',(0.22292,0.,0.07875));
#14547=CARTESIAN_POINT('',(0.22292,0.,0.07875));
#14548=CARTESIAN_POINT('',(0.22292,0.,0.06375));
#14549=CARTESIAN_POINT('',(0.7991,2.13425624505021E-18,0.06375));
#14550=CARTESIAN_POINT('',(0.,0.,0.));
#14551=CARTESIAN_POINT('',(0.18248,2.13425624505021E-18,0.07875));
#14552=CARTESIAN_POINT('',(0.18248,2.13425624505021E-18,0.07875));
#14553=CARTESIAN_POINT('',(0.18248,2.13425624505021E-18,0.06375));
#14554=CARTESIAN_POINT('',(0.,0.,0.07875));
#14555=CARTESIAN_POINT('',(0.14418,0.,0.07875));
#14556=CARTESIAN_POINT('',(0.14418,0.,0.07875));
#14557=CARTESIAN_POINT('',(0.14418,0.,0.06375));
#14558=CARTESIAN_POINT('',(0.7991,2.13425624505021E-18,0.06375));
#14559=CARTESIAN_POINT('',(0.,0.,0.));
#14560=CARTESIAN_POINT('',(0.10374,2.13425624505021E-18,0.07875));
#14561=CARTESIAN_POINT('',(0.10374,2.13425624505021E-18,0.07875));
#14562=CARTESIAN_POINT('',(0.10374,2.13425624505021E-18,0.06375));
#14563=CARTESIAN_POINT('',(0.,0.,0.07875));
#14564=CARTESIAN_POINT('',(0.06544,0.,0.07875));
#14565=CARTESIAN_POINT('',(0.06544,0.,0.07875));
#14566=CARTESIAN_POINT('',(0.06544,0.,0.06375));
#14567=CARTESIAN_POINT('',(0.7991,2.13425624505021E-18,0.06375));
#14568=CARTESIAN_POINT('',(0.,0.,0.));
#14569=CARTESIAN_POINT('',(0.025,2.13425624505021E-18,0.07875));
#14570=CARTESIAN_POINT('',(0.025,2.13425624505021E-18,0.07875));
#14571=CARTESIAN_POINT('',(0.025,2.13425624505021E-18,0.06375));
#14572=CARTESIAN_POINT('',(0.,0.,0.07875));
#14573=CARTESIAN_POINT('',(0.,0.,0.07875));
#14574=CARTESIAN_POINT('',(0.,0.,-0.07875));
#14575=CARTESIAN_POINT('',(0.,2.13425624505021E-18,0.06375));
#14576=CARTESIAN_POINT('',(0.7991,2.13425624505021E-18,0.06375));
#14577=CARTESIAN_POINT('',(0.,0.,0.));
#14578=CARTESIAN_POINT('',(0.7741,0.,0.07875));
#14579=CARTESIAN_POINT('',(0.7741,0.,-0.06375));
#14580=CARTESIAN_POINT('',(0.7741,0.,-0.07875));
#14581=CARTESIAN_POINT('',(0.7991,0.,-0.07875));
#14582=CARTESIAN_POINT('',(0.7991,0.,-0.07875));
#14583=CARTESIAN_POINT('',(0.7991,0.,0.07875));
#14584=CARTESIAN_POINT('',(0.7991,0.,-0.06375));
#14585=CARTESIAN_POINT('',(0.7991,0.,-0.06375));
#14586=CARTESIAN_POINT('',(0.,0.,0.));
#14587=CARTESIAN_POINT('',(0.73366,2.13425624505021E-18,0.07875));
#14588=CARTESIAN_POINT('',(0.73366,2.13425624505021E-18,-0.06375));
#14589=CARTESIAN_POINT('',(0.73366,2.13425624505021E-18,-0.07875));
#14590=CARTESIAN_POINT('',(0.7991,0.,-0.06375));
#14591=CARTESIAN_POINT('',(0.69536,0.,-0.06375));
#14592=CARTESIAN_POINT('',(0.69536,0.,0.07875));
#14593=CARTESIAN_POINT('',(0.69536,0.,-0.07875));
#14594=CARTESIAN_POINT('',(0.7991,0.,-0.07875));
#14595=CARTESIAN_POINT('',(0.,0.,0.));
#14596=CARTESIAN_POINT('',(0.65492,2.13425624505021E-18,0.07875));
#14597=CARTESIAN_POINT('',(0.65492,2.13425624505021E-18,-0.06375));
#14598=CARTESIAN_POINT('',(0.65492,2.13425624505021E-18,-0.07875));
#14599=CARTESIAN_POINT('',(0.7991,0.,-0.06375));
#14600=CARTESIAN_POINT('',(0.61662,0.,-0.06375));
#14601=CARTESIAN_POINT('',(0.61662,0.,0.07875));
#14602=CARTESIAN_POINT('',(0.61662,0.,-0.07875));
#14603=CARTESIAN_POINT('',(0.7991,0.,-0.07875));
#14604=CARTESIAN_POINT('',(0.,0.,0.));
#14605=CARTESIAN_POINT('',(0.57618,2.13425624505021E-18,0.07875));
#14606=CARTESIAN_POINT('',(0.57618,2.13425624505021E-18,-0.06375));
#14607=CARTESIAN_POINT('',(0.57618,2.13425624505021E-18,-0.07875));
#14608=CARTESIAN_POINT('',(0.7991,0.,-0.06375));
#14609=CARTESIAN_POINT('',(0.53788,0.,-0.06375));
#14610=CARTESIAN_POINT('',(0.53788,0.,0.07875));
#14611=CARTESIAN_POINT('',(0.53788,0.,-0.07875));
#14612=CARTESIAN_POINT('',(0.7991,0.,-0.07875));
#14613=CARTESIAN_POINT('',(0.,0.,0.));
#14614=CARTESIAN_POINT('',(0.49744,2.13425624505021E-18,0.07875));
#14615=CARTESIAN_POINT('',(0.49744,2.13425624505021E-18,-0.06375));
#14616=CARTESIAN_POINT('',(0.49744,2.13425624505021E-18,-0.07875));
#14617=CARTESIAN_POINT('',(0.7991,0.,-0.06375));
#14618=CARTESIAN_POINT('',(0.45914,0.,-0.06375));
#14619=CARTESIAN_POINT('',(0.45914,0.,0.07875));
#14620=CARTESIAN_POINT('',(0.45914,0.,-0.07875));
#14621=CARTESIAN_POINT('',(0.7991,0.,-0.07875));
#14622=CARTESIAN_POINT('',(0.,0.,0.));
#14623=CARTESIAN_POINT('',(0.4187,2.13425624505021E-18,0.07875));
#14624=CARTESIAN_POINT('',(0.4187,2.13425624505021E-18,-0.06375));
#14625=CARTESIAN_POINT('',(0.4187,2.13425624505021E-18,-0.07875));
#14626=CARTESIAN_POINT('',(0.7991,0.,-0.06375));
#14627=CARTESIAN_POINT('',(0.3804,0.,-0.06375));
#14628=CARTESIAN_POINT('',(0.3804,0.,0.07875));
#14629=CARTESIAN_POINT('',(0.3804,0.,-0.07875));
#14630=CARTESIAN_POINT('',(0.7991,0.,-0.07875));
#14631=CARTESIAN_POINT('',(0.,0.,0.));
#14632=CARTESIAN_POINT('',(0.33996,2.13425624505021E-18,0.07875));
#14633=CARTESIAN_POINT('',(0.33996,2.13425624505021E-18,-0.06375));
#14634=CARTESIAN_POINT('',(0.33996,2.13425624505021E-18,-0.07875));
#14635=CARTESIAN_POINT('',(0.7991,0.,-0.06375));
#14636=CARTESIAN_POINT('',(0.30166,0.,-0.06375));
#14637=CARTESIAN_POINT('',(0.30166,0.,0.07875));
#14638=CARTESIAN_POINT('',(0.30166,0.,-0.07875));
#14639=CARTESIAN_POINT('',(0.7991,0.,-0.07875));
#14640=CARTESIAN_POINT('',(0.,0.,0.));
#14641=CARTESIAN_POINT('',(0.26122,2.13425624505021E-18,0.07875));
#14642=CARTESIAN_POINT('',(0.26122,2.13425624505021E-18,-0.06375));
#14643=CARTESIAN_POINT('',(0.26122,2.13425624505021E-18,-0.07875));
#14644=CARTESIAN_POINT('',(0.7991,0.,-0.06375));
#14645=CARTESIAN_POINT('',(0.22292,0.,-0.06375));
#14646=CARTESIAN_POINT('',(0.22292,0.,0.07875));
#14647=CARTESIAN_POINT('',(0.22292,0.,-0.07875));
#14648=CARTESIAN_POINT('',(0.7991,0.,-0.07875));
#14649=CARTESIAN_POINT('',(0.,0.,0.));
#14650=CARTESIAN_POINT('',(0.18248,2.13425624505021E-18,0.07875));
#14651=CARTESIAN_POINT('',(0.18248,2.13425624505021E-18,-0.06375));
#14652=CARTESIAN_POINT('',(0.18248,2.13425624505021E-18,-0.07875));
#14653=CARTESIAN_POINT('',(0.7991,0.,-0.06375));
#14654=CARTESIAN_POINT('',(0.14418,0.,-0.06375));
#14655=CARTESIAN_POINT('',(0.14418,0.,0.07875));
#14656=CARTESIAN_POINT('',(0.14418,0.,-0.07875));
#14657=CARTESIAN_POINT('',(0.7991,0.,-0.07875));
#14658=CARTESIAN_POINT('',(0.,0.,0.));
#14659=CARTESIAN_POINT('',(0.10374,2.13425624505021E-18,0.07875));
#14660=CARTESIAN_POINT('',(0.10374,2.13425624505021E-18,-0.06375));
#14661=CARTESIAN_POINT('',(0.10374,2.13425624505021E-18,-0.07875));
#14662=CARTESIAN_POINT('',(0.7991,0.,-0.06375));
#14663=CARTESIAN_POINT('',(0.06544,0.,-0.06375));
#14664=CARTESIAN_POINT('',(0.06544,0.,0.07875));
#14665=CARTESIAN_POINT('',(0.06544,0.,-0.07875));
#14666=CARTESIAN_POINT('',(0.7991,0.,-0.07875));
#14667=CARTESIAN_POINT('',(0.,0.,0.));
#14668=CARTESIAN_POINT('',(0.025,2.13425624505021E-18,0.07875));
#14669=CARTESIAN_POINT('',(0.025,2.13425624505021E-18,-0.06375));
#14670=CARTESIAN_POINT('',(0.025,2.13425624505021E-18,-0.07875));
#14671=CARTESIAN_POINT('',(0.7991,0.,-0.06375));
#14672=CARTESIAN_POINT('',(0.,0.,-0.06375));
#14673=CARTESIAN_POINT('',(0.,0.,-0.07875));
#14674=CARTESIAN_POINT('',(0.,0.,-0.07875));
#14675=CARTESIAN_POINT('',(0.7991,0.,-0.07875));
#14676=CARTESIAN_POINT('',(0.7991,0.25,-0.07875));
#14677=CARTESIAN_POINT('',(0.7741,0.,-0.07875));
#14678=CARTESIAN_POINT('',(0.7741,0.015,-0.07875));
#14679=CARTESIAN_POINT('',(0.7741,0.015,-0.07875));
#14680=CARTESIAN_POINT('',(0.73366,0.015,-0.07875));
#14681=CARTESIAN_POINT('',(0.73366,0.015,-0.07875));
#14682=CARTESIAN_POINT('',(0.69536,0.,-0.07875));
#14683=CARTESIAN_POINT('',(0.69536,0.015,-0.07875));
#14684=CARTESIAN_POINT('',(0.69536,0.015,-0.07875));
#14685=CARTESIAN_POINT('',(0.65492,0.015,-0.07875));
#14686=CARTESIAN_POINT('',(0.65492,0.015,-0.07875));
#14687=CARTESIAN_POINT('',(0.61662,0.,-0.07875));
#14688=CARTESIAN_POINT('',(0.61662,0.015,-0.07875));
#14689=CARTESIAN_POINT('',(0.61662,0.015,-0.07875));
#14690=CARTESIAN_POINT('',(0.57618,0.015,-0.07875));
#14691=CARTESIAN_POINT('',(0.57618,0.015,-0.07875));
#14692=CARTESIAN_POINT('',(0.53788,0.,-0.07875));
#14693=CARTESIAN_POINT('',(0.53788,0.015,-0.07875));
#14694=CARTESIAN_POINT('',(0.53788,0.015,-0.07875));
#14695=CARTESIAN_POINT('',(0.49744,0.015,-0.07875));
#14696=CARTESIAN_POINT('',(0.49744,0.015,-0.07875));
#14697=CARTESIAN_POINT('',(0.45914,0.,-0.07875));
#14698=CARTESIAN_POINT('',(0.45914,0.015,-0.07875));
#14699=CARTESIAN_POINT('',(0.45914,0.015,-0.07875));
#14700=CARTESIAN_POINT('',(0.4187,0.015,-0.07875));
#14701=CARTESIAN_POINT('',(0.4187,0.015,-0.07875));
#14702=CARTESIAN_POINT('',(0.3804,0.,-0.07875));
#14703=CARTESIAN_POINT('',(0.3804,0.015,-0.07875));
#14704=CARTESIAN_POINT('',(0.3804,0.015,-0.07875));
#14705=CARTESIAN_POINT('',(0.33996,0.015,-0.07875));
#14706=CARTESIAN_POINT('',(0.33996,0.015,-0.07875));
#14707=CARTESIAN_POINT('',(0.30166,0.,-0.07875));
#14708=CARTESIAN_POINT('',(0.30166,0.015,-0.07875));
#14709=CARTESIAN_POINT('',(0.30166,0.015,-0.07875));
#14710=CARTESIAN_POINT('',(0.26122,0.015,-0.07875));
#14711=CARTESIAN_POINT('',(0.26122,0.015,-0.07875));
#14712=CARTESIAN_POINT('',(0.22292,0.,-0.07875));
#14713=CARTESIAN_POINT('',(0.22292,0.015,-0.07875));
#14714=CARTESIAN_POINT('',(0.22292,0.015,-0.07875));
#14715=CARTESIAN_POINT('',(0.18248,0.015,-0.07875));
#14716=CARTESIAN_POINT('',(0.18248,0.015,-0.07875));
#14717=CARTESIAN_POINT('',(0.14418,0.,-0.07875));
#14718=CARTESIAN_POINT('',(0.14418,0.015,-0.07875));
#14719=CARTESIAN_POINT('',(0.14418,0.015,-0.07875));
#14720=CARTESIAN_POINT('',(0.10374,0.015,-0.07875));
#14721=CARTESIAN_POINT('',(0.10374,0.015,-0.07875));
#14722=CARTESIAN_POINT('',(0.06544,0.,-0.07875));
#14723=CARTESIAN_POINT('',(0.06544,0.015,-0.07875));
#14724=CARTESIAN_POINT('',(0.06544,0.015,-0.07875));
#14725=CARTESIAN_POINT('',(0.025,0.015,-0.07875));
#14726=CARTESIAN_POINT('',(0.025,0.015,-0.07875));
#14727=CARTESIAN_POINT('',(0.,0.25,-0.07875));
#14728=CARTESIAN_POINT('',(0.,0.25,-0.07875));
#14729=CARTESIAN_POINT('',(0.7991,0.25,-0.07875));
#14730=CARTESIAN_POINT('',(0.7991,0.25,-0.07875));
#14731=CARTESIAN_POINT('',(0.7991,0.25,-0.07875));
#14732=CARTESIAN_POINT('',(0.,0.25,0.07875));
#14733=CARTESIAN_POINT('',(0.7741,0.,0.07875));
#14734=CARTESIAN_POINT('',(0.7741,0.015,0.07875));
#14735=CARTESIAN_POINT('',(0.7991,0.25,0.07875));
#14736=CARTESIAN_POINT('',(0.7991,0.25,0.07875));
#14737=CARTESIAN_POINT('',(0.,0.25,0.07875));
#14738=CARTESIAN_POINT('',(0.,0.25,0.07875));
#14739=CARTESIAN_POINT('',(0.,0.25,0.07875));
#14740=CARTESIAN_POINT('',(0.025,0.015,0.07875));
#14741=CARTESIAN_POINT('',(0.025,0.015,0.07875));
#14742=CARTESIAN_POINT('',(0.06544,0.015,0.07875));
#14743=CARTESIAN_POINT('',(0.06544,0.015,0.07875));
#14744=CARTESIAN_POINT('',(0.06544,0.,0.07875));
#14745=CARTESIAN_POINT('',(0.10374,0.015,0.07875));
#14746=CARTESIAN_POINT('',(0.10374,0.015,0.07875));
#14747=CARTESIAN_POINT('',(0.14418,0.015,0.07875));
#14748=CARTESIAN_POINT('',(0.14418,0.015,0.07875));
#14749=CARTESIAN_POINT('',(0.14418,0.,0.07875));
#14750=CARTESIAN_POINT('',(0.18248,0.015,0.07875));
#14751=CARTESIAN_POINT('',(0.18248,0.015,0.07875));
#14752=CARTESIAN_POINT('',(0.22292,0.015,0.07875));
#14753=CARTESIAN_POINT('',(0.22292,0.015,0.07875));
#14754=CARTESIAN_POINT('',(0.22292,0.,0.07875));
#14755=CARTESIAN_POINT('',(0.26122,0.015,0.07875));
#14756=CARTESIAN_POINT('',(0.26122,0.015,0.07875));
#14757=CARTESIAN_POINT('',(0.30166,0.015,0.07875));
#14758=CARTESIAN_POINT('',(0.30166,0.015,0.07875));
#14759=CARTESIAN_POINT('',(0.30166,0.,0.07875));
#14760=CARTESIAN_POINT('',(0.33996,0.015,0.07875));
#14761=CARTESIAN_POINT('',(0.33996,0.015,0.07875));
#14762=CARTESIAN_POINT('',(0.3804,0.015,0.07875));
#14763=CARTESIAN_POINT('',(0.3804,0.015,0.07875));
#14764=CARTESIAN_POINT('',(0.3804,0.,0.07875));
#14765=CARTESIAN_POINT('',(0.4187,0.015,0.07875));
#14766=CARTESIAN_POINT('',(0.4187,0.015,0.07875));
#14767=CARTESIAN_POINT('',(0.45914,0.015,0.07875));
#14768=CARTESIAN_POINT('',(0.45914,0.015,0.07875));
#14769=CARTESIAN_POINT('',(0.45914,0.,0.07875));
#14770=CARTESIAN_POINT('',(0.49744,0.015,0.07875));
#14771=CARTESIAN_POINT('',(0.49744,0.015,0.07875));
#14772=CARTESIAN_POINT('',(0.53788,0.015,0.07875));
#14773=CARTESIAN_POINT('',(0.53788,0.015,0.07875));
#14774=CARTESIAN_POINT('',(0.53788,0.,0.07875));
#14775=CARTESIAN_POINT('',(0.57618,0.015,0.07875));
#14776=CARTESIAN_POINT('',(0.57618,0.015,0.07875));
#14777=CARTESIAN_POINT('',(0.61662,0.015,0.07875));
#14778=CARTESIAN_POINT('',(0.61662,0.015,0.07875));
#14779=CARTESIAN_POINT('',(0.61662,0.,0.07875));
#14780=CARTESIAN_POINT('',(0.65492,0.015,0.07875));
#14781=CARTESIAN_POINT('',(0.65492,0.015,0.07875));
#14782=CARTESIAN_POINT('',(0.69536,0.015,0.07875));
#14783=CARTESIAN_POINT('',(0.69536,0.015,0.07875));
#14784=CARTESIAN_POINT('',(0.69536,0.,0.07875));
#14785=CARTESIAN_POINT('',(0.73366,0.015,0.07875));
#14786=CARTESIAN_POINT('',(0.73366,0.015,0.07875));
#14787=CARTESIAN_POINT('',(0.7741,0.015,0.07875));
#14788=CARTESIAN_POINT('',(0.7991,0.015,0.06375));
#14789=CARTESIAN_POINT('',(0.7741,0.015,0.06375));
#14790=CARTESIAN_POINT('',(0.7741,0.015,0.06375));
#14791=CARTESIAN_POINT('',(0.7991,0.015,0.06375));
#14792=CARTESIAN_POINT('',(0.7991,0.015,0.06375));
#14793=CARTESIAN_POINT('',(0.7991,0.015,0.06375));
#14794=CARTESIAN_POINT('',(0.7991,0.015,0.06375));
#14795=CARTESIAN_POINT('',(0.7991,0.015,0.06375));
#14796=CARTESIAN_POINT('',(0.73366,0.015,0.06375));
#14797=CARTESIAN_POINT('',(0.69536,0.015,0.06375));
#14798=CARTESIAN_POINT('',(0.73366,0.015,0.06375));
#14799=CARTESIAN_POINT('',(0.69536,0.015,0.06375));
#14800=CARTESIAN_POINT('',(0.7991,0.015,0.06375));
#14801=CARTESIAN_POINT('',(0.7991,0.015,0.06375));
#14802=CARTESIAN_POINT('',(0.65492,0.015,0.06375));
#14803=CARTESIAN_POINT('',(0.61662,0.015,0.06375));
#14804=CARTESIAN_POINT('',(0.65492,0.015,0.06375));
#14805=CARTESIAN_POINT('',(0.61662,0.015,0.06375));
#14806=CARTESIAN_POINT('',(0.7991,0.015,0.06375));
#14807=CARTESIAN_POINT('',(0.7991,0.015,0.06375));
#14808=CARTESIAN_POINT('',(0.57618,0.015,0.06375));
#14809=CARTESIAN_POINT('',(0.53788,0.015,0.06375));
#14810=CARTESIAN_POINT('',(0.57618,0.015,0.06375));
#14811=CARTESIAN_POINT('',(0.53788,0.015,0.06375));
#14812=CARTESIAN_POINT('',(0.7991,0.015,0.06375));
#14813=CARTESIAN_POINT('',(0.7991,0.015,0.06375));
#14814=CARTESIAN_POINT('',(0.49744,0.015,0.06375));
#14815=CARTESIAN_POINT('',(0.45914,0.015,0.06375));
#14816=CARTESIAN_POINT('',(0.49744,0.015,0.06375));
#14817=CARTESIAN_POINT('',(0.45914,0.015,0.06375));
#14818=CARTESIAN_POINT('',(0.7991,0.015,0.06375));
#14819=CARTESIAN_POINT('',(0.7991,0.015,0.06375));
#14820=CARTESIAN_POINT('',(0.4187,0.015,0.06375));
#14821=CARTESIAN_POINT('',(0.3804,0.015,0.06375));
#14822=CARTESIAN_POINT('',(0.4187,0.015,0.06375));
#14823=CARTESIAN_POINT('',(0.3804,0.015,0.06375));
#14824=CARTESIAN_POINT('',(0.7991,0.015,0.06375));
#14825=CARTESIAN_POINT('',(0.7991,0.015,0.06375));
#14826=CARTESIAN_POINT('',(0.33996,0.015,0.06375));
#14827=CARTESIAN_POINT('',(0.30166,0.015,0.06375));
#14828=CARTESIAN_POINT('',(0.33996,0.015,0.06375));
#14829=CARTESIAN_POINT('',(0.30166,0.015,0.06375));
#14830=CARTESIAN_POINT('',(0.7991,0.015,0.06375));
#14831=CARTESIAN_POINT('',(0.7991,0.015,0.06375));
#14832=CARTESIAN_POINT('',(0.26122,0.015,0.06375));
#14833=CARTESIAN_POINT('',(0.22292,0.015,0.06375));
#14834=CARTESIAN_POINT('',(0.26122,0.015,0.06375));
#14835=CARTESIAN_POINT('',(0.22292,0.015,0.06375));
#14836=CARTESIAN_POINT('',(0.7991,0.015,0.06375));
#14837=CARTESIAN_POINT('',(0.7991,0.015,0.06375));
#14838=CARTESIAN_POINT('',(0.18248,0.015,0.06375));
#14839=CARTESIAN_POINT('',(0.14418,0.015,0.06375));
#14840=CARTESIAN_POINT('',(0.18248,0.015,0.06375));
#14841=CARTESIAN_POINT('',(0.14418,0.015,0.06375));
#14842=CARTESIAN_POINT('',(0.7991,0.015,0.06375));
#14843=CARTESIAN_POINT('',(0.7991,0.015,0.06375));
#14844=CARTESIAN_POINT('',(0.10374,0.015,0.06375));
#14845=CARTESIAN_POINT('',(0.06544,0.015,0.06375));
#14846=CARTESIAN_POINT('',(0.10374,0.015,0.06375));
#14847=CARTESIAN_POINT('',(0.0654400000000001,0.015,0.06375));
#14848=CARTESIAN_POINT('',(0.7991,0.015,0.06375));
#14849=CARTESIAN_POINT('',(0.7991,0.015,0.06375));
#14850=CARTESIAN_POINT('',(0.025,0.015,0.06375));
#14851=CARTESIAN_POINT('',(0.,0.015,0.06375));
#14852=CARTESIAN_POINT('',(0.025,0.015,0.06375));
#14853=CARTESIAN_POINT('',(0.,0.015,0.06375));
#14854=CARTESIAN_POINT('',(0.7991,0.,-0.06375));
#14855=CARTESIAN_POINT('',(0.7991,0.015,-0.06375));
#14856=CARTESIAN_POINT('',(0.7991,0.015,-0.06375));
#14857=CARTESIAN_POINT('',(0.7741,0.015,-0.06375));
#14858=CARTESIAN_POINT('',(0.7741,0.,-0.06375));
#14859=CARTESIAN_POINT('',(0.7991,0.,-0.06375));
#14860=CARTESIAN_POINT('',(0.7991,0.,-0.06375));
#14861=CARTESIAN_POINT('',(0.73366,0.,-0.06375));
#14862=CARTESIAN_POINT('',(0.73366,0.015,-0.06375));
#14863=CARTESIAN_POINT('',(0.7991,0.015,-0.06375));
#14864=CARTESIAN_POINT('',(0.69536,0.015,-0.06375));
#14865=CARTESIAN_POINT('',(0.69536,0.,-0.06375));
#14866=CARTESIAN_POINT('',(0.7991,0.,-0.06375));
#14867=CARTESIAN_POINT('',(0.65492,0.,-0.06375));
#14868=CARTESIAN_POINT('',(0.65492,0.015,-0.06375));
#14869=CARTESIAN_POINT('',(0.7991,0.015,-0.06375));
#14870=CARTESIAN_POINT('',(0.61662,0.015,-0.06375));
#14871=CARTESIAN_POINT('',(0.61662,0.,-0.06375));
#14872=CARTESIAN_POINT('',(0.7991,0.,-0.06375));
#14873=CARTESIAN_POINT('',(0.57618,0.,-0.06375));
#14874=CARTESIAN_POINT('',(0.57618,0.015,-0.06375));
#14875=CARTESIAN_POINT('',(0.7991,0.015,-0.06375));
#14876=CARTESIAN_POINT('',(0.53788,0.015,-0.06375));
#14877=CARTESIAN_POINT('',(0.53788,0.,-0.06375));
#14878=CARTESIAN_POINT('',(0.7991,0.,-0.06375));
#14879=CARTESIAN_POINT('',(0.49744,0.,-0.06375));
#14880=CARTESIAN_POINT('',(0.49744,0.015,-0.06375));
#14881=CARTESIAN_POINT('',(0.7991,0.015,-0.06375));
#14882=CARTESIAN_POINT('',(0.45914,0.015,-0.06375));
#14883=CARTESIAN_POINT('',(0.45914,0.,-0.06375));
#14884=CARTESIAN_POINT('',(0.7991,0.,-0.06375));
#14885=CARTESIAN_POINT('',(0.4187,0.,-0.06375));
#14886=CARTESIAN_POINT('',(0.4187,0.015,-0.06375));
#14887=CARTESIAN_POINT('',(0.7991,0.015,-0.06375));
#14888=CARTESIAN_POINT('',(0.3804,0.015,-0.06375));
#14889=CARTESIAN_POINT('',(0.3804,0.,-0.06375));
#14890=CARTESIAN_POINT('',(0.7991,0.,-0.06375));
#14891=CARTESIAN_POINT('',(0.33996,0.,-0.06375));
#14892=CARTESIAN_POINT('',(0.33996,0.015,-0.06375));
#14893=CARTESIAN_POINT('',(0.7991,0.015,-0.06375));
#14894=CARTESIAN_POINT('',(0.30166,0.015,-0.06375));
#14895=CARTESIAN_POINT('',(0.30166,0.,-0.06375));
#14896=CARTESIAN_POINT('',(0.7991,0.,-0.06375));
#14897=CARTESIAN_POINT('',(0.26122,0.,-0.06375));
#14898=CARTESIAN_POINT('',(0.26122,0.015,-0.06375));
#14899=CARTESIAN_POINT('',(0.7991,0.015,-0.06375));
#14900=CARTESIAN_POINT('',(0.22292,0.015,-0.06375));
#14901=CARTESIAN_POINT('',(0.22292,0.,-0.06375));
#14902=CARTESIAN_POINT('',(0.7991,0.,-0.06375));
#14903=CARTESIAN_POINT('',(0.18248,0.,-0.06375));
#14904=CARTESIAN_POINT('',(0.18248,0.015,-0.06375));
#14905=CARTESIAN_POINT('',(0.7991,0.015,-0.06375));
#14906=CARTESIAN_POINT('',(0.14418,0.015,-0.06375));
#14907=CARTESIAN_POINT('',(0.14418,0.,-0.06375));
#14908=CARTESIAN_POINT('',(0.7991,0.,-0.06375));
#14909=CARTESIAN_POINT('',(0.10374,0.,-0.06375));
#14910=CARTESIAN_POINT('',(0.10374,0.015,-0.06375));
#14911=CARTESIAN_POINT('',(0.7991,0.015,-0.06375));
#14912=CARTESIAN_POINT('',(0.06544,0.015,-0.06375));
#14913=CARTESIAN_POINT('',(0.0654400000000001,0.,-0.06375));
#14914=CARTESIAN_POINT('',(0.7991,0.,-0.06375));
#14915=CARTESIAN_POINT('',(0.025,0.,-0.06375));
#14916=CARTESIAN_POINT('',(0.025,0.015,-0.06375));
#14917=CARTESIAN_POINT('',(0.7991,0.015,-0.06375));
#14918=CARTESIAN_POINT('',(0.,0.015,-0.06375));
#14919=CARTESIAN_POINT('',(0.,0.,-0.06375));
#14920=CARTESIAN_POINT('',(0.,0.25,-0.07875));
#14921=CARTESIAN_POINT('',(0.,0.25,-0.07875));
#14922=CARTESIAN_POINT('',(0.,0.015,-0.06375));
#14923=CARTESIAN_POINT('',(0.7991,0.25,0.07875));
#14924=CARTESIAN_POINT('',(0.7991,0.015,-0.06375));
#14925=CARTESIAN_POINT('',(0.7991,0.25,0.07875));
#14926=CARTESIAN_POINT('',(0.76373,0.25,0.02952));
#14927=CARTESIAN_POINT('',(0.76373,0.045,0.02952));
#14928=CARTESIAN_POINT('',(0.76373,0.045,0.02952));
#14929=CARTESIAN_POINT('',(0.74403,0.045,0.02952));
#14930=CARTESIAN_POINT('',(0.76373,0.25,0.02952));
#14931=CARTESIAN_POINT('',(0.76373,0.25,0.02952));
#14932=CARTESIAN_POINT('',(0.76373,0.25,0.02952));
#14933=CARTESIAN_POINT('',(0.74403,0.25,0.02952));
#14934=CARTESIAN_POINT('',(0.74403,0.25,0.02952));
#14935=CARTESIAN_POINT('',(0.76373,0.25,0.04922));
#14936=CARTESIAN_POINT('',(0.76373,0.045,0.04922));
#14937=CARTESIAN_POINT('',(0.76373,0.045,0.04922));
#14938=CARTESIAN_POINT('',(0.76373,0.25,0.04922));
#14939=CARTESIAN_POINT('',(0.76373,0.25,0.04922));
#14940=CARTESIAN_POINT('',(0.76373,0.25,0.04922));
#14941=CARTESIAN_POINT('',(0.74403,0.25,0.04922));
#14942=CARTESIAN_POINT('',(0.74403,0.045,0.04922));
#14943=CARTESIAN_POINT('',(0.74403,0.045,0.04922));
#14944=CARTESIAN_POINT('',(0.74403,0.25,0.04922));
#14945=CARTESIAN_POINT('',(0.74403,0.25,0.04922));
#14946=CARTESIAN_POINT('',(0.74403,0.25,0.04922));
#14947=CARTESIAN_POINT('',(0.76373,0.25,-0.04922));
#14948=CARTESIAN_POINT('',(0.76373,0.045,-0.04922));
#14949=CARTESIAN_POINT('',(0.76373,0.045,-0.04922));
#14950=CARTESIAN_POINT('',(0.74403,0.045,-0.04922));
#14951=CARTESIAN_POINT('',(0.76373,0.25,-0.04922));
#14952=CARTESIAN_POINT('',(0.76373,0.25,-0.04922));
#14953=CARTESIAN_POINT('',(0.76373,0.25,-0.04922));
#14954=CARTESIAN_POINT('',(0.74403,0.25,-0.04922));
#14955=CARTESIAN_POINT('',(0.74403,0.25,-0.04922));
#14956=CARTESIAN_POINT('',(0.76373,0.25,-0.02952));
#14957=CARTESIAN_POINT('',(0.76373,0.045,-0.02952));
#14958=CARTESIAN_POINT('',(0.76373,0.045,-0.02952));
#14959=CARTESIAN_POINT('',(0.76373,0.25,-0.02952));
#14960=CARTESIAN_POINT('',(0.76373,0.25,-0.02952));
#14961=CARTESIAN_POINT('',(0.76373,0.25,-0.02952));
#14962=CARTESIAN_POINT('',(0.74403,0.25,-0.02952));
#14963=CARTESIAN_POINT('',(0.74403,0.045,-0.02952));
#14964=CARTESIAN_POINT('',(0.74403,0.045,-0.02952));
#14965=CARTESIAN_POINT('',(0.74403,0.25,-0.02952));
#14966=CARTESIAN_POINT('',(0.74403,0.25,-0.02952));
#14967=CARTESIAN_POINT('',(0.74403,0.25,-0.02952));
#14968=CARTESIAN_POINT('',(0.68499,0.25,0.02952));
#14969=CARTESIAN_POINT('',(0.68499,0.045,0.02952));
#14970=CARTESIAN_POINT('',(0.68499,0.045,0.02952));
#14971=CARTESIAN_POINT('',(0.66529,0.045,0.02952));
#14972=CARTESIAN_POINT('',(0.68499,0.25,0.02952));
#14973=CARTESIAN_POINT('',(0.68499,0.25,0.02952));
#14974=CARTESIAN_POINT('',(0.68499,0.25,0.02952));
#14975=CARTESIAN_POINT('',(0.66529,0.25,0.02952));
#14976=CARTESIAN_POINT('',(0.66529,0.25,0.02952));
#14977=CARTESIAN_POINT('',(0.68499,0.25,0.04922));
#14978=CARTESIAN_POINT('',(0.68499,0.045,0.04922));
#14979=CARTESIAN_POINT('',(0.68499,0.045,0.04922));
#14980=CARTESIAN_POINT('',(0.68499,0.25,0.04922));
#14981=CARTESIAN_POINT('',(0.68499,0.25,0.04922));
#14982=CARTESIAN_POINT('',(0.68499,0.25,0.04922));
#14983=CARTESIAN_POINT('',(0.66529,0.25,0.04922));
#14984=CARTESIAN_POINT('',(0.66529,0.045,0.04922));
#14985=CARTESIAN_POINT('',(0.66529,0.045,0.04922));
#14986=CARTESIAN_POINT('',(0.66529,0.25,0.04922));
#14987=CARTESIAN_POINT('',(0.66529,0.25,0.04922));
#14988=CARTESIAN_POINT('',(0.66529,0.25,0.04922));
#14989=CARTESIAN_POINT('',(0.68499,0.25,-0.04922));
#14990=CARTESIAN_POINT('',(0.68499,0.045,-0.04922));
#14991=CARTESIAN_POINT('',(0.68499,0.045,-0.04922));
#14992=CARTESIAN_POINT('',(0.66529,0.045,-0.04922));
#14993=CARTESIAN_POINT('',(0.68499,0.25,-0.04922));
#14994=CARTESIAN_POINT('',(0.68499,0.25,-0.04922));
#14995=CARTESIAN_POINT('',(0.68499,0.25,-0.04922));
#14996=CARTESIAN_POINT('',(0.66529,0.25,-0.04922));
#14997=CARTESIAN_POINT('',(0.66529,0.25,-0.04922));
#14998=CARTESIAN_POINT('',(0.68499,0.25,-0.02952));
#14999=CARTESIAN_POINT('',(0.68499,0.045,-0.02952));
#15000=CARTESIAN_POINT('',(0.68499,0.045,-0.02952));
#15001=CARTESIAN_POINT('',(0.68499,0.25,-0.02952));
#15002=CARTESIAN_POINT('',(0.68499,0.25,-0.02952));
#15003=CARTESIAN_POINT('',(0.68499,0.25,-0.02952));
#15004=CARTESIAN_POINT('',(0.66529,0.25,-0.02952));
#15005=CARTESIAN_POINT('',(0.66529,0.045,-0.02952));
#15006=CARTESIAN_POINT('',(0.66529,0.045,-0.02952));
#15007=CARTESIAN_POINT('',(0.66529,0.25,-0.02952));
#15008=CARTESIAN_POINT('',(0.66529,0.25,-0.02952));
#15009=CARTESIAN_POINT('',(0.66529,0.25,-0.02952));
#15010=CARTESIAN_POINT('',(0.60625,0.25,0.02952));
#15011=CARTESIAN_POINT('',(0.60625,0.045,0.02952));
#15012=CARTESIAN_POINT('',(0.60625,0.045,0.02952));
#15013=CARTESIAN_POINT('',(0.58655,0.045,0.02952));
#15014=CARTESIAN_POINT('',(0.60625,0.25,0.02952));
#15015=CARTESIAN_POINT('',(0.60625,0.25,0.02952));
#15016=CARTESIAN_POINT('',(0.60625,0.25,0.02952));
#15017=CARTESIAN_POINT('',(0.58655,0.25,0.02952));
#15018=CARTESIAN_POINT('',(0.58655,0.25,0.02952));
#15019=CARTESIAN_POINT('',(0.60625,0.25,0.04922));
#15020=CARTESIAN_POINT('',(0.60625,0.045,0.04922));
#15021=CARTESIAN_POINT('',(0.60625,0.045,0.04922));
#15022=CARTESIAN_POINT('',(0.60625,0.25,0.04922));
#15023=CARTESIAN_POINT('',(0.60625,0.25,0.04922));
#15024=CARTESIAN_POINT('',(0.60625,0.25,0.04922));
#15025=CARTESIAN_POINT('',(0.58655,0.25,0.04922));
#15026=CARTESIAN_POINT('',(0.58655,0.045,0.04922));
#15027=CARTESIAN_POINT('',(0.58655,0.045,0.04922));
#15028=CARTESIAN_POINT('',(0.58655,0.25,0.04922));
#15029=CARTESIAN_POINT('',(0.58655,0.25,0.04922));
#15030=CARTESIAN_POINT('',(0.58655,0.25,0.04922));
#15031=CARTESIAN_POINT('',(0.60625,0.25,-0.04922));
#15032=CARTESIAN_POINT('',(0.60625,0.045,-0.04922));
#15033=CARTESIAN_POINT('',(0.60625,0.045,-0.04922));
#15034=CARTESIAN_POINT('',(0.58655,0.045,-0.04922));
#15035=CARTESIAN_POINT('',(0.60625,0.25,-0.04922));
#15036=CARTESIAN_POINT('',(0.60625,0.25,-0.04922));
#15037=CARTESIAN_POINT('',(0.60625,0.25,-0.04922));
#15038=CARTESIAN_POINT('',(0.58655,0.25,-0.04922));
#15039=CARTESIAN_POINT('',(0.58655,0.25,-0.04922));
#15040=CARTESIAN_POINT('',(0.60625,0.25,-0.02952));
#15041=CARTESIAN_POINT('',(0.60625,0.045,-0.02952));
#15042=CARTESIAN_POINT('',(0.60625,0.045,-0.02952));
#15043=CARTESIAN_POINT('',(0.60625,0.25,-0.02952));
#15044=CARTESIAN_POINT('',(0.60625,0.25,-0.02952));
#15045=CARTESIAN_POINT('',(0.60625,0.25,-0.02952));
#15046=CARTESIAN_POINT('',(0.58655,0.25,-0.02952));
#15047=CARTESIAN_POINT('',(0.58655,0.045,-0.02952));
#15048=CARTESIAN_POINT('',(0.58655,0.045,-0.02952));
#15049=CARTESIAN_POINT('',(0.58655,0.25,-0.02952));
#15050=CARTESIAN_POINT('',(0.58655,0.25,-0.02952));
#15051=CARTESIAN_POINT('',(0.58655,0.25,-0.02952));
#15052=CARTESIAN_POINT('',(0.52751,0.25,0.02952));
#15053=CARTESIAN_POINT('',(0.52751,0.045,0.02952));
#15054=CARTESIAN_POINT('',(0.52751,0.045,0.02952));
#15055=CARTESIAN_POINT('',(0.50781,0.045,0.02952));
#15056=CARTESIAN_POINT('',(0.52751,0.25,0.02952));
#15057=CARTESIAN_POINT('',(0.52751,0.25,0.02952));
#15058=CARTESIAN_POINT('',(0.52751,0.25,0.02952));
#15059=CARTESIAN_POINT('',(0.50781,0.25,0.02952));
#15060=CARTESIAN_POINT('',(0.50781,0.25,0.02952));
#15061=CARTESIAN_POINT('',(0.52751,0.25,0.04922));
#15062=CARTESIAN_POINT('',(0.52751,0.045,0.04922));
#15063=CARTESIAN_POINT('',(0.52751,0.045,0.04922));
#15064=CARTESIAN_POINT('',(0.52751,0.25,0.04922));
#15065=CARTESIAN_POINT('',(0.52751,0.25,0.04922));
#15066=CARTESIAN_POINT('',(0.52751,0.25,0.04922));
#15067=CARTESIAN_POINT('',(0.50781,0.25,0.04922));
#15068=CARTESIAN_POINT('',(0.50781,0.045,0.04922));
#15069=CARTESIAN_POINT('',(0.50781,0.045,0.04922));
#15070=CARTESIAN_POINT('',(0.50781,0.25,0.04922));
#15071=CARTESIAN_POINT('',(0.50781,0.25,0.04922));
#15072=CARTESIAN_POINT('',(0.50781,0.25,0.04922));
#15073=CARTESIAN_POINT('',(0.52751,0.25,-0.04922));
#15074=CARTESIAN_POINT('',(0.52751,0.045,-0.04922));
#15075=CARTESIAN_POINT('',(0.52751,0.045,-0.04922));
#15076=CARTESIAN_POINT('',(0.50781,0.045,-0.04922));
#15077=CARTESIAN_POINT('',(0.52751,0.25,-0.04922));
#15078=CARTESIAN_POINT('',(0.52751,0.25,-0.04922));
#15079=CARTESIAN_POINT('',(0.52751,0.25,-0.04922));
#15080=CARTESIAN_POINT('',(0.50781,0.25,-0.04922));
#15081=CARTESIAN_POINT('',(0.50781,0.25,-0.04922));
#15082=CARTESIAN_POINT('',(0.52751,0.25,-0.02952));
#15083=CARTESIAN_POINT('',(0.52751,0.045,-0.02952));
#15084=CARTESIAN_POINT('',(0.52751,0.045,-0.02952));
#15085=CARTESIAN_POINT('',(0.52751,0.25,-0.02952));
#15086=CARTESIAN_POINT('',(0.52751,0.25,-0.02952));
#15087=CARTESIAN_POINT('',(0.52751,0.25,-0.02952));
#15088=CARTESIAN_POINT('',(0.50781,0.25,-0.02952));
#15089=CARTESIAN_POINT('',(0.50781,0.045,-0.02952));
#15090=CARTESIAN_POINT('',(0.50781,0.045,-0.02952));
#15091=CARTESIAN_POINT('',(0.50781,0.25,-0.02952));
#15092=CARTESIAN_POINT('',(0.50781,0.25,-0.02952));
#15093=CARTESIAN_POINT('',(0.50781,0.25,-0.02952));
#15094=CARTESIAN_POINT('',(0.44877,0.25,0.02952));
#15095=CARTESIAN_POINT('',(0.44877,0.045,0.02952));
#15096=CARTESIAN_POINT('',(0.44877,0.045,0.02952));
#15097=CARTESIAN_POINT('',(0.42907,0.045,0.02952));
#15098=CARTESIAN_POINT('',(0.44877,0.25,0.02952));
#15099=CARTESIAN_POINT('',(0.44877,0.25,0.02952));
#15100=CARTESIAN_POINT('',(0.44877,0.25,0.02952));
#15101=CARTESIAN_POINT('',(0.42907,0.25,0.02952));
#15102=CARTESIAN_POINT('',(0.42907,0.25,0.02952));
#15103=CARTESIAN_POINT('',(0.44877,0.25,0.04922));
#15104=CARTESIAN_POINT('',(0.44877,0.045,0.04922));
#15105=CARTESIAN_POINT('',(0.44877,0.045,0.04922));
#15106=CARTESIAN_POINT('',(0.44877,0.25,0.04922));
#15107=CARTESIAN_POINT('',(0.44877,0.25,0.04922));
#15108=CARTESIAN_POINT('',(0.44877,0.25,0.04922));
#15109=CARTESIAN_POINT('',(0.42907,0.25,0.04922));
#15110=CARTESIAN_POINT('',(0.42907,0.045,0.04922));
#15111=CARTESIAN_POINT('',(0.42907,0.045,0.04922));
#15112=CARTESIAN_POINT('',(0.42907,0.25,0.04922));
#15113=CARTESIAN_POINT('',(0.42907,0.25,0.04922));
#15114=CARTESIAN_POINT('',(0.42907,0.25,0.04922));
#15115=CARTESIAN_POINT('',(0.44877,0.25,-0.04922));
#15116=CARTESIAN_POINT('',(0.44877,0.045,-0.04922));
#15117=CARTESIAN_POINT('',(0.44877,0.045,-0.04922));
#15118=CARTESIAN_POINT('',(0.42907,0.045,-0.04922));
#15119=CARTESIAN_POINT('',(0.44877,0.25,-0.04922));
#15120=CARTESIAN_POINT('',(0.44877,0.25,-0.04922));
#15121=CARTESIAN_POINT('',(0.44877,0.25,-0.04922));
#15122=CARTESIAN_POINT('',(0.42907,0.25,-0.04922));
#15123=CARTESIAN_POINT('',(0.42907,0.25,-0.04922));
#15124=CARTESIAN_POINT('',(0.44877,0.25,-0.02952));
#15125=CARTESIAN_POINT('',(0.44877,0.045,-0.02952));
#15126=CARTESIAN_POINT('',(0.44877,0.045,-0.02952));
#15127=CARTESIAN_POINT('',(0.44877,0.25,-0.02952));
#15128=CARTESIAN_POINT('',(0.44877,0.25,-0.02952));
#15129=CARTESIAN_POINT('',(0.44877,0.25,-0.02952));
#15130=CARTESIAN_POINT('',(0.42907,0.25,-0.02952));
#15131=CARTESIAN_POINT('',(0.42907,0.045,-0.02952));
#15132=CARTESIAN_POINT('',(0.42907,0.045,-0.02952));
#15133=CARTESIAN_POINT('',(0.42907,0.25,-0.02952));
#15134=CARTESIAN_POINT('',(0.42907,0.25,-0.02952));
#15135=CARTESIAN_POINT('',(0.42907,0.25,-0.02952));
#15136=CARTESIAN_POINT('',(0.37003,0.25,0.02952));
#15137=CARTESIAN_POINT('',(0.37003,0.045,0.02952));
#15138=CARTESIAN_POINT('',(0.37003,0.045,0.02952));
#15139=CARTESIAN_POINT('',(0.35033,0.045,0.02952));
#15140=CARTESIAN_POINT('',(0.37003,0.25,0.02952));
#15141=CARTESIAN_POINT('',(0.37003,0.25,0.02952));
#15142=CARTESIAN_POINT('',(0.37003,0.25,0.02952));
#15143=CARTESIAN_POINT('',(0.35033,0.25,0.02952));
#15144=CARTESIAN_POINT('',(0.35033,0.25,0.02952));
#15145=CARTESIAN_POINT('',(0.37003,0.25,0.04922));
#15146=CARTESIAN_POINT('',(0.37003,0.045,0.04922));
#15147=CARTESIAN_POINT('',(0.37003,0.045,0.04922));
#15148=CARTESIAN_POINT('',(0.37003,0.25,0.04922));
#15149=CARTESIAN_POINT('',(0.37003,0.25,0.04922));
#15150=CARTESIAN_POINT('',(0.37003,0.25,0.04922));
#15151=CARTESIAN_POINT('',(0.35033,0.25,0.04922));
#15152=CARTESIAN_POINT('',(0.35033,0.045,0.04922));
#15153=CARTESIAN_POINT('',(0.35033,0.045,0.04922));
#15154=CARTESIAN_POINT('',(0.35033,0.25,0.04922));
#15155=CARTESIAN_POINT('',(0.35033,0.25,0.04922));
#15156=CARTESIAN_POINT('',(0.35033,0.25,0.04922));
#15157=CARTESIAN_POINT('',(0.37003,0.25,-0.04922));
#15158=CARTESIAN_POINT('',(0.37003,0.045,-0.04922));
#15159=CARTESIAN_POINT('',(0.37003,0.045,-0.04922));
#15160=CARTESIAN_POINT('',(0.35033,0.045,-0.04922));
#15161=CARTESIAN_POINT('',(0.37003,0.25,-0.04922));
#15162=CARTESIAN_POINT('',(0.37003,0.25,-0.04922));
#15163=CARTESIAN_POINT('',(0.37003,0.25,-0.04922));
#15164=CARTESIAN_POINT('',(0.35033,0.25,-0.04922));
#15165=CARTESIAN_POINT('',(0.35033,0.25,-0.04922));
#15166=CARTESIAN_POINT('',(0.37003,0.25,-0.02952));
#15167=CARTESIAN_POINT('',(0.37003,0.045,-0.02952));
#15168=CARTESIAN_POINT('',(0.37003,0.045,-0.02952));
#15169=CARTESIAN_POINT('',(0.37003,0.25,-0.02952));
#15170=CARTESIAN_POINT('',(0.37003,0.25,-0.02952));
#15171=CARTESIAN_POINT('',(0.37003,0.25,-0.02952));
#15172=CARTESIAN_POINT('',(0.35033,0.25,-0.02952));
#15173=CARTESIAN_POINT('',(0.35033,0.045,-0.02952));
#15174=CARTESIAN_POINT('',(0.35033,0.045,-0.02952));
#15175=CARTESIAN_POINT('',(0.35033,0.25,-0.02952));
#15176=CARTESIAN_POINT('',(0.35033,0.25,-0.02952));
#15177=CARTESIAN_POINT('',(0.35033,0.25,-0.02952));
#15178=CARTESIAN_POINT('',(0.29129,0.25,0.02952));
#15179=CARTESIAN_POINT('',(0.29129,0.045,0.02952));
#15180=CARTESIAN_POINT('',(0.29129,0.045,0.02952));
#15181=CARTESIAN_POINT('',(0.27159,0.045,0.02952));
#15182=CARTESIAN_POINT('',(0.29129,0.25,0.02952));
#15183=CARTESIAN_POINT('',(0.29129,0.25,0.02952));
#15184=CARTESIAN_POINT('',(0.29129,0.25,0.02952));
#15185=CARTESIAN_POINT('',(0.27159,0.25,0.02952));
#15186=CARTESIAN_POINT('',(0.27159,0.25,0.02952));
#15187=CARTESIAN_POINT('',(0.29129,0.25,0.04922));
#15188=CARTESIAN_POINT('',(0.29129,0.045,0.04922));
#15189=CARTESIAN_POINT('',(0.29129,0.045,0.04922));
#15190=CARTESIAN_POINT('',(0.29129,0.25,0.04922));
#15191=CARTESIAN_POINT('',(0.29129,0.25,0.04922));
#15192=CARTESIAN_POINT('',(0.29129,0.25,0.04922));
#15193=CARTESIAN_POINT('',(0.27159,0.25,0.04922));
#15194=CARTESIAN_POINT('',(0.27159,0.045,0.04922));
#15195=CARTESIAN_POINT('',(0.27159,0.045,0.04922));
#15196=CARTESIAN_POINT('',(0.27159,0.25,0.04922));
#15197=CARTESIAN_POINT('',(0.27159,0.25,0.04922));
#15198=CARTESIAN_POINT('',(0.27159,0.25,0.04922));
#15199=CARTESIAN_POINT('',(0.29129,0.25,-0.04922));
#15200=CARTESIAN_POINT('',(0.29129,0.045,-0.04922));
#15201=CARTESIAN_POINT('',(0.29129,0.045,-0.04922));
#15202=CARTESIAN_POINT('',(0.27159,0.045,-0.04922));
#15203=CARTESIAN_POINT('',(0.29129,0.25,-0.04922));
#15204=CARTESIAN_POINT('',(0.29129,0.25,-0.04922));
#15205=CARTESIAN_POINT('',(0.29129,0.25,-0.04922));
#15206=CARTESIAN_POINT('',(0.27159,0.25,-0.04922));
#15207=CARTESIAN_POINT('',(0.27159,0.25,-0.04922));
#15208=CARTESIAN_POINT('',(0.29129,0.25,-0.02952));
#15209=CARTESIAN_POINT('',(0.29129,0.045,-0.02952));
#15210=CARTESIAN_POINT('',(0.29129,0.045,-0.02952));
#15211=CARTESIAN_POINT('',(0.29129,0.25,-0.02952));
#15212=CARTESIAN_POINT('',(0.29129,0.25,-0.02952));
#15213=CARTESIAN_POINT('',(0.29129,0.25,-0.02952));
#15214=CARTESIAN_POINT('',(0.27159,0.25,-0.02952));
#15215=CARTESIAN_POINT('',(0.27159,0.045,-0.02952));
#15216=CARTESIAN_POINT('',(0.27159,0.045,-0.02952));
#15217=CARTESIAN_POINT('',(0.27159,0.25,-0.02952));
#15218=CARTESIAN_POINT('',(0.27159,0.25,-0.02952));
#15219=CARTESIAN_POINT('',(0.27159,0.25,-0.02952));
#15220=CARTESIAN_POINT('',(0.21255,0.25,0.02952));
#15221=CARTESIAN_POINT('',(0.21255,0.045,0.02952));
#15222=CARTESIAN_POINT('',(0.21255,0.045,0.02952));
#15223=CARTESIAN_POINT('',(0.19285,0.045,0.02952));
#15224=CARTESIAN_POINT('',(0.21255,0.25,0.02952));
#15225=CARTESIAN_POINT('',(0.21255,0.25,0.02952));
#15226=CARTESIAN_POINT('',(0.21255,0.25,0.02952));
#15227=CARTESIAN_POINT('',(0.19285,0.25,0.02952));
#15228=CARTESIAN_POINT('',(0.19285,0.25,0.02952));
#15229=CARTESIAN_POINT('',(0.21255,0.25,0.04922));
#15230=CARTESIAN_POINT('',(0.21255,0.045,0.04922));
#15231=CARTESIAN_POINT('',(0.21255,0.045,0.04922));
#15232=CARTESIAN_POINT('',(0.21255,0.25,0.04922));
#15233=CARTESIAN_POINT('',(0.21255,0.25,0.04922));
#15234=CARTESIAN_POINT('',(0.21255,0.25,0.04922));
#15235=CARTESIAN_POINT('',(0.19285,0.25,0.04922));
#15236=CARTESIAN_POINT('',(0.19285,0.045,0.04922));
#15237=CARTESIAN_POINT('',(0.19285,0.045,0.04922));
#15238=CARTESIAN_POINT('',(0.19285,0.25,0.04922));
#15239=CARTESIAN_POINT('',(0.19285,0.25,0.04922));
#15240=CARTESIAN_POINT('',(0.19285,0.25,0.04922));
#15241=CARTESIAN_POINT('',(0.21255,0.25,-0.04922));
#15242=CARTESIAN_POINT('',(0.21255,0.045,-0.04922));
#15243=CARTESIAN_POINT('',(0.21255,0.045,-0.04922));
#15244=CARTESIAN_POINT('',(0.19285,0.045,-0.04922));
#15245=CARTESIAN_POINT('',(0.21255,0.25,-0.04922));
#15246=CARTESIAN_POINT('',(0.21255,0.25,-0.04922));
#15247=CARTESIAN_POINT('',(0.21255,0.25,-0.04922));
#15248=CARTESIAN_POINT('',(0.19285,0.25,-0.04922));
#15249=CARTESIAN_POINT('',(0.19285,0.25,-0.04922));
#15250=CARTESIAN_POINT('',(0.21255,0.25,-0.02952));
#15251=CARTESIAN_POINT('',(0.21255,0.045,-0.02952));
#15252=CARTESIAN_POINT('',(0.21255,0.045,-0.02952));
#15253=CARTESIAN_POINT('',(0.21255,0.25,-0.02952));
#15254=CARTESIAN_POINT('',(0.21255,0.25,-0.02952));
#15255=CARTESIAN_POINT('',(0.21255,0.25,-0.02952));
#15256=CARTESIAN_POINT('',(0.19285,0.25,-0.02952));
#15257=CARTESIAN_POINT('',(0.19285,0.045,-0.02952));
#15258=CARTESIAN_POINT('',(0.19285,0.045,-0.02952));
#15259=CARTESIAN_POINT('',(0.19285,0.25,-0.02952));
#15260=CARTESIAN_POINT('',(0.19285,0.25,-0.02952));
#15261=CARTESIAN_POINT('',(0.19285,0.25,-0.02952));
#15262=CARTESIAN_POINT('',(0.13381,0.25,0.02952));
#15263=CARTESIAN_POINT('',(0.13381,0.045,0.02952));
#15264=CARTESIAN_POINT('',(0.13381,0.045,0.02952));
#15265=CARTESIAN_POINT('',(0.11411,0.045,0.02952));
#15266=CARTESIAN_POINT('',(0.13381,0.25,0.02952));
#15267=CARTESIAN_POINT('',(0.13381,0.25,0.02952));
#15268=CARTESIAN_POINT('',(0.13381,0.25,0.02952));
#15269=CARTESIAN_POINT('',(0.11411,0.25,0.02952));
#15270=CARTESIAN_POINT('',(0.11411,0.25,0.02952));
#15271=CARTESIAN_POINT('',(0.13381,0.25,0.04922));
#15272=CARTESIAN_POINT('',(0.13381,0.045,0.04922));
#15273=CARTESIAN_POINT('',(0.13381,0.045,0.04922));
#15274=CARTESIAN_POINT('',(0.13381,0.25,0.04922));
#15275=CARTESIAN_POINT('',(0.13381,0.25,0.04922));
#15276=CARTESIAN_POINT('',(0.13381,0.25,0.04922));
#15277=CARTESIAN_POINT('',(0.11411,0.25,0.04922));
#15278=CARTESIAN_POINT('',(0.11411,0.045,0.04922));
#15279=CARTESIAN_POINT('',(0.11411,0.045,0.04922));
#15280=CARTESIAN_POINT('',(0.11411,0.25,0.04922));
#15281=CARTESIAN_POINT('',(0.11411,0.25,0.04922));
#15282=CARTESIAN_POINT('',(0.11411,0.25,0.04922));
#15283=CARTESIAN_POINT('',(0.13381,0.25,-0.04922));
#15284=CARTESIAN_POINT('',(0.13381,0.045,-0.04922));
#15285=CARTESIAN_POINT('',(0.13381,0.045,-0.04922));
#15286=CARTESIAN_POINT('',(0.11411,0.045,-0.04922));
#15287=CARTESIAN_POINT('',(0.13381,0.25,-0.04922));
#15288=CARTESIAN_POINT('',(0.13381,0.25,-0.04922));
#15289=CARTESIAN_POINT('',(0.13381,0.25,-0.04922));
#15290=CARTESIAN_POINT('',(0.11411,0.25,-0.04922));
#15291=CARTESIAN_POINT('',(0.11411,0.25,-0.04922));
#15292=CARTESIAN_POINT('',(0.13381,0.25,-0.02952));
#15293=CARTESIAN_POINT('',(0.13381,0.045,-0.02952));
#15294=CARTESIAN_POINT('',(0.13381,0.045,-0.02952));
#15295=CARTESIAN_POINT('',(0.13381,0.25,-0.02952));
#15296=CARTESIAN_POINT('',(0.13381,0.25,-0.02952));
#15297=CARTESIAN_POINT('',(0.13381,0.25,-0.02952));
#15298=CARTESIAN_POINT('',(0.11411,0.25,-0.02952));
#15299=CARTESIAN_POINT('',(0.11411,0.045,-0.02952));
#15300=CARTESIAN_POINT('',(0.11411,0.045,-0.02952));
#15301=CARTESIAN_POINT('',(0.11411,0.25,-0.02952));
#15302=CARTESIAN_POINT('',(0.11411,0.25,-0.02952));
#15303=CARTESIAN_POINT('',(0.11411,0.25,-0.02952));
#15304=CARTESIAN_POINT('',(0.05507,0.25,0.02952));
#15305=CARTESIAN_POINT('',(0.05507,0.045,0.02952));
#15306=CARTESIAN_POINT('',(0.05507,0.045,0.02952));
#15307=CARTESIAN_POINT('',(0.03537,0.045,0.02952));
#15308=CARTESIAN_POINT('',(0.05507,0.25,0.02952));
#15309=CARTESIAN_POINT('',(0.05507,0.25,0.02952));
#15310=CARTESIAN_POINT('',(0.05507,0.25,0.02952));
#15311=CARTESIAN_POINT('',(0.03537,0.25,0.02952));
#15312=CARTESIAN_POINT('',(0.03537,0.25,0.02952));
#15313=CARTESIAN_POINT('',(0.05507,0.25,0.04922));
#15314=CARTESIAN_POINT('',(0.05507,0.045,0.04922));
#15315=CARTESIAN_POINT('',(0.05507,0.045,0.04922));
#15316=CARTESIAN_POINT('',(0.05507,0.25,0.04922));
#15317=CARTESIAN_POINT('',(0.05507,0.25,0.04922));
#15318=CARTESIAN_POINT('',(0.05507,0.25,0.04922));
#15319=CARTESIAN_POINT('',(0.03537,0.25,0.04922));
#15320=CARTESIAN_POINT('',(0.03537,0.045,0.04922));
#15321=CARTESIAN_POINT('',(0.03537,0.045,0.04922));
#15322=CARTESIAN_POINT('',(0.03537,0.25,0.04922));
#15323=CARTESIAN_POINT('',(0.03537,0.25,0.04922));
#15324=CARTESIAN_POINT('',(0.03537,0.25,0.04922));
#15325=CARTESIAN_POINT('',(0.05507,0.25,-0.04922));
#15326=CARTESIAN_POINT('',(0.05507,0.045,-0.04922));
#15327=CARTESIAN_POINT('',(0.05507,0.045,-0.04922));
#15328=CARTESIAN_POINT('',(0.03537,0.045,-0.04922));
#15329=CARTESIAN_POINT('',(0.05507,0.25,-0.04922));
#15330=CARTESIAN_POINT('',(0.05507,0.25,-0.04922));
#15331=CARTESIAN_POINT('',(0.05507,0.25,-0.04922));
#15332=CARTESIAN_POINT('',(0.03537,0.25,-0.04922));
#15333=CARTESIAN_POINT('',(0.03537,0.25,-0.04922));
#15334=CARTESIAN_POINT('',(0.05507,0.25,-0.02952));
#15335=CARTESIAN_POINT('',(0.05507,0.045,-0.02952));
#15336=CARTESIAN_POINT('',(0.05507,0.045,-0.02952));
#15337=CARTESIAN_POINT('',(0.05507,0.25,-0.02952));
#15338=CARTESIAN_POINT('',(0.05507,0.25,-0.02952));
#15339=CARTESIAN_POINT('',(0.05507,0.25,-0.02952));
#15340=CARTESIAN_POINT('',(0.03537,0.25,-0.02952));
#15341=CARTESIAN_POINT('',(0.03537,0.045,-0.02952));
#15342=CARTESIAN_POINT('',(0.03537,0.045,-0.02952));
#15343=CARTESIAN_POINT('',(0.03537,0.25,-0.02952));
#15344=CARTESIAN_POINT('',(0.03537,0.25,-0.02952));
#15345=CARTESIAN_POINT('',(0.03537,0.25,-0.02952));
#15346=CARTESIAN_POINT('',(0.74403,0.25,0.02952));
#15347=CARTESIAN_POINT('',(0.74403,0.045,0.02952));
#15348=CARTESIAN_POINT('',(0.74403,0.25,0.02952));
#15349=CARTESIAN_POINT('',(0.74403,0.25,-0.04922));
#15350=CARTESIAN_POINT('',(0.74403,0.045,-0.04922));
#15351=CARTESIAN_POINT('',(0.74403,0.25,-0.04922));
#15352=CARTESIAN_POINT('',(0.66529,0.25,0.02952));
#15353=CARTESIAN_POINT('',(0.66529,0.045,0.02952));
#15354=CARTESIAN_POINT('',(0.66529,0.25,0.02952));
#15355=CARTESIAN_POINT('',(0.66529,0.25,-0.04922));
#15356=CARTESIAN_POINT('',(0.66529,0.045,-0.04922));
#15357=CARTESIAN_POINT('',(0.66529,0.25,-0.04922));
#15358=CARTESIAN_POINT('',(0.58655,0.25,0.02952));
#15359=CARTESIAN_POINT('',(0.58655,0.045,0.02952));
#15360=CARTESIAN_POINT('',(0.58655,0.25,0.02952));
#15361=CARTESIAN_POINT('',(0.58655,0.25,-0.04922));
#15362=CARTESIAN_POINT('',(0.58655,0.045,-0.04922));
#15363=CARTESIAN_POINT('',(0.58655,0.25,-0.04922));
#15364=CARTESIAN_POINT('',(0.50781,0.25,0.02952));
#15365=CARTESIAN_POINT('',(0.50781,0.045,0.02952));
#15366=CARTESIAN_POINT('',(0.50781,0.25,0.02952));
#15367=CARTESIAN_POINT('',(0.50781,0.25,-0.04922));
#15368=CARTESIAN_POINT('',(0.50781,0.045,-0.04922));
#15369=CARTESIAN_POINT('',(0.50781,0.25,-0.04922));
#15370=CARTESIAN_POINT('',(0.42907,0.25,0.02952));
#15371=CARTESIAN_POINT('',(0.42907,0.045,0.02952));
#15372=CARTESIAN_POINT('',(0.42907,0.25,0.02952));
#15373=CARTESIAN_POINT('',(0.42907,0.25,-0.04922));
#15374=CARTESIAN_POINT('',(0.42907,0.045,-0.04922));
#15375=CARTESIAN_POINT('',(0.42907,0.25,-0.04922));
#15376=CARTESIAN_POINT('',(0.35033,0.25,0.02952));
#15377=CARTESIAN_POINT('',(0.35033,0.045,0.02952));
#15378=CARTESIAN_POINT('',(0.35033,0.25,0.02952));
#15379=CARTESIAN_POINT('',(0.35033,0.25,-0.04922));
#15380=CARTESIAN_POINT('',(0.35033,0.045,-0.04922));
#15381=CARTESIAN_POINT('',(0.35033,0.25,-0.04922));
#15382=CARTESIAN_POINT('',(0.27159,0.25,0.02952));
#15383=CARTESIAN_POINT('',(0.27159,0.045,0.02952));
#15384=CARTESIAN_POINT('',(0.27159,0.25,0.02952));
#15385=CARTESIAN_POINT('',(0.27159,0.25,-0.04922));
#15386=CARTESIAN_POINT('',(0.27159,0.045,-0.04922));
#15387=CARTESIAN_POINT('',(0.27159,0.25,-0.04922));
#15388=CARTESIAN_POINT('',(0.19285,0.25,0.02952));
#15389=CARTESIAN_POINT('',(0.19285,0.045,0.02952));
#15390=CARTESIAN_POINT('',(0.19285,0.25,0.02952));
#15391=CARTESIAN_POINT('',(0.19285,0.25,-0.04922));
#15392=CARTESIAN_POINT('',(0.19285,0.045,-0.04922));
#15393=CARTESIAN_POINT('',(0.19285,0.25,-0.04922));
#15394=CARTESIAN_POINT('',(0.11411,0.25,0.02952));
#15395=CARTESIAN_POINT('',(0.11411,0.045,0.02952));
#15396=CARTESIAN_POINT('',(0.11411,0.25,0.02952));
#15397=CARTESIAN_POINT('',(0.11411,0.25,-0.04922));
#15398=CARTESIAN_POINT('',(0.11411,0.045,-0.04922));
#15399=CARTESIAN_POINT('',(0.11411,0.25,-0.04922));
#15400=CARTESIAN_POINT('',(0.03537,0.25,0.02952));
#15401=CARTESIAN_POINT('',(0.03537,0.045,0.02952));
#15402=CARTESIAN_POINT('',(0.03537,0.25,0.02952));
#15403=CARTESIAN_POINT('',(0.03537,0.25,-0.04922));
#15404=CARTESIAN_POINT('',(0.03537,0.045,-0.04922));
#15405=CARTESIAN_POINT('',(0.03537,0.25,-0.04922));
#15406=CARTESIAN_POINT('',(0.,0.25,0.));
#15407=CARTESIAN_POINT('',(0.,0.045,0.));
#15408=CARTESIAN_POINT('',(0.,0.045,0.));
#15409=CARTESIAN_POINT('',(0.,0.045,0.));
#15410=CARTESIAN_POINT('',(0.,0.045,0.));
#15411=CARTESIAN_POINT('',(0.,0.045,0.));
#15412=CARTESIAN_POINT('',(0.,0.045,0.));
#15413=CARTESIAN_POINT('',(0.,0.045,0.));
#15414=CARTESIAN_POINT('',(0.,0.045,0.));
#15415=CARTESIAN_POINT('',(0.,0.045,0.));
#15416=CARTESIAN_POINT('',(0.,0.045,0.));
#15417=CARTESIAN_POINT('',(0.,0.045,0.));
#15418=CARTESIAN_POINT('',(0.,0.045,0.));
#15419=CARTESIAN_POINT('',(0.,0.045,0.));
#15420=CARTESIAN_POINT('',(0.,0.045,0.));
#15421=CARTESIAN_POINT('',(0.,0.045,0.));
#15422=CARTESIAN_POINT('',(0.,0.045,0.));
#15423=CARTESIAN_POINT('',(0.,0.045,0.));
#15424=CARTESIAN_POINT('',(0.,0.045,0.));
#15425=CARTESIAN_POINT('',(0.,0.045,0.));
#15426=CARTESIAN_POINT('',(0.,0.045,0.));
#15427=CARTESIAN_POINT('',(0.7991,0.015,-0.06375));
#15428=CARTESIAN_POINT('',(0.06544,0.015,0.07875));
#15429=CARTESIAN_POINT('',(0.10374,0.015,0.07875));
#15430=CARTESIAN_POINT('',(0.14418,0.015,0.07875));
#15431=CARTESIAN_POINT('',(0.18248,0.015,0.07875));
#15432=CARTESIAN_POINT('',(0.22292,0.015,0.07875));
#15433=CARTESIAN_POINT('',(0.26122,0.015,0.07875));
#15434=CARTESIAN_POINT('',(0.30166,0.015,0.07875));
#15435=CARTESIAN_POINT('',(0.33996,0.015,0.07875));
#15436=CARTESIAN_POINT('',(0.3804,0.015,0.07875));
#15437=CARTESIAN_POINT('',(0.4187,0.015,0.07875));
#15438=CARTESIAN_POINT('',(0.45914,0.015,0.07875));
#15439=CARTESIAN_POINT('',(0.49744,0.015,0.07875));
#15440=CARTESIAN_POINT('',(0.53788,0.015,0.07875));
#15441=CARTESIAN_POINT('',(0.57618,0.015,0.07875));
#15442=CARTESIAN_POINT('',(0.61662,0.015,0.07875));
#15443=CARTESIAN_POINT('',(0.65492,0.015,0.07875));
#15444=CARTESIAN_POINT('',(0.69536,0.015,0.07875));
#15445=CARTESIAN_POINT('',(0.73366,0.015,0.07875));
#15446=CARTESIAN_POINT('',(0.7741,0.015,0.07875));
#15447=CARTESIAN_POINT('',(0.7741,0.015,0.07875));
#15448=CARTESIAN_POINT('',(0.73366,0.015,0.07875));
#15449=CARTESIAN_POINT('',(0.69536,0.015,0.07875));
#15450=CARTESIAN_POINT('',(0.65492,0.015,0.07875));
#15451=CARTESIAN_POINT('',(0.61662,0.015,0.07875));
#15452=CARTESIAN_POINT('',(0.57618,0.015,0.07875));
#15453=CARTESIAN_POINT('',(0.53788,0.015,0.07875));
#15454=CARTESIAN_POINT('',(0.49744,0.015,0.07875));
#15455=CARTESIAN_POINT('',(0.45914,0.015,0.07875));
#15456=CARTESIAN_POINT('',(0.4187,0.015,0.07875));
#15457=CARTESIAN_POINT('',(0.3804,0.015,0.07875));
#15458=CARTESIAN_POINT('',(0.33996,0.015,0.07875));
#15459=CARTESIAN_POINT('',(0.30166,0.015,0.07875));
#15460=CARTESIAN_POINT('',(0.26122,0.015,0.07875));
#15461=CARTESIAN_POINT('',(0.22292,0.015,0.07875));
#15462=CARTESIAN_POINT('',(0.18248,0.015,0.07875));
#15463=CARTESIAN_POINT('',(0.14418,0.015,0.07875));
#15464=CARTESIAN_POINT('',(0.10374,0.015,0.07875));
#15465=CARTESIAN_POINT('',(0.06544,0.015,0.07875));
#15466=CARTESIAN_POINT('',(0.025,0.015,0.07875));
#15467=CARTESIAN_POINT('',(0.025,0.015,0.07875));
#15468=CARTESIAN_POINT('',(0.025,0.015,0.07875));
#15469=CARTESIAN_POINT('',(0.06544,0.,0.07875));
#15470=CARTESIAN_POINT('',(0.10374,0.015,0.07875));
#15471=CARTESIAN_POINT('',(0.14418,0.,0.07875));
#15472=CARTESIAN_POINT('',(0.18248,0.015,0.07875));
#15473=CARTESIAN_POINT('',(0.22292,0.,0.07875));
#15474=CARTESIAN_POINT('',(0.26122,0.015,0.07875));
#15475=CARTESIAN_POINT('',(0.30166,0.,0.07875));
#15476=CARTESIAN_POINT('',(0.33996,0.015,0.07875));
#15477=CARTESIAN_POINT('',(0.3804,0.,0.07875));
#15478=CARTESIAN_POINT('',(0.4187,0.015,0.07875));
#15479=CARTESIAN_POINT('',(0.45914,0.,0.07875));
#15480=CARTESIAN_POINT('',(0.49744,0.015,0.07875));
#15481=CARTESIAN_POINT('',(0.53788,0.,0.07875));
#15482=CARTESIAN_POINT('',(0.57618,0.015,0.07875));
#15483=CARTESIAN_POINT('',(0.61662,0.,0.07875));
#15484=CARTESIAN_POINT('',(0.65492,0.015,0.07875));
#15485=CARTESIAN_POINT('',(0.69536,0.,0.07875));
#15486=CARTESIAN_POINT('',(0.73366,0.015,0.07875));
#15487=CARTESIAN_POINT('',(0.7741,0.,0.07875));
#15488=CARTESIAN_POINT('',(0.025,0.015,0.07875));
#15489=CARTESIAN_POINT('',(0.06544,0.,0.07875));
#15490=CARTESIAN_POINT('',(0.10374,0.015,0.07875));
#15491=CARTESIAN_POINT('',(0.14418,0.,0.07875));
#15492=CARTESIAN_POINT('',(0.18248,0.015,0.07875));
#15493=CARTESIAN_POINT('',(0.22292,0.,0.07875));
#15494=CARTESIAN_POINT('',(0.26122,0.015,0.07875));
#15495=CARTESIAN_POINT('',(0.30166,0.,0.07875));
#15496=CARTESIAN_POINT('',(0.33996,0.015,0.07875));
#15497=CARTESIAN_POINT('',(0.3804,0.,0.07875));
#15498=CARTESIAN_POINT('',(0.4187,0.015,0.07875));
#15499=CARTESIAN_POINT('',(0.45914,0.,0.07875));
#15500=CARTESIAN_POINT('',(0.49744,0.015,0.07875));
#15501=CARTESIAN_POINT('',(0.53788,0.,0.07875));
#15502=CARTESIAN_POINT('',(0.57618,0.015,0.07875));
#15503=CARTESIAN_POINT('',(0.61662,0.,0.07875));
#15504=CARTESIAN_POINT('',(0.65492,0.015,0.07875));
#15505=CARTESIAN_POINT('',(0.69536,0.,0.07875));
#15506=CARTESIAN_POINT('',(0.7741,0.,0.07875));
#15507=CARTESIAN_POINT('',(0.73366,0.015,0.07875));
#15508=CARTESIAN_POINT('',(-0.39955,0.,0.));
#15509=CARTESIAN_POINT('',(0.36933,0.22,0.03437));
#15510=CARTESIAN_POINT('',(0.349421537115624,0.221194135780898,0.03437));
#15511=CARTESIAN_POINT('',(0.34783,0.194660254037844,0.03437));
#15512=CARTESIAN_POINT('',(0.33933,0.0529494559660344,0.03437));
#15513=CARTESIAN_POINT('',(0.342232568135665,0.204355290418778,0.03437));
#15514=CARTESIAN_POINT('',(0.35283,0.186,0.03437));
#15515=CARTESIAN_POINT('',(0.354390276803606,0.220672297630915,0.03437));
#15516=CARTESIAN_POINT('',(0.346837582463606,0.0528371638479057,0.03437));
#15517=CARTESIAN_POINT('',(0.35433,0.0524999999999999,0.03437));
#15518=CARTESIAN_POINT('',(0.361822417536394,0.0528371638479057,0.03437));
#15519=CARTESIAN_POINT('',(0.354330352241905,0.219325005723349,0.03437));
#15520=CARTESIAN_POINT('',(0.35583,0.186,0.03437));
#15521=CARTESIAN_POINT('',(0.373927431864336,0.217345671475545,0.03437));
#15522=CARTESIAN_POINT('',(0.36083,0.194660254037844,0.03437));
#15523=CARTESIAN_POINT('',(0.359346008704542,0.219401147074421,0.03437));
#15524=CARTESIAN_POINT('',(0.36933,0.0529494559660321,0.03437));
#15525=CARTESIAN_POINT('',(0.36933,0.22,0.03437));
#15526=CARTESIAN_POINT('',(0.36933,0.03,0.03437));
#15527=CARTESIAN_POINT('',(0.36933,0.03,0.03437));
#15528=CARTESIAN_POINT('',(0.33933,0.03,0.03437));
#15529=CARTESIAN_POINT('',(0.33933,0.22,0.03437));
#15530=CARTESIAN_POINT('',(0.36933,0.22,0.04437));
#15531=CARTESIAN_POINT('',(0.36933,0.0529494559660321,0.04437));
#15532=CARTESIAN_POINT('',(0.36933,0.0529494559660328,0.04437));
#15533=CARTESIAN_POINT('',(0.36933,0.22,0.04437));
#15534=CARTESIAN_POINT('',(0.36933,0.03,0.04437));
#15535=CARTESIAN_POINT('',(0.36933,0.03,0.04437));
#15536=CARTESIAN_POINT('',(0.33933,0.22,0.04437));
#15537=CARTESIAN_POINT('',(0.349313991295457,0.219401147074421,0.04437));
#15538=CARTESIAN_POINT('',(0.33933,0.0529494559660344,0.04437));
#15539=CARTESIAN_POINT('',(0.34783,0.194660254037844,0.04437));
#15540=CARTESIAN_POINT('',(0.33933,0.22,0.04437));
#15541=CARTESIAN_POINT('',(0.33933,0.03,0.04437));
#15542=CARTESIAN_POINT('',(0.33933,0.03,0.04437));
#15543=CARTESIAN_POINT('',(0.359238462884376,0.221194135780898,0.04437));
#15544=CARTESIAN_POINT('',(0.36083,0.194660254037844,0.04437));
#15545=CARTESIAN_POINT('',(0.366427431864335,0.204355290418778,0.04437));
#15546=CARTESIAN_POINT('',(0.35583,0.186,0.04437));
#15547=CARTESIAN_POINT('',(0.354269723196393,0.220672297630915,0.04437));
#15548=CARTESIAN_POINT('',(0.361822417536394,0.0528371638479057,0.04437));
#15549=CARTESIAN_POINT('',(0.35433,0.0524999999999999,0.04437));
#15550=CARTESIAN_POINT('',(0.346837582463606,0.0528371638479057,0.04437));
#15551=CARTESIAN_POINT('',(0.354329647758095,0.219325005723349,0.04437));
#15552=CARTESIAN_POINT('',(0.35283,0.186,0.04437));
#15553=CARTESIAN_POINT('',(0.334732568135665,0.217345671475545,0.04437));
#15554=CARTESIAN_POINT('',(0.36933,0.22,-0.04437));
#15555=CARTESIAN_POINT('',(0.349421537115624,0.221194135780898,-0.04437));
#15556=CARTESIAN_POINT('',(0.34783,0.194660254037844,-0.04437));
#15557=CARTESIAN_POINT('',(0.33933,0.0529494559660344,-0.04437));
#15558=CARTESIAN_POINT('',(0.342232568135665,0.204355290418778,-0.04437));
#15559=CARTESIAN_POINT('',(0.35283,0.186,-0.04437));
#15560=CARTESIAN_POINT('',(0.354390276803606,0.220672297630915,-0.04437));
#15561=CARTESIAN_POINT('',(0.346837582463606,0.0528371638479057,-0.04437));
#15562=CARTESIAN_POINT('',(0.35433,0.0524999999999999,-0.04437));
#15563=CARTESIAN_POINT('',(0.361822417536394,0.0528371638479057,-0.04437));
#15564=CARTESIAN_POINT('',(0.354330352241905,0.219325005723349,-0.04437));
#15565=CARTESIAN_POINT('',(0.35583,0.186,-0.04437));
#15566=CARTESIAN_POINT('',(0.373927431864336,0.217345671475545,-0.04437));
#15567=CARTESIAN_POINT('',(0.36083,0.194660254037844,-0.04437));
#15568=CARTESIAN_POINT('',(0.359346008704542,0.219401147074421,-0.04437));
#15569=CARTESIAN_POINT('',(0.36933,0.0529494559660321,-0.04437));
#15570=CARTESIAN_POINT('',(0.36933,0.22,-0.04437));
#15571=CARTESIAN_POINT('',(0.36933,0.03,-0.04437));
#15572=CARTESIAN_POINT('',(0.36933,0.03,-0.04437));
#15573=CARTESIAN_POINT('',(0.33933,0.03,-0.04437));
#15574=CARTESIAN_POINT('',(0.33933,0.22,-0.04437));
#15575=CARTESIAN_POINT('',(0.36933,0.22,-0.03437));
#15576=CARTESIAN_POINT('',(0.36933,0.0529494559660321,-0.03437));
#15577=CARTESIAN_POINT('',(0.36933,0.0529494559660328,-0.03437));
#15578=CARTESIAN_POINT('',(0.36933,0.22,-0.03437));
#15579=CARTESIAN_POINT('',(0.36933,0.03,-0.03437));
#15580=CARTESIAN_POINT('',(0.36933,0.03,-0.03437));
#15581=CARTESIAN_POINT('',(0.33933,0.22,-0.03437));
#15582=CARTESIAN_POINT('',(0.349313991295457,0.219401147074421,-0.03437));
#15583=CARTESIAN_POINT('',(0.33933,0.0529494559660344,-0.03437));
#15584=CARTESIAN_POINT('',(0.34783,0.194660254037844,-0.03437));
#15585=CARTESIAN_POINT('',(0.33933,0.22,-0.03437));
#15586=CARTESIAN_POINT('',(0.33933,0.03,-0.03437));
#15587=CARTESIAN_POINT('',(0.33933,0.03,-0.03437));
#15588=CARTESIAN_POINT('',(0.359238462884376,0.221194135780898,-0.03437));
#15589=CARTESIAN_POINT('',(0.36083,0.194660254037844,-0.03437));
#15590=CARTESIAN_POINT('',(0.366427431864335,0.204355290418778,-0.03437));
#15591=CARTESIAN_POINT('',(0.35583,0.186,-0.03437));
#15592=CARTESIAN_POINT('',(0.354269723196393,0.220672297630915,-0.03437));
#15593=CARTESIAN_POINT('',(0.361822417536394,0.0528371638479057,-0.03437));
#15594=CARTESIAN_POINT('',(0.35433,0.0524999999999999,-0.03437));
#15595=CARTESIAN_POINT('',(0.346837582463606,0.0528371638479057,-0.03437));
#15596=CARTESIAN_POINT('',(0.354329647758095,0.219325005723349,-0.03437));
#15597=CARTESIAN_POINT('',(0.35283,0.186,-0.03437));
#15598=CARTESIAN_POINT('',(0.334732568135665,0.217345671475545,-0.03437));
#15599=CARTESIAN_POINT('',(0.29059,0.22,0.03437));
#15600=CARTESIAN_POINT('',(0.270681537115624,0.221194135780898,0.03437));
#15601=CARTESIAN_POINT('',(0.26909,0.194660254037844,0.03437));
#15602=CARTESIAN_POINT('',(0.26059,0.0529494559660338,0.03437));
#15603=CARTESIAN_POINT('',(0.263492568135665,0.204355290418778,0.03437));
#15604=CARTESIAN_POINT('',(0.27409,0.186,0.03437));
#15605=CARTESIAN_POINT('',(0.275650276803606,0.220672297630915,0.03437));
#15606=CARTESIAN_POINT('',(0.268097582463606,0.0528371638479057,0.03437));
#15607=CARTESIAN_POINT('',(0.27559,0.0524999999999999,0.03437));
#15608=CARTESIAN_POINT('',(0.283082417536394,0.0528371638479057,0.03437));
#15609=CARTESIAN_POINT('',(0.275590352241905,0.219325005723349,0.03437));
#15610=CARTESIAN_POINT('',(0.27709,0.186,0.03437));
#15611=CARTESIAN_POINT('',(0.295187431864335,0.217345671475545,0.03437));
#15612=CARTESIAN_POINT('',(0.28209,0.194660254037844,0.03437));
#15613=CARTESIAN_POINT('',(0.280606008704542,0.219401147074421,0.03437));
#15614=CARTESIAN_POINT('',(0.29059,0.0529494559660321,0.03437));
#15615=CARTESIAN_POINT('',(0.29059,0.22,0.03437));
#15616=CARTESIAN_POINT('',(0.29059,0.03,0.03437));
#15617=CARTESIAN_POINT('',(0.29059,0.03,0.03437));
#15618=CARTESIAN_POINT('',(0.26059,0.03,0.03437));
#15619=CARTESIAN_POINT('',(0.26059,0.22,0.03437));
#15620=CARTESIAN_POINT('',(0.29059,0.22,0.04437));
#15621=CARTESIAN_POINT('',(0.29059,0.0529494559660321,0.04437));
#15622=CARTESIAN_POINT('',(0.29059,0.0529494559660322,0.04437));
#15623=CARTESIAN_POINT('',(0.29059,0.22,0.04437));
#15624=CARTESIAN_POINT('',(0.29059,0.03,0.04437));
#15625=CARTESIAN_POINT('',(0.29059,0.03,0.04437));
#15626=CARTESIAN_POINT('',(0.26059,0.22,0.04437));
#15627=CARTESIAN_POINT('',(0.270573991295457,0.219401147074421,0.04437));
#15628=CARTESIAN_POINT('',(0.26059,0.0529494559660338,0.04437));
#15629=CARTESIAN_POINT('',(0.26909,0.194660254037844,0.04437));
#15630=CARTESIAN_POINT('',(0.26059,0.22,0.04437));
#15631=CARTESIAN_POINT('',(0.26059,0.03,0.04437));
#15632=CARTESIAN_POINT('',(0.26059,0.03,0.04437));
#15633=CARTESIAN_POINT('',(0.280498462884376,0.221194135780898,0.04437));
#15634=CARTESIAN_POINT('',(0.28209,0.194660254037844,0.04437));
#15635=CARTESIAN_POINT('',(0.287687431864335,0.204355290418778,0.04437));
#15636=CARTESIAN_POINT('',(0.27709,0.186,0.04437));
#15637=CARTESIAN_POINT('',(0.275529723196393,0.220672297630915,0.04437));
#15638=CARTESIAN_POINT('',(0.283082417536394,0.0528371638479057,0.04437));
#15639=CARTESIAN_POINT('',(0.27559,0.0524999999999999,0.04437));
#15640=CARTESIAN_POINT('',(0.268097582463606,0.0528371638479057,0.04437));
#15641=CARTESIAN_POINT('',(0.275589647758095,0.219325005723349,0.04437));
#15642=CARTESIAN_POINT('',(0.27409,0.186,0.04437));
#15643=CARTESIAN_POINT('',(0.255992568135664,0.217345671475545,0.04437));
#15644=CARTESIAN_POINT('',(0.29059,0.22,-0.04437));
#15645=CARTESIAN_POINT('',(0.270681537115624,0.221194135780898,-0.04437));
#15646=CARTESIAN_POINT('',(0.26909,0.194660254037844,-0.04437));
#15647=CARTESIAN_POINT('',(0.26059,0.0529494559660338,-0.04437));
#15648=CARTESIAN_POINT('',(0.263492568135665,0.204355290418778,-0.04437));
#15649=CARTESIAN_POINT('',(0.27409,0.186,-0.04437));
#15650=CARTESIAN_POINT('',(0.275650276803606,0.220672297630915,-0.04437));
#15651=CARTESIAN_POINT('',(0.268097582463606,0.0528371638479057,-0.04437));
#15652=CARTESIAN_POINT('',(0.27559,0.0524999999999999,-0.04437));
#15653=CARTESIAN_POINT('',(0.283082417536394,0.0528371638479057,-0.04437));
#15654=CARTESIAN_POINT('',(0.275590352241905,0.219325005723349,-0.04437));
#15655=CARTESIAN_POINT('',(0.27709,0.186,-0.04437));
#15656=CARTESIAN_POINT('',(0.295187431864335,0.217345671475545,-0.04437));
#15657=CARTESIAN_POINT('',(0.28209,0.194660254037844,-0.04437));
#15658=CARTESIAN_POINT('',(0.280606008704542,0.219401147074421,-0.04437));
#15659=CARTESIAN_POINT('',(0.29059,0.0529494559660321,-0.04437));
#15660=CARTESIAN_POINT('',(0.29059,0.22,-0.04437));
#15661=CARTESIAN_POINT('',(0.29059,0.03,-0.04437));
#15662=CARTESIAN_POINT('',(0.29059,0.03,-0.04437));
#15663=CARTESIAN_POINT('',(0.26059,0.03,-0.04437));
#15664=CARTESIAN_POINT('',(0.26059,0.22,-0.04437));
#15665=CARTESIAN_POINT('',(0.29059,0.22,-0.03437));
#15666=CARTESIAN_POINT('',(0.29059,0.0529494559660321,-0.03437));
#15667=CARTESIAN_POINT('',(0.29059,0.0529494559660322,-0.03437));
#15668=CARTESIAN_POINT('',(0.29059,0.22,-0.03437));
#15669=CARTESIAN_POINT('',(0.29059,0.03,-0.03437));
#15670=CARTESIAN_POINT('',(0.29059,0.03,-0.03437));
#15671=CARTESIAN_POINT('',(0.26059,0.22,-0.03437));
#15672=CARTESIAN_POINT('',(0.270573991295457,0.219401147074421,-0.03437));
#15673=CARTESIAN_POINT('',(0.26059,0.0529494559660338,-0.03437));
#15674=CARTESIAN_POINT('',(0.26909,0.194660254037844,-0.03437));
#15675=CARTESIAN_POINT('',(0.26059,0.22,-0.03437));
#15676=CARTESIAN_POINT('',(0.26059,0.03,-0.03437));
#15677=CARTESIAN_POINT('',(0.26059,0.03,-0.03437));
#15678=CARTESIAN_POINT('',(0.280498462884376,0.221194135780898,-0.03437));
#15679=CARTESIAN_POINT('',(0.28209,0.194660254037844,-0.03437));
#15680=CARTESIAN_POINT('',(0.287687431864335,0.204355290418778,-0.03437));
#15681=CARTESIAN_POINT('',(0.27709,0.186,-0.03437));
#15682=CARTESIAN_POINT('',(0.275529723196393,0.220672297630915,-0.03437));
#15683=CARTESIAN_POINT('',(0.283082417536394,0.0528371638479057,-0.03437));
#15684=CARTESIAN_POINT('',(0.27559,0.0524999999999999,-0.03437));
#15685=CARTESIAN_POINT('',(0.268097582463606,0.0528371638479057,-0.03437));
#15686=CARTESIAN_POINT('',(0.275589647758095,0.219325005723349,-0.03437));
#15687=CARTESIAN_POINT('',(0.27409,0.186,-0.03437));
#15688=CARTESIAN_POINT('',(0.255992568135664,0.217345671475545,-0.03437));
#15689=CARTESIAN_POINT('',(0.21185,0.22,0.03437));
#15690=CARTESIAN_POINT('',(0.191941537115624,0.221194135780898,0.03437));
#15691=CARTESIAN_POINT('',(0.19035,0.194660254037844,0.03437));
#15692=CARTESIAN_POINT('',(0.18185,0.0529494559660332,0.03437));
#15693=CARTESIAN_POINT('',(0.184752568135665,0.204355290418778,0.03437));
#15694=CARTESIAN_POINT('',(0.19535,0.186,0.03437));
#15695=CARTESIAN_POINT('',(0.196910276803606,0.220672297630915,0.03437));
#15696=CARTESIAN_POINT('',(0.189357582463606,0.0528371638479057,0.03437));
#15697=CARTESIAN_POINT('',(0.19685,0.0524999999999999,0.03437));
#15698=CARTESIAN_POINT('',(0.204342417536394,0.0528371638479057,0.03437));
#15699=CARTESIAN_POINT('',(0.196850352241905,0.219325005723349,0.03437));
#15700=CARTESIAN_POINT('',(0.19835,0.186,0.03437));
#15701=CARTESIAN_POINT('',(0.216447431864335,0.217345671475545,0.03437));
#15702=CARTESIAN_POINT('',(0.20335,0.194660254037844,0.03437));
#15703=CARTESIAN_POINT('',(0.201866008704542,0.219401147074421,0.03437));
#15704=CARTESIAN_POINT('',(0.21185,0.0529494559660327,0.03437));
#15705=CARTESIAN_POINT('',(0.21185,0.22,0.03437));
#15706=CARTESIAN_POINT('',(0.21185,0.03,0.03437));
#15707=CARTESIAN_POINT('',(0.21185,0.03,0.03437));
#15708=CARTESIAN_POINT('',(0.18185,0.03,0.03437));
#15709=CARTESIAN_POINT('',(0.18185,0.22,0.03437));
#15710=CARTESIAN_POINT('',(0.21185,0.22,0.04437));
#15711=CARTESIAN_POINT('',(0.21185,0.0529494559660327,0.04437));
#15712=CARTESIAN_POINT('',(0.21185,0.0529494559660328,0.04437));
#15713=CARTESIAN_POINT('',(0.21185,0.22,0.04437));
#15714=CARTESIAN_POINT('',(0.21185,0.03,0.04437));
#15715=CARTESIAN_POINT('',(0.21185,0.03,0.04437));
#15716=CARTESIAN_POINT('',(0.18185,0.22,0.04437));
#15717=CARTESIAN_POINT('',(0.191833991295457,0.219401147074421,0.04437));
#15718=CARTESIAN_POINT('',(0.18185,0.0529494559660332,0.04437));
#15719=CARTESIAN_POINT('',(0.19035,0.194660254037844,0.04437));
#15720=CARTESIAN_POINT('',(0.18185,0.22,0.04437));
#15721=CARTESIAN_POINT('',(0.18185,0.03,0.04437));
#15722=CARTESIAN_POINT('',(0.18185,0.03,0.04437));
#15723=CARTESIAN_POINT('',(0.201758462884376,0.221194135780898,0.04437));
#15724=CARTESIAN_POINT('',(0.20335,0.194660254037844,0.04437));
#15725=CARTESIAN_POINT('',(0.208947431864335,0.204355290418778,0.04437));
#15726=CARTESIAN_POINT('',(0.19835,0.186,0.04437));
#15727=CARTESIAN_POINT('',(0.196789723196393,0.220672297630915,0.04437));
#15728=CARTESIAN_POINT('',(0.204342417536394,0.0528371638479057,0.04437));
#15729=CARTESIAN_POINT('',(0.19685,0.0524999999999999,0.04437));
#15730=CARTESIAN_POINT('',(0.189357582463606,0.0528371638479057,0.04437));
#15731=CARTESIAN_POINT('',(0.196849647758095,0.219325005723349,0.04437));
#15732=CARTESIAN_POINT('',(0.19535,0.186,0.04437));
#15733=CARTESIAN_POINT('',(0.177252568135664,0.217345671475545,0.04437));
#15734=CARTESIAN_POINT('',(0.21185,0.22,-0.04437));
#15735=CARTESIAN_POINT('',(0.191941537115624,0.221194135780898,-0.04437));
#15736=CARTESIAN_POINT('',(0.19035,0.194660254037844,-0.04437));
#15737=CARTESIAN_POINT('',(0.18185,0.0529494559660332,-0.04437));
#15738=CARTESIAN_POINT('',(0.184752568135665,0.204355290418778,-0.04437));
#15739=CARTESIAN_POINT('',(0.19535,0.186,-0.04437));
#15740=CARTESIAN_POINT('',(0.196910276803606,0.220672297630915,-0.04437));
#15741=CARTESIAN_POINT('',(0.189357582463606,0.0528371638479057,-0.04437));
#15742=CARTESIAN_POINT('',(0.19685,0.0524999999999999,-0.04437));
#15743=CARTESIAN_POINT('',(0.204342417536394,0.0528371638479057,-0.04437));
#15744=CARTESIAN_POINT('',(0.196850352241905,0.219325005723349,-0.04437));
#15745=CARTESIAN_POINT('',(0.19835,0.186,-0.04437));
#15746=CARTESIAN_POINT('',(0.216447431864335,0.217345671475545,-0.04437));
#15747=CARTESIAN_POINT('',(0.20335,0.194660254037844,-0.04437));
#15748=CARTESIAN_POINT('',(0.201866008704542,0.219401147074421,-0.04437));
#15749=CARTESIAN_POINT('',(0.21185,0.0529494559660327,-0.04437));
#15750=CARTESIAN_POINT('',(0.21185,0.22,-0.04437));
#15751=CARTESIAN_POINT('',(0.21185,0.03,-0.04437));
#15752=CARTESIAN_POINT('',(0.21185,0.03,-0.04437));
#15753=CARTESIAN_POINT('',(0.18185,0.03,-0.04437));
#15754=CARTESIAN_POINT('',(0.18185,0.22,-0.04437));
#15755=CARTESIAN_POINT('',(0.21185,0.22,-0.03437));
#15756=CARTESIAN_POINT('',(0.21185,0.0529494559660327,-0.03437));
#15757=CARTESIAN_POINT('',(0.21185,0.0529494559660328,-0.03437));
#15758=CARTESIAN_POINT('',(0.21185,0.22,-0.03437));
#15759=CARTESIAN_POINT('',(0.21185,0.03,-0.03437));
#15760=CARTESIAN_POINT('',(0.21185,0.03,-0.03437));
#15761=CARTESIAN_POINT('',(0.18185,0.22,-0.03437));
#15762=CARTESIAN_POINT('',(0.191833991295457,0.219401147074421,-0.03437));
#15763=CARTESIAN_POINT('',(0.18185,0.0529494559660332,-0.03437));
#15764=CARTESIAN_POINT('',(0.19035,0.194660254037844,-0.03437));
#15765=CARTESIAN_POINT('',(0.18185,0.22,-0.03437));
#15766=CARTESIAN_POINT('',(0.18185,0.03,-0.03437));
#15767=CARTESIAN_POINT('',(0.18185,0.03,-0.03437));
#15768=CARTESIAN_POINT('',(0.201758462884376,0.221194135780898,-0.03437));
#15769=CARTESIAN_POINT('',(0.20335,0.194660254037844,-0.03437));
#15770=CARTESIAN_POINT('',(0.208947431864335,0.204355290418778,-0.03437));
#15771=CARTESIAN_POINT('',(0.19835,0.186,-0.03437));
#15772=CARTESIAN_POINT('',(0.196789723196393,0.220672297630915,-0.03437));
#15773=CARTESIAN_POINT('',(0.204342417536394,0.0528371638479057,-0.03437));
#15774=CARTESIAN_POINT('',(0.19685,0.0524999999999999,-0.03437));
#15775=CARTESIAN_POINT('',(0.189357582463606,0.0528371638479057,-0.03437));
#15776=CARTESIAN_POINT('',(0.196849647758095,0.219325005723349,-0.03437));
#15777=CARTESIAN_POINT('',(0.19535,0.186,-0.03437));
#15778=CARTESIAN_POINT('',(0.177252568135664,0.217345671475545,-0.03437));
#15779=CARTESIAN_POINT('',(0.13311,0.22,0.03437));
#15780=CARTESIAN_POINT('',(0.113201537115624,0.221194135780898,0.03437));
#15781=CARTESIAN_POINT('',(0.11161,0.194660254037844,0.03437));
#15782=CARTESIAN_POINT('',(0.10311,0.0529494559660335,0.03437));
#15783=CARTESIAN_POINT('',(0.106012568135665,0.204355290418778,0.03437));
#15784=CARTESIAN_POINT('',(0.11661,0.186,0.03437));
#15785=CARTESIAN_POINT('',(0.118170276803606,0.220672297630915,0.03437));
#15786=CARTESIAN_POINT('',(0.110617582463606,0.0528371638479057,0.03437));
#15787=CARTESIAN_POINT('',(0.11811,0.0524999999999999,0.03437));
#15788=CARTESIAN_POINT('',(0.125602417536394,0.0528371638479057,0.03437));
#15789=CARTESIAN_POINT('',(0.118110352241905,0.219325005723349,0.03437));
#15790=CARTESIAN_POINT('',(0.11961,0.186,0.03437));
#15791=CARTESIAN_POINT('',(0.137707431864335,0.217345671475545,0.03437));
#15792=CARTESIAN_POINT('',(0.12461,0.194660254037844,0.03437));
#15793=CARTESIAN_POINT('',(0.123126008704542,0.219401147074421,0.03437));
#15794=CARTESIAN_POINT('',(0.13311,0.0529494559660327,0.03437));
#15795=CARTESIAN_POINT('',(0.13311,0.22,0.03437));
#15796=CARTESIAN_POINT('',(0.13311,0.03,0.03437));
#15797=CARTESIAN_POINT('',(0.13311,0.03,0.03437));
#15798=CARTESIAN_POINT('',(0.10311,0.03,0.03437));
#15799=CARTESIAN_POINT('',(0.10311,0.22,0.03437));
#15800=CARTESIAN_POINT('',(0.13311,0.22,0.04437));
#15801=CARTESIAN_POINT('',(0.13311,0.0529494559660327,0.04437));
#15802=CARTESIAN_POINT('',(0.13311,0.0529494559660326,0.04437));
#15803=CARTESIAN_POINT('',(0.13311,0.22,0.04437));
#15804=CARTESIAN_POINT('',(0.13311,0.03,0.04437));
#15805=CARTESIAN_POINT('',(0.13311,0.03,0.04437));
#15806=CARTESIAN_POINT('',(0.10311,0.22,0.04437));
#15807=CARTESIAN_POINT('',(0.113093991295457,0.219401147074421,0.04437));
#15808=CARTESIAN_POINT('',(0.10311,0.0529494559660335,0.04437));
#15809=CARTESIAN_POINT('',(0.11161,0.194660254037844,0.04437));
#15810=CARTESIAN_POINT('',(0.10311,0.22,0.04437));
#15811=CARTESIAN_POINT('',(0.10311,0.03,0.04437));
#15812=CARTESIAN_POINT('',(0.10311,0.03,0.04437));
#15813=CARTESIAN_POINT('',(0.123018462884376,0.221194135780898,0.04437));
#15814=CARTESIAN_POINT('',(0.12461,0.194660254037844,0.04437));
#15815=CARTESIAN_POINT('',(0.130207431864335,0.204355290418778,0.04437));
#15816=CARTESIAN_POINT('',(0.11961,0.186,0.04437));
#15817=CARTESIAN_POINT('',(0.118049723196393,0.220672297630915,0.04437));
#15818=CARTESIAN_POINT('',(0.125602417536394,0.0528371638479057,0.04437));
#15819=CARTESIAN_POINT('',(0.11811,0.0524999999999999,0.04437));
#15820=CARTESIAN_POINT('',(0.110617582463606,0.0528371638479057,0.04437));
#15821=CARTESIAN_POINT('',(0.118109647758095,0.219325005723349,0.04437));
#15822=CARTESIAN_POINT('',(0.11661,0.186,0.04437));
#15823=CARTESIAN_POINT('',(0.0985125681356645,0.217345671475545,0.04437));
#15824=CARTESIAN_POINT('',(0.13311,0.22,-0.04437));
#15825=CARTESIAN_POINT('',(0.113201537115624,0.221194135780898,-0.04437));
#15826=CARTESIAN_POINT('',(0.11161,0.194660254037844,-0.04437));
#15827=CARTESIAN_POINT('',(0.10311,0.0529494559660335,-0.04437));
#15828=CARTESIAN_POINT('',(0.106012568135665,0.204355290418778,-0.04437));
#15829=CARTESIAN_POINT('',(0.11661,0.186,-0.04437));
#15830=CARTESIAN_POINT('',(0.118170276803606,0.220672297630915,-0.04437));
#15831=CARTESIAN_POINT('',(0.110617582463606,0.0528371638479057,-0.04437));
#15832=CARTESIAN_POINT('',(0.11811,0.0524999999999999,-0.04437));
#15833=CARTESIAN_POINT('',(0.125602417536394,0.0528371638479057,-0.04437));
#15834=CARTESIAN_POINT('',(0.118110352241905,0.219325005723349,-0.04437));
#15835=CARTESIAN_POINT('',(0.11961,0.186,-0.04437));
#15836=CARTESIAN_POINT('',(0.137707431864335,0.217345671475545,-0.04437));
#15837=CARTESIAN_POINT('',(0.12461,0.194660254037844,-0.04437));
#15838=CARTESIAN_POINT('',(0.123126008704542,0.219401147074421,-0.04437));
#15839=CARTESIAN_POINT('',(0.13311,0.0529494559660327,-0.04437));
#15840=CARTESIAN_POINT('',(0.13311,0.22,-0.04437));
#15841=CARTESIAN_POINT('',(0.13311,0.03,-0.04437));
#15842=CARTESIAN_POINT('',(0.13311,0.03,-0.04437));
#15843=CARTESIAN_POINT('',(0.10311,0.03,-0.04437));
#15844=CARTESIAN_POINT('',(0.10311,0.22,-0.04437));
#15845=CARTESIAN_POINT('',(0.13311,0.22,-0.03437));
#15846=CARTESIAN_POINT('',(0.13311,0.0529494559660327,-0.03437));
#15847=CARTESIAN_POINT('',(0.13311,0.0529494559660326,-0.03437));
#15848=CARTESIAN_POINT('',(0.13311,0.22,-0.03437));
#15849=CARTESIAN_POINT('',(0.13311,0.03,-0.03437));
#15850=CARTESIAN_POINT('',(0.13311,0.03,-0.03437));
#15851=CARTESIAN_POINT('',(0.10311,0.22,-0.03437));
#15852=CARTESIAN_POINT('',(0.113093991295457,0.219401147074421,-0.03437));
#15853=CARTESIAN_POINT('',(0.10311,0.0529494559660335,-0.03437));
#15854=CARTESIAN_POINT('',(0.11161,0.194660254037844,-0.03437));
#15855=CARTESIAN_POINT('',(0.10311,0.22,-0.03437));
#15856=CARTESIAN_POINT('',(0.10311,0.03,-0.03437));
#15857=CARTESIAN_POINT('',(0.10311,0.03,-0.03437));
#15858=CARTESIAN_POINT('',(0.123018462884376,0.221194135780898,-0.03437));
#15859=CARTESIAN_POINT('',(0.12461,0.194660254037844,-0.03437));
#15860=CARTESIAN_POINT('',(0.130207431864335,0.204355290418778,-0.03437));
#15861=CARTESIAN_POINT('',(0.11961,0.186,-0.03437));
#15862=CARTESIAN_POINT('',(0.118049723196393,0.220672297630915,-0.03437));
#15863=CARTESIAN_POINT('',(0.125602417536394,0.0528371638479057,-0.03437));
#15864=CARTESIAN_POINT('',(0.11811,0.0524999999999999,-0.03437));
#15865=CARTESIAN_POINT('',(0.110617582463606,0.0528371638479057,-0.03437));
#15866=CARTESIAN_POINT('',(0.118109647758095,0.219325005723349,-0.03437));
#15867=CARTESIAN_POINT('',(0.11661,0.186,-0.03437));
#15868=CARTESIAN_POINT('',(0.0985125681356645,0.217345671475545,-0.03437));
#15869=CARTESIAN_POINT('',(0.05437,0.22,0.03437));
#15870=CARTESIAN_POINT('',(0.0344615371156238,0.221194135780898,0.03437));
#15871=CARTESIAN_POINT('',(0.03287,0.194660254037844,0.03437));
#15872=CARTESIAN_POINT('',(0.02437,0.052949455966034,0.03437));
#15873=CARTESIAN_POINT('',(0.0272725681356645,0.204355290418778,0.03437));
#15874=CARTESIAN_POINT('',(0.03787,0.186,0.03437));
#15875=CARTESIAN_POINT('',(0.0394302768036065,0.220672297630915,0.03437));
#15876=CARTESIAN_POINT('',(0.0318775824636059,0.0528371638479057,0.03437));
#15877=CARTESIAN_POINT('',(0.03937,0.0524999999999999,0.03437));
#15878=CARTESIAN_POINT('',(0.0468624175363941,0.0528371638479057,0.03437));
#15879=CARTESIAN_POINT('',(0.0393703522419052,0.219325005723349,0.03437));
#15880=CARTESIAN_POINT('',(0.04087,0.186,0.03437));
#15881=CARTESIAN_POINT('',(0.0589674318643355,0.217345671475545,0.03437));
#15882=CARTESIAN_POINT('',(0.04587,0.194660254037844,0.03437));
#15883=CARTESIAN_POINT('',(0.0443860087045425,0.219401147074421,0.03437));
#15884=CARTESIAN_POINT('',(0.05437,0.0529494559660321,0.03437));
#15885=CARTESIAN_POINT('',(0.05437,0.22,0.03437));
#15886=CARTESIAN_POINT('',(0.05437,0.03,0.03437));
#15887=CARTESIAN_POINT('',(0.05437,0.03,0.03437));
#15888=CARTESIAN_POINT('',(0.02437,0.03,0.03437));
#15889=CARTESIAN_POINT('',(0.02437,0.22,0.03437));
#15890=CARTESIAN_POINT('',(0.05437,0.22,0.04437));
#15891=CARTESIAN_POINT('',(0.05437,0.0529494559660321,0.04437));
#15892=CARTESIAN_POINT('',(0.05437,0.0529494559660322,0.04437));
#15893=CARTESIAN_POINT('',(0.05437,0.22,0.04437));
#15894=CARTESIAN_POINT('',(0.05437,0.03,0.04437));
#15895=CARTESIAN_POINT('',(0.05437,0.03,0.04437));
#15896=CARTESIAN_POINT('',(0.02437,0.22,0.04437));
#15897=CARTESIAN_POINT('',(0.0343539912954575,0.219401147074421,0.04437));
#15898=CARTESIAN_POINT('',(0.02437,0.052949455966034,0.04437));
#15899=CARTESIAN_POINT('',(0.03287,0.194660254037844,0.04437));
#15900=CARTESIAN_POINT('',(0.02437,0.22,0.04437));
#15901=CARTESIAN_POINT('',(0.02437,0.03,0.04437));
#15902=CARTESIAN_POINT('',(0.02437,0.03,0.04437));
#15903=CARTESIAN_POINT('',(0.0442784628843762,0.221194135780898,0.04437));
#15904=CARTESIAN_POINT('',(0.04587,0.194660254037844,0.04437));
#15905=CARTESIAN_POINT('',(0.0514674318643354,0.204355290418778,0.04437));
#15906=CARTESIAN_POINT('',(0.04087,0.186,0.04437));
#15907=CARTESIAN_POINT('',(0.0393097231963934,0.220672297630915,0.04437));
#15908=CARTESIAN_POINT('',(0.0468624175363941,0.0528371638479057,0.04437));
#15909=CARTESIAN_POINT('',(0.03937,0.0524999999999999,0.04437));
#15910=CARTESIAN_POINT('',(0.0318775824636059,0.0528371638479057,0.04437));
#15911=CARTESIAN_POINT('',(0.0393696477580947,0.219325005723349,0.04437));
#15912=CARTESIAN_POINT('',(0.03787,0.186,0.04437));
#15913=CARTESIAN_POINT('',(0.0197725681356645,0.217345671475545,0.04437));
#15914=CARTESIAN_POINT('',(0.05437,0.22,-0.04437));
#15915=CARTESIAN_POINT('',(0.0344615371156238,0.221194135780898,-0.04437));
#15916=CARTESIAN_POINT('',(0.03287,0.194660254037844,-0.04437));
#15917=CARTESIAN_POINT('',(0.02437,0.052949455966034,-0.04437));
#15918=CARTESIAN_POINT('',(0.0272725681356645,0.204355290418778,-0.04437));
#15919=CARTESIAN_POINT('',(0.03787,0.186,-0.04437));
#15920=CARTESIAN_POINT('',(0.0394302768036065,0.220672297630915,-0.04437));
#15921=CARTESIAN_POINT('',(0.0318775824636059,0.0528371638479057,-0.04437));
#15922=CARTESIAN_POINT('',(0.03937,0.0524999999999999,-0.04437));
#15923=CARTESIAN_POINT('',(0.0468624175363941,0.0528371638479057,-0.04437));
#15924=CARTESIAN_POINT('',(0.0393703522419052,0.219325005723349,-0.04437));
#15925=CARTESIAN_POINT('',(0.04087,0.186,-0.04437));
#15926=CARTESIAN_POINT('',(0.0589674318643355,0.217345671475545,-0.04437));
#15927=CARTESIAN_POINT('',(0.04587,0.194660254037844,-0.04437));
#15928=CARTESIAN_POINT('',(0.0443860087045425,0.219401147074421,-0.04437));
#15929=CARTESIAN_POINT('',(0.05437,0.0529494559660321,-0.04437));
#15930=CARTESIAN_POINT('',(0.05437,0.22,-0.04437));
#15931=CARTESIAN_POINT('',(0.05437,0.03,-0.04437));
#15932=CARTESIAN_POINT('',(0.05437,0.03,-0.04437));
#15933=CARTESIAN_POINT('',(0.02437,0.03,-0.04437));
#15934=CARTESIAN_POINT('',(0.02437,0.22,-0.04437));
#15935=CARTESIAN_POINT('',(0.05437,0.22,-0.03437));
#15936=CARTESIAN_POINT('',(0.05437,0.0529494559660321,-0.03437));
#15937=CARTESIAN_POINT('',(0.05437,0.0529494559660322,-0.03437));
#15938=CARTESIAN_POINT('',(0.05437,0.22,-0.03437));
#15939=CARTESIAN_POINT('',(0.05437,0.03,-0.03437));
#15940=CARTESIAN_POINT('',(0.05437,0.03,-0.03437));
#15941=CARTESIAN_POINT('',(0.02437,0.22,-0.03437));
#15942=CARTESIAN_POINT('',(0.0343539912954575,0.219401147074421,-0.03437));
#15943=CARTESIAN_POINT('',(0.02437,0.052949455966034,-0.03437));
#15944=CARTESIAN_POINT('',(0.03287,0.194660254037844,-0.03437));
#15945=CARTESIAN_POINT('',(0.02437,0.22,-0.03437));
#15946=CARTESIAN_POINT('',(0.02437,0.03,-0.03437));
#15947=CARTESIAN_POINT('',(0.02437,0.03,-0.03437));
#15948=CARTESIAN_POINT('',(0.0442784628843762,0.221194135780898,-0.03437));
#15949=CARTESIAN_POINT('',(0.04587,0.194660254037844,-0.03437));
#15950=CARTESIAN_POINT('',(0.0514674318643354,0.204355290418778,-0.03437));
#15951=CARTESIAN_POINT('',(0.04087,0.186,-0.03437));
#15952=CARTESIAN_POINT('',(0.0393097231963934,0.220672297630915,-0.03437));
#15953=CARTESIAN_POINT('',(0.0468624175363941,0.0528371638479057,-0.03437));
#15954=CARTESIAN_POINT('',(0.03937,0.0524999999999999,-0.03437));
#15955=CARTESIAN_POINT('',(0.0318775824636059,0.0528371638479057,-0.03437));
#15956=CARTESIAN_POINT('',(0.0393696477580947,0.219325005723349,-0.03437));
#15957=CARTESIAN_POINT('',(0.03787,0.186,-0.03437));
#15958=CARTESIAN_POINT('',(0.0197725681356645,0.217345671475545,-0.03437));
#15959=CARTESIAN_POINT('',(-0.02437,0.22,0.03437));
#15960=CARTESIAN_POINT('',(-0.0442784628843762,0.221194135780898,0.03437));
#15961=CARTESIAN_POINT('',(-0.04587,0.194660254037844,0.03437));
#15962=CARTESIAN_POINT('',(-0.05437,0.0529494559660335,0.03437));
#15963=CARTESIAN_POINT('',(-0.0514674318643355,0.204355290418778,0.03437));
#15964=CARTESIAN_POINT('',(-0.04087,0.186,0.03437));
#15965=CARTESIAN_POINT('',(-0.0393097231963936,0.220672297630915,0.03437));
#15966=CARTESIAN_POINT('',(-0.0468624175363941,0.0528371638479057,0.03437));
#15967=CARTESIAN_POINT('',(-0.03937,0.0524999999999999,0.03437));
#15968=CARTESIAN_POINT('',(-0.0318775824636059,0.0528371638479057,0.03437));
#15969=CARTESIAN_POINT('',(-0.0393696477580948,0.219325005723349,0.03437));
#15970=CARTESIAN_POINT('',(-0.03787,0.186,0.03437));
#15971=CARTESIAN_POINT('',(-0.0197725681356646,0.217345671475545,0.03437));
#15972=CARTESIAN_POINT('',(-0.03287,0.194660254037844,0.03437));
#15973=CARTESIAN_POINT('',(-0.0343539912954575,0.219401147074421,0.03437));
#15974=CARTESIAN_POINT('',(-0.02437,0.0529494559660326,0.03437));
#15975=CARTESIAN_POINT('',(-0.02437,0.22,0.03437));
#15976=CARTESIAN_POINT('',(-0.02437,0.03,0.03437));
#15977=CARTESIAN_POINT('',(-0.02437,0.03,0.03437));
#15978=CARTESIAN_POINT('',(-0.05437,0.03,0.03437));
#15979=CARTESIAN_POINT('',(-0.05437,0.22,0.03437));
#15980=CARTESIAN_POINT('',(-0.02437,0.22,0.04437));
#15981=CARTESIAN_POINT('',(-0.02437,0.0529494559660326,0.04437));
#15982=CARTESIAN_POINT('',(-0.02437,0.0529494559660327,0.04437));
#15983=CARTESIAN_POINT('',(-0.02437,0.22,0.04437));
#15984=CARTESIAN_POINT('',(-0.02437,0.03,0.04437));
#15985=CARTESIAN_POINT('',(-0.02437,0.03,0.04437));
#15986=CARTESIAN_POINT('',(-0.05437,0.22,0.04437));
#15987=CARTESIAN_POINT('',(-0.0443860087045425,0.219401147074421,0.04437));
#15988=CARTESIAN_POINT('',(-0.05437,0.0529494559660335,0.04437));
#15989=CARTESIAN_POINT('',(-0.04587,0.194660254037844,0.04437));
#15990=CARTESIAN_POINT('',(-0.05437,0.22,0.04437));
#15991=CARTESIAN_POINT('',(-0.05437,0.03,0.04437));
#15992=CARTESIAN_POINT('',(-0.05437,0.03,0.04437));
#15993=CARTESIAN_POINT('',(-0.0344615371156238,0.221194135780898,0.04437));
#15994=CARTESIAN_POINT('',(-0.03287,0.194660254037844,0.04437));
#15995=CARTESIAN_POINT('',(-0.0272725681356646,0.204355290418778,0.04437));
#15996=CARTESIAN_POINT('',(-0.03787,0.186,0.04437));
#15997=CARTESIAN_POINT('',(-0.0394302768036066,0.220672297630915,0.04437));
#15998=CARTESIAN_POINT('',(-0.0318775824636059,0.0528371638479057,0.04437));
#15999=CARTESIAN_POINT('',(-0.03937,0.0524999999999999,0.04437));
#16000=CARTESIAN_POINT('',(-0.0468624175363941,0.0528371638479057,0.04437));
#16001=CARTESIAN_POINT('',(-0.0393703522419053,0.219325005723349,0.04437));
#16002=CARTESIAN_POINT('',(-0.04087,0.186,0.04437));
#16003=CARTESIAN_POINT('',(-0.0589674318643355,0.217345671475545,0.04437));
#16004=CARTESIAN_POINT('',(-0.02437,0.22,-0.04437));
#16005=CARTESIAN_POINT('',(-0.0442784628843762,0.221194135780898,-0.04437));
#16006=CARTESIAN_POINT('',(-0.04587,0.194660254037844,-0.04437));
#16007=CARTESIAN_POINT('',(-0.05437,0.0529494559660335,-0.04437));
#16008=CARTESIAN_POINT('',(-0.0514674318643355,0.204355290418778,-0.04437));
#16009=CARTESIAN_POINT('',(-0.04087,0.186,-0.04437));
#16010=CARTESIAN_POINT('',(-0.0393097231963936,0.220672297630915,-0.04437));
#16011=CARTESIAN_POINT('',(-0.0468624175363941,0.0528371638479057,-0.04437));
#16012=CARTESIAN_POINT('',(-0.03937,0.0524999999999999,-0.04437));
#16013=CARTESIAN_POINT('',(-0.0318775824636059,0.0528371638479057,-0.04437));
#16014=CARTESIAN_POINT('',(-0.0393696477580948,0.219325005723349,-0.04437));
#16015=CARTESIAN_POINT('',(-0.03787,0.186,-0.04437));
#16016=CARTESIAN_POINT('',(-0.0197725681356646,0.217345671475545,-0.04437));
#16017=CARTESIAN_POINT('',(-0.03287,0.194660254037844,-0.04437));
#16018=CARTESIAN_POINT('',(-0.0343539912954575,0.219401147074421,-0.04437));
#16019=CARTESIAN_POINT('',(-0.02437,0.0529494559660326,-0.04437));
#16020=CARTESIAN_POINT('',(-0.02437,0.22,-0.04437));
#16021=CARTESIAN_POINT('',(-0.02437,0.03,-0.04437));
#16022=CARTESIAN_POINT('',(-0.02437,0.03,-0.04437));
#16023=CARTESIAN_POINT('',(-0.05437,0.03,-0.04437));
#16024=CARTESIAN_POINT('',(-0.05437,0.22,-0.04437));
#16025=CARTESIAN_POINT('',(-0.02437,0.22,-0.03437));
#16026=CARTESIAN_POINT('',(-0.02437,0.0529494559660326,-0.03437));
#16027=CARTESIAN_POINT('',(-0.02437,0.0529494559660327,-0.03437));
#16028=CARTESIAN_POINT('',(-0.02437,0.22,-0.03437));
#16029=CARTESIAN_POINT('',(-0.02437,0.03,-0.03437));
#16030=CARTESIAN_POINT('',(-0.02437,0.03,-0.03437));
#16031=CARTESIAN_POINT('',(-0.05437,0.22,-0.03437));
#16032=CARTESIAN_POINT('',(-0.0443860087045425,0.219401147074421,-0.03437));
#16033=CARTESIAN_POINT('',(-0.05437,0.0529494559660335,-0.03437));
#16034=CARTESIAN_POINT('',(-0.04587,0.194660254037844,-0.03437));
#16035=CARTESIAN_POINT('',(-0.05437,0.22,-0.03437));
#16036=CARTESIAN_POINT('',(-0.05437,0.03,-0.03437));
#16037=CARTESIAN_POINT('',(-0.05437,0.03,-0.03437));
#16038=CARTESIAN_POINT('',(-0.0344615371156238,0.221194135780898,-0.03437));
#16039=CARTESIAN_POINT('',(-0.03287,0.194660254037844,-0.03437));
#16040=CARTESIAN_POINT('',(-0.0272725681356646,0.204355290418778,-0.03437));
#16041=CARTESIAN_POINT('',(-0.03787,0.186,-0.03437));
#16042=CARTESIAN_POINT('',(-0.0394302768036066,0.220672297630915,-0.03437));
#16043=CARTESIAN_POINT('',(-0.0318775824636059,0.0528371638479057,-0.03437));
#16044=CARTESIAN_POINT('',(-0.03937,0.0524999999999999,-0.03437));
#16045=CARTESIAN_POINT('',(-0.0468624175363941,0.0528371638479057,-0.03437));
#16046=CARTESIAN_POINT('',(-0.0393703522419053,0.219325005723349,-0.03437));
#16047=CARTESIAN_POINT('',(-0.04087,0.186,-0.03437));
#16048=CARTESIAN_POINT('',(-0.0589674318643355,0.217345671475545,-0.03437));
#16049=CARTESIAN_POINT('',(-0.10311,0.22,0.03437));
#16050=CARTESIAN_POINT('',(-0.123018462884376,0.221194135780898,0.03437));
#16051=CARTESIAN_POINT('',(-0.12461,0.194660254037844,0.03437));
#16052=CARTESIAN_POINT('',(-0.13311,0.0529494559660335,0.03437));
#16053=CARTESIAN_POINT('',(-0.130207431864335,0.204355290418778,0.03437));
#16054=CARTESIAN_POINT('',(-0.11961,0.186,0.03437));
#16055=CARTESIAN_POINT('',(-0.118049723196394,0.220672297630915,0.03437));
#16056=CARTESIAN_POINT('',(-0.125602417536394,0.0528371638479057,0.03437));
#16057=CARTESIAN_POINT('',(-0.11811,0.0524999999999999,0.03437));
#16058=CARTESIAN_POINT('',(-0.110617582463606,0.0528371638479057,0.03437));
#16059=CARTESIAN_POINT('',(-0.118109647758095,0.219325005723349,0.03437));
#16060=CARTESIAN_POINT('',(-0.11661,0.186,0.03437));
#16061=CARTESIAN_POINT('',(-0.0985125681356646,0.217345671475545,0.03437));
#16062=CARTESIAN_POINT('',(-0.11161,0.194660254037844,0.03437));
#16063=CARTESIAN_POINT('',(-0.113093991295458,0.219401147074421,0.03437));
#16064=CARTESIAN_POINT('',(-0.10311,0.0529494559660324,0.03437));
#16065=CARTESIAN_POINT('',(-0.10311,0.22,0.03437));
#16066=CARTESIAN_POINT('',(-0.10311,0.03,0.03437));
#16067=CARTESIAN_POINT('',(-0.10311,0.03,0.03437));
#16068=CARTESIAN_POINT('',(-0.13311,0.03,0.03437));
#16069=CARTESIAN_POINT('',(-0.13311,0.22,0.03437));
#16070=CARTESIAN_POINT('',(-0.10311,0.22,0.04437));
#16071=CARTESIAN_POINT('',(-0.10311,0.0529494559660324,0.04437));
#16072=CARTESIAN_POINT('',(-0.10311,0.0529494559660322,0.04437));
#16073=CARTESIAN_POINT('',(-0.10311,0.22,0.04437));
#16074=CARTESIAN_POINT('',(-0.10311,0.03,0.04437));
#16075=CARTESIAN_POINT('',(-0.10311,0.03,0.04437));
#16076=CARTESIAN_POINT('',(-0.13311,0.22,0.04437));
#16077=CARTESIAN_POINT('',(-0.123126008704543,0.219401147074421,0.04437));
#16078=CARTESIAN_POINT('',(-0.13311,0.0529494559660335,0.04437));
#16079=CARTESIAN_POINT('',(-0.12461,0.194660254037844,0.04437));
#16080=CARTESIAN_POINT('',(-0.13311,0.22,0.04437));
#16081=CARTESIAN_POINT('',(-0.13311,0.03,0.04437));
#16082=CARTESIAN_POINT('',(-0.13311,0.03,0.04437));
#16083=CARTESIAN_POINT('',(-0.113201537115624,0.221194135780898,0.04437));
#16084=CARTESIAN_POINT('',(-0.11161,0.194660254037844,0.04437));
#16085=CARTESIAN_POINT('',(-0.106012568135665,0.204355290418778,0.04437));
#16086=CARTESIAN_POINT('',(-0.11661,0.186,0.04437));
#16087=CARTESIAN_POINT('',(-0.118170276803607,0.220672297630915,0.04437));
#16088=CARTESIAN_POINT('',(-0.110617582463606,0.0528371638479057,0.04437));
#16089=CARTESIAN_POINT('',(-0.11811,0.0524999999999999,0.04437));
#16090=CARTESIAN_POINT('',(-0.125602417536394,0.0528371638479057,0.04437));
#16091=CARTESIAN_POINT('',(-0.118110352241905,0.219325005723349,0.04437));
#16092=CARTESIAN_POINT('',(-0.11961,0.186,0.04437));
#16093=CARTESIAN_POINT('',(-0.137707431864336,0.217345671475545,0.04437));
#16094=CARTESIAN_POINT('',(-0.10311,0.22,-0.04437));
#16095=CARTESIAN_POINT('',(-0.123018462884376,0.221194135780898,-0.04437));
#16096=CARTESIAN_POINT('',(-0.12461,0.194660254037844,-0.04437));
#16097=CARTESIAN_POINT('',(-0.13311,0.0529494559660335,-0.04437));
#16098=CARTESIAN_POINT('',(-0.130207431864335,0.204355290418778,-0.04437));
#16099=CARTESIAN_POINT('',(-0.11961,0.186,-0.04437));
#16100=CARTESIAN_POINT('',(-0.118049723196394,0.220672297630915,-0.04437));
#16101=CARTESIAN_POINT('',(-0.125602417536394,0.0528371638479057,-0.04437));
#16102=CARTESIAN_POINT('',(-0.11811,0.0524999999999999,-0.04437));
#16103=CARTESIAN_POINT('',(-0.110617582463606,0.0528371638479057,-0.04437));
#16104=CARTESIAN_POINT('',(-0.118109647758095,0.219325005723349,-0.04437));
#16105=CARTESIAN_POINT('',(-0.11661,0.186,-0.04437));
#16106=CARTESIAN_POINT('',(-0.0985125681356646,0.217345671475545,-0.04437));
#16107=CARTESIAN_POINT('',(-0.11161,0.194660254037844,-0.04437));
#16108=CARTESIAN_POINT('',(-0.113093991295458,0.219401147074421,-0.04437));
#16109=CARTESIAN_POINT('',(-0.10311,0.0529494559660324,-0.04437));
#16110=CARTESIAN_POINT('',(-0.10311,0.22,-0.04437));
#16111=CARTESIAN_POINT('',(-0.10311,0.03,-0.04437));
#16112=CARTESIAN_POINT('',(-0.10311,0.03,-0.04437));
#16113=CARTESIAN_POINT('',(-0.13311,0.03,-0.04437));
#16114=CARTESIAN_POINT('',(-0.13311,0.22,-0.04437));
#16115=CARTESIAN_POINT('',(-0.10311,0.22,-0.03437));
#16116=CARTESIAN_POINT('',(-0.10311,0.0529494559660324,-0.03437));
#16117=CARTESIAN_POINT('',(-0.10311,0.0529494559660322,-0.03437));
#16118=CARTESIAN_POINT('',(-0.10311,0.22,-0.03437));
#16119=CARTESIAN_POINT('',(-0.10311,0.03,-0.03437));
#16120=CARTESIAN_POINT('',(-0.10311,0.03,-0.03437));
#16121=CARTESIAN_POINT('',(-0.13311,0.22,-0.03437));
#16122=CARTESIAN_POINT('',(-0.123126008704543,0.219401147074421,-0.03437));
#16123=CARTESIAN_POINT('',(-0.13311,0.0529494559660335,-0.03437));
#16124=CARTESIAN_POINT('',(-0.12461,0.194660254037844,-0.03437));
#16125=CARTESIAN_POINT('',(-0.13311,0.22,-0.03437));
#16126=CARTESIAN_POINT('',(-0.13311,0.03,-0.03437));
#16127=CARTESIAN_POINT('',(-0.13311,0.03,-0.03437));
#16128=CARTESIAN_POINT('',(-0.113201537115624,0.221194135780898,-0.03437));
#16129=CARTESIAN_POINT('',(-0.11161,0.194660254037844,-0.03437));
#16130=CARTESIAN_POINT('',(-0.106012568135665,0.204355290418778,-0.03437));
#16131=CARTESIAN_POINT('',(-0.11661,0.186,-0.03437));
#16132=CARTESIAN_POINT('',(-0.118170276803607,0.220672297630915,-0.03437));
#16133=CARTESIAN_POINT('',(-0.110617582463606,0.0528371638479057,-0.03437));
#16134=CARTESIAN_POINT('',(-0.11811,0.0524999999999999,-0.03437));
#16135=CARTESIAN_POINT('',(-0.125602417536394,0.0528371638479057,-0.03437));
#16136=CARTESIAN_POINT('',(-0.118110352241905,0.219325005723349,-0.03437));
#16137=CARTESIAN_POINT('',(-0.11961,0.186,-0.03437));
#16138=CARTESIAN_POINT('',(-0.137707431864336,0.217345671475545,-0.03437));
#16139=CARTESIAN_POINT('',(-0.18185,0.22,0.03437));
#16140=CARTESIAN_POINT('',(-0.201758462884376,0.221194135780898,0.03437));
#16141=CARTESIAN_POINT('',(-0.20335,0.194660254037844,0.03437));
#16142=CARTESIAN_POINT('',(-0.21185,0.0529494559660338,0.03437));
#16143=CARTESIAN_POINT('',(-0.208947431864335,0.204355290418778,0.03437));
#16144=CARTESIAN_POINT('',(-0.19835,0.186,0.03437));
#16145=CARTESIAN_POINT('',(-0.196789723196394,0.220672297630915,0.03437));
#16146=CARTESIAN_POINT('',(-0.204342417536394,0.0528371638479057,0.03437));
#16147=CARTESIAN_POINT('',(-0.19685,0.0524999999999999,0.03437));
#16148=CARTESIAN_POINT('',(-0.189357582463606,0.0528371638479057,0.03437));
#16149=CARTESIAN_POINT('',(-0.196849647758095,0.219325005723349,0.03437));
#16150=CARTESIAN_POINT('',(-0.19535,0.186,0.03437));
#16151=CARTESIAN_POINT('',(-0.177252568135665,0.217345671475545,0.03437));
#16152=CARTESIAN_POINT('',(-0.19035,0.194660254037844,0.03437));
#16153=CARTESIAN_POINT('',(-0.191833991295458,0.219401147074421,0.03437));
#16154=CARTESIAN_POINT('',(-0.18185,0.0529494559660327,0.03437));
#16155=CARTESIAN_POINT('',(-0.18185,0.22,0.03437));
#16156=CARTESIAN_POINT('',(-0.18185,0.03,0.03437));
#16157=CARTESIAN_POINT('',(-0.18185,0.03,0.03437));
#16158=CARTESIAN_POINT('',(-0.21185,0.03,0.03437));
#16159=CARTESIAN_POINT('',(-0.21185,0.22,0.03437));
#16160=CARTESIAN_POINT('',(-0.18185,0.22,0.04437));
#16161=CARTESIAN_POINT('',(-0.18185,0.0529494559660327,0.04437));
#16162=CARTESIAN_POINT('',(-0.18185,0.0529494559660329,0.04437));
#16163=CARTESIAN_POINT('',(-0.18185,0.22,0.04437));
#16164=CARTESIAN_POINT('',(-0.18185,0.03,0.04437));
#16165=CARTESIAN_POINT('',(-0.18185,0.03,0.04437));
#16166=CARTESIAN_POINT('',(-0.21185,0.22,0.04437));
#16167=CARTESIAN_POINT('',(-0.201866008704543,0.219401147074421,0.04437));
#16168=CARTESIAN_POINT('',(-0.21185,0.0529494559660338,0.04437));
#16169=CARTESIAN_POINT('',(-0.20335,0.194660254037844,0.04437));
#16170=CARTESIAN_POINT('',(-0.21185,0.22,0.04437));
#16171=CARTESIAN_POINT('',(-0.21185,0.03,0.04437));
#16172=CARTESIAN_POINT('',(-0.21185,0.03,0.04437));
#16173=CARTESIAN_POINT('',(-0.191941537115624,0.221194135780898,0.04437));
#16174=CARTESIAN_POINT('',(-0.19035,0.194660254037844,0.04437));
#16175=CARTESIAN_POINT('',(-0.184752568135665,0.204355290418778,0.04437));
#16176=CARTESIAN_POINT('',(-0.19535,0.186,0.04437));
#16177=CARTESIAN_POINT('',(-0.196910276803607,0.220672297630915,0.04437));
#16178=CARTESIAN_POINT('',(-0.189357582463606,0.0528371638479057,0.04437));
#16179=CARTESIAN_POINT('',(-0.19685,0.0524999999999999,0.04437));
#16180=CARTESIAN_POINT('',(-0.204342417536394,0.0528371638479057,0.04437));
#16181=CARTESIAN_POINT('',(-0.196850352241905,0.219325005723349,0.04437));
#16182=CARTESIAN_POINT('',(-0.19835,0.186,0.04437));
#16183=CARTESIAN_POINT('',(-0.216447431864336,0.217345671475545,0.04437));
#16184=CARTESIAN_POINT('',(-0.18185,0.22,-0.04437));
#16185=CARTESIAN_POINT('',(-0.201758462884376,0.221194135780898,-0.04437));
#16186=CARTESIAN_POINT('',(-0.20335,0.194660254037844,-0.04437));
#16187=CARTESIAN_POINT('',(-0.21185,0.0529494559660338,-0.04437));
#16188=CARTESIAN_POINT('',(-0.208947431864335,0.204355290418778,-0.04437));
#16189=CARTESIAN_POINT('',(-0.19835,0.186,-0.04437));
#16190=CARTESIAN_POINT('',(-0.196789723196394,0.220672297630915,-0.04437));
#16191=CARTESIAN_POINT('',(-0.204342417536394,0.0528371638479057,-0.04437));
#16192=CARTESIAN_POINT('',(-0.19685,0.0524999999999999,-0.04437));
#16193=CARTESIAN_POINT('',(-0.189357582463606,0.0528371638479057,-0.04437));
#16194=CARTESIAN_POINT('',(-0.196849647758095,0.219325005723349,-0.04437));
#16195=CARTESIAN_POINT('',(-0.19535,0.186,-0.04437));
#16196=CARTESIAN_POINT('',(-0.177252568135665,0.217345671475545,-0.04437));
#16197=CARTESIAN_POINT('',(-0.19035,0.194660254037844,-0.04437));
#16198=CARTESIAN_POINT('',(-0.191833991295458,0.219401147074421,-0.04437));
#16199=CARTESIAN_POINT('',(-0.18185,0.0529494559660327,-0.04437));
#16200=CARTESIAN_POINT('',(-0.18185,0.22,-0.04437));
#16201=CARTESIAN_POINT('',(-0.18185,0.03,-0.04437));
#16202=CARTESIAN_POINT('',(-0.18185,0.03,-0.04437));
#16203=CARTESIAN_POINT('',(-0.21185,0.03,-0.04437));
#16204=CARTESIAN_POINT('',(-0.21185,0.22,-0.04437));
#16205=CARTESIAN_POINT('',(-0.18185,0.22,-0.03437));
#16206=CARTESIAN_POINT('',(-0.18185,0.0529494559660327,-0.03437));
#16207=CARTESIAN_POINT('',(-0.18185,0.0529494559660329,-0.03437));
#16208=CARTESIAN_POINT('',(-0.18185,0.22,-0.03437));
#16209=CARTESIAN_POINT('',(-0.18185,0.03,-0.03437));
#16210=CARTESIAN_POINT('',(-0.18185,0.03,-0.03437));
#16211=CARTESIAN_POINT('',(-0.21185,0.22,-0.03437));
#16212=CARTESIAN_POINT('',(-0.201866008704543,0.219401147074421,-0.03437));
#16213=CARTESIAN_POINT('',(-0.21185,0.0529494559660338,-0.03437));
#16214=CARTESIAN_POINT('',(-0.20335,0.194660254037844,-0.03437));
#16215=CARTESIAN_POINT('',(-0.21185,0.22,-0.03437));
#16216=CARTESIAN_POINT('',(-0.21185,0.03,-0.03437));
#16217=CARTESIAN_POINT('',(-0.21185,0.03,-0.03437));
#16218=CARTESIAN_POINT('',(-0.191941537115624,0.221194135780898,-0.03437));
#16219=CARTESIAN_POINT('',(-0.19035,0.194660254037844,-0.03437));
#16220=CARTESIAN_POINT('',(-0.184752568135665,0.204355290418778,-0.03437));
#16221=CARTESIAN_POINT('',(-0.19535,0.186,-0.03437));
#16222=CARTESIAN_POINT('',(-0.196910276803607,0.220672297630915,-0.03437));
#16223=CARTESIAN_POINT('',(-0.189357582463606,0.0528371638479057,-0.03437));
#16224=CARTESIAN_POINT('',(-0.19685,0.0524999999999999,-0.03437));
#16225=CARTESIAN_POINT('',(-0.204342417536394,0.0528371638479057,-0.03437));
#16226=CARTESIAN_POINT('',(-0.196850352241905,0.219325005723349,-0.03437));
#16227=CARTESIAN_POINT('',(-0.19835,0.186,-0.03437));
#16228=CARTESIAN_POINT('',(-0.216447431864336,0.217345671475545,-0.03437));
#16229=CARTESIAN_POINT('',(-0.26059,0.22,0.03437));
#16230=CARTESIAN_POINT('',(-0.280498462884376,0.221194135780898,0.03437));
#16231=CARTESIAN_POINT('',(-0.28209,0.194660254037844,0.03437));
#16232=CARTESIAN_POINT('',(-0.29059,0.0529494559660338,0.03437));
#16233=CARTESIAN_POINT('',(-0.287687431864335,0.204355290418778,0.03437));
#16234=CARTESIAN_POINT('',(-0.27709,0.186,0.03437));
#16235=CARTESIAN_POINT('',(-0.275529723196394,0.220672297630915,0.03437));
#16236=CARTESIAN_POINT('',(-0.283082417536394,0.0528371638479057,0.03437));
#16237=CARTESIAN_POINT('',(-0.27559,0.0524999999999999,0.03437));
#16238=CARTESIAN_POINT('',(-0.268097582463606,0.0528371638479057,0.03437));
#16239=CARTESIAN_POINT('',(-0.275589647758095,0.219325005723349,0.03437));
#16240=CARTESIAN_POINT('',(-0.27409,0.186,0.03437));
#16241=CARTESIAN_POINT('',(-0.255992568135665,0.217345671475545,0.03437));
#16242=CARTESIAN_POINT('',(-0.26909,0.194660254037844,0.03437));
#16243=CARTESIAN_POINT('',(-0.270573991295458,0.219401147074421,0.03437));
#16244=CARTESIAN_POINT('',(-0.26059,0.0529494559660321,0.03437));
#16245=CARTESIAN_POINT('',(-0.26059,0.22,0.03437));
#16246=CARTESIAN_POINT('',(-0.26059,0.03,0.03437));
#16247=CARTESIAN_POINT('',(-0.26059,0.03,0.03437));
#16248=CARTESIAN_POINT('',(-0.29059,0.03,0.03437));
#16249=CARTESIAN_POINT('',(-0.29059,0.22,0.03437));
#16250=CARTESIAN_POINT('',(-0.26059,0.22,0.04437));
#16251=CARTESIAN_POINT('',(-0.26059,0.0529494559660321,0.04437));
#16252=CARTESIAN_POINT('',(-0.26059,0.0529494559660322,0.04437));
#16253=CARTESIAN_POINT('',(-0.26059,0.22,0.04437));
#16254=CARTESIAN_POINT('',(-0.26059,0.03,0.04437));
#16255=CARTESIAN_POINT('',(-0.26059,0.03,0.04437));
#16256=CARTESIAN_POINT('',(-0.29059,0.22,0.04437));
#16257=CARTESIAN_POINT('',(-0.280606008704543,0.219401147074421,0.04437));
#16258=CARTESIAN_POINT('',(-0.29059,0.0529494559660338,0.04437));
#16259=CARTESIAN_POINT('',(-0.28209,0.194660254037844,0.04437));
#16260=CARTESIAN_POINT('',(-0.29059,0.22,0.04437));
#16261=CARTESIAN_POINT('',(-0.29059,0.03,0.04437));
#16262=CARTESIAN_POINT('',(-0.29059,0.03,0.04437));
#16263=CARTESIAN_POINT('',(-0.270681537115624,0.221194135780898,0.04437));
#16264=CARTESIAN_POINT('',(-0.26909,0.194660254037844,0.04437));
#16265=CARTESIAN_POINT('',(-0.263492568135665,0.204355290418778,0.04437));
#16266=CARTESIAN_POINT('',(-0.27409,0.186,0.04437));
#16267=CARTESIAN_POINT('',(-0.275650276803607,0.220672297630915,0.04437));
#16268=CARTESIAN_POINT('',(-0.268097582463606,0.0528371638479057,0.04437));
#16269=CARTESIAN_POINT('',(-0.27559,0.0524999999999999,0.04437));
#16270=CARTESIAN_POINT('',(-0.283082417536394,0.0528371638479057,0.04437));
#16271=CARTESIAN_POINT('',(-0.275590352241905,0.219325005723349,0.04437));
#16272=CARTESIAN_POINT('',(-0.27709,0.186,0.04437));
#16273=CARTESIAN_POINT('',(-0.295187431864335,0.217345671475545,0.04437));
#16274=CARTESIAN_POINT('',(-0.26059,0.22,-0.04437));
#16275=CARTESIAN_POINT('',(-0.280498462884376,0.221194135780898,-0.04437));
#16276=CARTESIAN_POINT('',(-0.28209,0.194660254037844,-0.04437));
#16277=CARTESIAN_POINT('',(-0.29059,0.0529494559660338,-0.04437));
#16278=CARTESIAN_POINT('',(-0.287687431864335,0.204355290418778,-0.04437));
#16279=CARTESIAN_POINT('',(-0.27709,0.186,-0.04437));
#16280=CARTESIAN_POINT('',(-0.275529723196394,0.220672297630915,-0.04437));
#16281=CARTESIAN_POINT('',(-0.283082417536394,0.0528371638479057,-0.04437));
#16282=CARTESIAN_POINT('',(-0.27559,0.0524999999999999,-0.04437));
#16283=CARTESIAN_POINT('',(-0.268097582463606,0.0528371638479057,-0.04437));
#16284=CARTESIAN_POINT('',(-0.275589647758095,0.219325005723349,-0.04437));
#16285=CARTESIAN_POINT('',(-0.27409,0.186,-0.04437));
#16286=CARTESIAN_POINT('',(-0.255992568135665,0.217345671475545,-0.04437));
#16287=CARTESIAN_POINT('',(-0.26909,0.194660254037844,-0.04437));
#16288=CARTESIAN_POINT('',(-0.270573991295458,0.219401147074421,-0.04437));
#16289=CARTESIAN_POINT('',(-0.26059,0.0529494559660321,-0.04437));
#16290=CARTESIAN_POINT('',(-0.26059,0.22,-0.04437));
#16291=CARTESIAN_POINT('',(-0.26059,0.03,-0.04437));
#16292=CARTESIAN_POINT('',(-0.26059,0.03,-0.04437));
#16293=CARTESIAN_POINT('',(-0.29059,0.03,-0.04437));
#16294=CARTESIAN_POINT('',(-0.29059,0.22,-0.04437));
#16295=CARTESIAN_POINT('',(-0.26059,0.22,-0.03437));
#16296=CARTESIAN_POINT('',(-0.26059,0.0529494559660321,-0.03437));
#16297=CARTESIAN_POINT('',(-0.26059,0.0529494559660322,-0.03437));
#16298=CARTESIAN_POINT('',(-0.26059,0.22,-0.03437));
#16299=CARTESIAN_POINT('',(-0.26059,0.03,-0.03437));
#16300=CARTESIAN_POINT('',(-0.26059,0.03,-0.03437));
#16301=CARTESIAN_POINT('',(-0.29059,0.22,-0.03437));
#16302=CARTESIAN_POINT('',(-0.280606008704543,0.219401147074421,-0.03437));
#16303=CARTESIAN_POINT('',(-0.29059,0.0529494559660338,-0.03437));
#16304=CARTESIAN_POINT('',(-0.28209,0.194660254037844,-0.03437));
#16305=CARTESIAN_POINT('',(-0.29059,0.22,-0.03437));
#16306=CARTESIAN_POINT('',(-0.29059,0.03,-0.03437));
#16307=CARTESIAN_POINT('',(-0.29059,0.03,-0.03437));
#16308=CARTESIAN_POINT('',(-0.270681537115624,0.221194135780898,-0.03437));
#16309=CARTESIAN_POINT('',(-0.26909,0.194660254037844,-0.03437));
#16310=CARTESIAN_POINT('',(-0.263492568135665,0.204355290418778,-0.03437));
#16311=CARTESIAN_POINT('',(-0.27409,0.186,-0.03437));
#16312=CARTESIAN_POINT('',(-0.275650276803607,0.220672297630915,-0.03437));
#16313=CARTESIAN_POINT('',(-0.268097582463606,0.0528371638479057,-0.03437));
#16314=CARTESIAN_POINT('',(-0.27559,0.0524999999999999,-0.03437));
#16315=CARTESIAN_POINT('',(-0.283082417536394,0.0528371638479057,-0.03437));
#16316=CARTESIAN_POINT('',(-0.275590352241905,0.219325005723349,-0.03437));
#16317=CARTESIAN_POINT('',(-0.27709,0.186,-0.03437));
#16318=CARTESIAN_POINT('',(-0.295187431864335,0.217345671475545,-0.03437));
#16319=CARTESIAN_POINT('',(-0.33933,0.22,0.03437));
#16320=CARTESIAN_POINT('',(-0.359238462884376,0.221194135780898,0.03437));
#16321=CARTESIAN_POINT('',(-0.36083,0.194660254037844,0.03437));
#16322=CARTESIAN_POINT('',(-0.36933,0.0529494559660332,0.03437));
#16323=CARTESIAN_POINT('',(-0.366427431864336,0.204355290418778,0.03437));
#16324=CARTESIAN_POINT('',(-0.35583,0.186,0.03437));
#16325=CARTESIAN_POINT('',(-0.354269723196394,0.220672297630915,0.03437));
#16326=CARTESIAN_POINT('',(-0.361822417536394,0.0528371638479057,0.03437));
#16327=CARTESIAN_POINT('',(-0.35433,0.0524999999999999,0.03437));
#16328=CARTESIAN_POINT('',(-0.346837582463606,0.0528371638479057,0.03437));
#16329=CARTESIAN_POINT('',(-0.354329647758095,0.219325005723349,0.03437));
#16330=CARTESIAN_POINT('',(-0.35283,0.186,0.03437));
#16331=CARTESIAN_POINT('',(-0.334732568135665,0.217345671475545,0.03437));
#16332=CARTESIAN_POINT('',(-0.34783,0.194660254037844,0.03437));
#16333=CARTESIAN_POINT('',(-0.349313991295458,0.219401147074421,0.03437));
#16334=CARTESIAN_POINT('',(-0.33933,0.0529494559660332,0.03437));
#16335=CARTESIAN_POINT('',(-0.33933,0.22,0.03437));
#16336=CARTESIAN_POINT('',(-0.33933,0.03,0.03437));
#16337=CARTESIAN_POINT('',(-0.33933,0.03,0.03437));
#16338=CARTESIAN_POINT('',(-0.36933,0.03,0.03437));
#16339=CARTESIAN_POINT('',(-0.36933,0.22,0.03437));
#16340=CARTESIAN_POINT('',(-0.33933,0.22,0.04437));
#16341=CARTESIAN_POINT('',(-0.33933,0.0529494559660332,0.04437));
#16342=CARTESIAN_POINT('',(-0.33933,0.052949455966034,0.04437));
#16343=CARTESIAN_POINT('',(-0.33933,0.22,0.04437));
#16344=CARTESIAN_POINT('',(-0.33933,0.03,0.04437));
#16345=CARTESIAN_POINT('',(-0.33933,0.03,0.04437));
#16346=CARTESIAN_POINT('',(-0.36933,0.22,0.04437));
#16347=CARTESIAN_POINT('',(-0.359346008704543,0.219401147074421,0.04437));
#16348=CARTESIAN_POINT('',(-0.36933,0.0529494559660332,0.04437));
#16349=CARTESIAN_POINT('',(-0.36083,0.194660254037844,0.04437));
#16350=CARTESIAN_POINT('',(-0.36933,0.22,0.04437));
#16351=CARTESIAN_POINT('',(-0.36933,0.03,0.04437));
#16352=CARTESIAN_POINT('',(-0.36933,0.03,0.04437));
#16353=CARTESIAN_POINT('',(-0.349421537115624,0.221194135780898,0.04437));
#16354=CARTESIAN_POINT('',(-0.34783,0.194660254037844,0.04437));
#16355=CARTESIAN_POINT('',(-0.342232568135665,0.204355290418778,0.04437));
#16356=CARTESIAN_POINT('',(-0.35283,0.186,0.04437));
#16357=CARTESIAN_POINT('',(-0.354390276803607,0.220672297630915,0.04437));
#16358=CARTESIAN_POINT('',(-0.346837582463606,0.0528371638479057,0.04437));
#16359=CARTESIAN_POINT('',(-0.35433,0.0524999999999999,0.04437));
#16360=CARTESIAN_POINT('',(-0.361822417536394,0.0528371638479057,0.04437));
#16361=CARTESIAN_POINT('',(-0.354330352241905,0.219325005723349,0.04437));
#16362=CARTESIAN_POINT('',(-0.35583,0.186,0.04437));
#16363=CARTESIAN_POINT('',(-0.373927431864336,0.217345671475545,0.04437));
#16364=CARTESIAN_POINT('',(-0.33933,0.22,-0.04437));
#16365=CARTESIAN_POINT('',(-0.359238462884376,0.221194135780898,-0.04437));
#16366=CARTESIAN_POINT('',(-0.36083,0.194660254037844,-0.04437));
#16367=CARTESIAN_POINT('',(-0.36933,0.0529494559660332,-0.04437));
#16368=CARTESIAN_POINT('',(-0.366427431864336,0.204355290418778,-0.04437));
#16369=CARTESIAN_POINT('',(-0.35583,0.186,-0.04437));
#16370=CARTESIAN_POINT('',(-0.354269723196394,0.220672297630915,-0.04437));
#16371=CARTESIAN_POINT('',(-0.361822417536394,0.0528371638479057,-0.04437));
#16372=CARTESIAN_POINT('',(-0.35433,0.0524999999999999,-0.04437));
#16373=CARTESIAN_POINT('',(-0.346837582463606,0.0528371638479057,-0.04437));
#16374=CARTESIAN_POINT('',(-0.354329647758095,0.219325005723349,-0.04437));
#16375=CARTESIAN_POINT('',(-0.35283,0.186,-0.04437));
#16376=CARTESIAN_POINT('',(-0.334732568135665,0.217345671475545,-0.04437));
#16377=CARTESIAN_POINT('',(-0.34783,0.194660254037844,-0.04437));
#16378=CARTESIAN_POINT('',(-0.349313991295458,0.219401147074421,-0.04437));
#16379=CARTESIAN_POINT('',(-0.33933,0.0529494559660332,-0.04437));
#16380=CARTESIAN_POINT('',(-0.33933,0.22,-0.04437));
#16381=CARTESIAN_POINT('',(-0.33933,0.03,-0.04437));
#16382=CARTESIAN_POINT('',(-0.33933,0.03,-0.04437));
#16383=CARTESIAN_POINT('',(-0.36933,0.03,-0.04437));
#16384=CARTESIAN_POINT('',(-0.36933,0.22,-0.04437));
#16385=CARTESIAN_POINT('',(-0.33933,0.22,-0.03437));
#16386=CARTESIAN_POINT('',(-0.33933,0.0529494559660332,-0.03437));
#16387=CARTESIAN_POINT('',(-0.33933,0.052949455966034,-0.03437));
#16388=CARTESIAN_POINT('',(-0.33933,0.22,-0.03437));
#16389=CARTESIAN_POINT('',(-0.33933,0.03,-0.03437));
#16390=CARTESIAN_POINT('',(-0.33933,0.03,-0.03437));
#16391=CARTESIAN_POINT('',(-0.36933,0.22,-0.03437));
#16392=CARTESIAN_POINT('',(-0.359346008704543,0.219401147074421,-0.03437));
#16393=CARTESIAN_POINT('',(-0.36933,0.0529494559660332,-0.03437));
#16394=CARTESIAN_POINT('',(-0.36083,0.194660254037844,-0.03437));
#16395=CARTESIAN_POINT('',(-0.36933,0.22,-0.03437));
#16396=CARTESIAN_POINT('',(-0.36933,0.03,-0.03437));
#16397=CARTESIAN_POINT('',(-0.36933,0.03,-0.03437));
#16398=CARTESIAN_POINT('',(-0.349421537115624,0.221194135780898,-0.03437));
#16399=CARTESIAN_POINT('',(-0.34783,0.194660254037844,-0.03437));
#16400=CARTESIAN_POINT('',(-0.342232568135665,0.204355290418778,-0.03437));
#16401=CARTESIAN_POINT('',(-0.35283,0.186,-0.03437));
#16402=CARTESIAN_POINT('',(-0.354390276803607,0.220672297630915,-0.03437));
#16403=CARTESIAN_POINT('',(-0.346837582463606,0.0528371638479057,-0.03437));
#16404=CARTESIAN_POINT('',(-0.35433,0.0524999999999999,-0.03437));
#16405=CARTESIAN_POINT('',(-0.361822417536394,0.0528371638479057,-0.03437));
#16406=CARTESIAN_POINT('',(-0.354330352241905,0.219325005723349,-0.03437));
#16407=CARTESIAN_POINT('',(-0.35583,0.186,-0.03437));
#16408=CARTESIAN_POINT('',(-0.373927431864336,0.217345671475545,-0.03437));
#16409=CARTESIAN_POINT('',(0.33933,0.22,0.03437));
#16410=CARTESIAN_POINT('',(0.33933,0.0529494559660344,0.03437));
#16411=CARTESIAN_POINT('',(0.33933,0.03,0.03437));
#16412=CARTESIAN_POINT('',(0.33933,0.22,-0.04437));
#16413=CARTESIAN_POINT('',(0.33933,0.0529494559660344,-0.04437));
#16414=CARTESIAN_POINT('',(0.33933,0.03,-0.04437));
#16415=CARTESIAN_POINT('',(0.26059,0.22,0.03437));
#16416=CARTESIAN_POINT('',(0.26059,0.0529494559660338,0.03437));
#16417=CARTESIAN_POINT('',(0.26059,0.03,0.03437));
#16418=CARTESIAN_POINT('',(0.26059,0.22,-0.04437));
#16419=CARTESIAN_POINT('',(0.26059,0.0529494559660338,-0.04437));
#16420=CARTESIAN_POINT('',(0.26059,0.03,-0.04437));
#16421=CARTESIAN_POINT('',(0.18185,0.22,0.03437));
#16422=CARTESIAN_POINT('',(0.18185,0.0529494559660332,0.03437));
#16423=CARTESIAN_POINT('',(0.18185,0.03,0.03437));
#16424=CARTESIAN_POINT('',(0.18185,0.22,-0.04437));
#16425=CARTESIAN_POINT('',(0.18185,0.0529494559660332,-0.04437));
#16426=CARTESIAN_POINT('',(0.18185,0.03,-0.04437));
#16427=CARTESIAN_POINT('',(0.10311,0.22,0.03437));
#16428=CARTESIAN_POINT('',(0.10311,0.0529494559660335,0.03437));
#16429=CARTESIAN_POINT('',(0.10311,0.03,0.03437));
#16430=CARTESIAN_POINT('',(0.10311,0.22,-0.04437));
#16431=CARTESIAN_POINT('',(0.10311,0.0529494559660335,-0.04437));
#16432=CARTESIAN_POINT('',(0.10311,0.03,-0.04437));
#16433=CARTESIAN_POINT('',(0.02437,0.22,0.03437));
#16434=CARTESIAN_POINT('',(0.02437,0.052949455966034,0.03437));
#16435=CARTESIAN_POINT('',(0.02437,0.03,0.03437));
#16436=CARTESIAN_POINT('',(0.02437,0.22,-0.04437));
#16437=CARTESIAN_POINT('',(0.02437,0.052949455966034,-0.04437));
#16438=CARTESIAN_POINT('',(0.02437,0.03,-0.04437));
#16439=CARTESIAN_POINT('',(-0.05437,0.22,0.03437));
#16440=CARTESIAN_POINT('',(-0.05437,0.0529494559660335,0.03437));
#16441=CARTESIAN_POINT('',(-0.05437,0.03,0.03437));
#16442=CARTESIAN_POINT('',(-0.05437,0.22,-0.04437));
#16443=CARTESIAN_POINT('',(-0.05437,0.0529494559660335,-0.04437));
#16444=CARTESIAN_POINT('',(-0.05437,0.03,-0.04437));
#16445=CARTESIAN_POINT('',(-0.13311,0.22,0.03437));
#16446=CARTESIAN_POINT('',(-0.13311,0.0529494559660335,0.03437));
#16447=CARTESIAN_POINT('',(-0.13311,0.03,0.03437));
#16448=CARTESIAN_POINT('',(-0.13311,0.22,-0.04437));
#16449=CARTESIAN_POINT('',(-0.13311,0.0529494559660335,-0.04437));
#16450=CARTESIAN_POINT('',(-0.13311,0.03,-0.04437));
#16451=CARTESIAN_POINT('',(-0.21185,0.22,0.03437));
#16452=CARTESIAN_POINT('',(-0.21185,0.0529494559660338,0.03437));
#16453=CARTESIAN_POINT('',(-0.21185,0.03,0.03437));
#16454=CARTESIAN_POINT('',(-0.21185,0.22,-0.04437));
#16455=CARTESIAN_POINT('',(-0.21185,0.0529494559660338,-0.04437));
#16456=CARTESIAN_POINT('',(-0.21185,0.03,-0.04437));
#16457=CARTESIAN_POINT('',(-0.29059,0.22,0.03437));
#16458=CARTESIAN_POINT('',(-0.29059,0.0529494559660338,0.03437));
#16459=CARTESIAN_POINT('',(-0.29059,0.03,0.03437));
#16460=CARTESIAN_POINT('',(-0.29059,0.22,-0.04437));
#16461=CARTESIAN_POINT('',(-0.29059,0.0529494559660338,-0.04437));
#16462=CARTESIAN_POINT('',(-0.29059,0.03,-0.04437));
#16463=CARTESIAN_POINT('',(-0.36933,0.22,0.03437));
#16464=CARTESIAN_POINT('',(-0.36933,0.0529494559660332,0.03437));
#16465=CARTESIAN_POINT('',(-0.36933,0.03,0.03437));
#16466=CARTESIAN_POINT('',(-0.36933,0.22,-0.04437));
#16467=CARTESIAN_POINT('',(-0.36933,0.0529494559660332,-0.04437));
#16468=CARTESIAN_POINT('',(-0.36933,0.03,-0.04437));
#16469=CARTESIAN_POINT('',(0.36418,-0.095,0.02952));
#16470=CARTESIAN_POINT('',(0.36418,-0.095,0.02952));
#16471=CARTESIAN_POINT('',(0.36418,-0.085,0.02952));
#16472=CARTESIAN_POINT('',(0.36418,0.025,0.02952));
#16473=CARTESIAN_POINT('',(0.39955,-0.085,0.02952));
#16474=CARTESIAN_POINT('',(0.34448,-0.085,0.02952));
#16475=CARTESIAN_POINT('',(0.34448,-0.095,0.02952));
#16476=CARTESIAN_POINT('',(0.34448,0.025,0.02952));
#16477=CARTESIAN_POINT('',(0.36418,0.025,0.02952));
#16478=CARTESIAN_POINT('',(0.34448,-0.095,0.04922));
#16479=CARTESIAN_POINT('',(0.34448,-0.095,0.04922));
#16480=CARTESIAN_POINT('',(0.34448,-0.085,0.04922));
#16481=CARTESIAN_POINT('',(0.34448,0.025,0.04922));
#16482=CARTESIAN_POINT('',(0.39955,-0.085,0.04922));
#16483=CARTESIAN_POINT('',(0.36418,-0.085,0.04922));
#16484=CARTESIAN_POINT('',(0.36418,-0.095,0.04922));
#16485=CARTESIAN_POINT('',(0.36418,0.025,0.04922));
#16486=CARTESIAN_POINT('',(0.34448,0.025,0.04922));
#16487=CARTESIAN_POINT('',(0.36418,-0.095,-0.04922));
#16488=CARTESIAN_POINT('',(0.36418,-0.095,-0.04922));
#16489=CARTESIAN_POINT('',(0.36418,-0.085,-0.04922));
#16490=CARTESIAN_POINT('',(0.36418,0.025,-0.04922));
#16491=CARTESIAN_POINT('',(0.39955,-0.085,-0.04922));
#16492=CARTESIAN_POINT('',(0.34448,-0.085,-0.04922));
#16493=CARTESIAN_POINT('',(0.34448,-0.095,-0.04922));
#16494=CARTESIAN_POINT('',(0.34448,0.025,-0.04922));
#16495=CARTESIAN_POINT('',(0.36418,0.025,-0.04922));
#16496=CARTESIAN_POINT('',(0.34448,-0.095,-0.02952));
#16497=CARTESIAN_POINT('',(0.34448,-0.095,-0.02952));
#16498=CARTESIAN_POINT('',(0.34448,-0.085,-0.02952));
#16499=CARTESIAN_POINT('',(0.34448,0.025,-0.02952));
#16500=CARTESIAN_POINT('',(0.39955,-0.085,-0.02952));
#16501=CARTESIAN_POINT('',(0.36418,-0.085,-0.02952));
#16502=CARTESIAN_POINT('',(0.36418,-0.095,-0.02952));
#16503=CARTESIAN_POINT('',(0.36418,0.025,-0.02952));
#16504=CARTESIAN_POINT('',(0.34448,0.025,-0.02952));
#16505=CARTESIAN_POINT('',(0.28544,-0.095,0.02952));
#16506=CARTESIAN_POINT('',(0.28544,-0.095,0.02952));
#16507=CARTESIAN_POINT('',(0.28544,-0.085,0.02952));
#16508=CARTESIAN_POINT('',(0.28544,0.025,0.02952));
#16509=CARTESIAN_POINT('',(0.39955,-0.085,0.02952));
#16510=CARTESIAN_POINT('',(0.26574,-0.085,0.02952));
#16511=CARTESIAN_POINT('',(0.26574,-0.095,0.02952));
#16512=CARTESIAN_POINT('',(0.26574,0.025,0.02952));
#16513=CARTESIAN_POINT('',(0.28544,0.025,0.02952));
#16514=CARTESIAN_POINT('',(0.26574,-0.095,0.04922));
#16515=CARTESIAN_POINT('',(0.26574,-0.095,0.04922));
#16516=CARTESIAN_POINT('',(0.26574,-0.085,0.04922));
#16517=CARTESIAN_POINT('',(0.26574,0.025,0.04922));
#16518=CARTESIAN_POINT('',(0.39955,-0.085,0.04922));
#16519=CARTESIAN_POINT('',(0.28544,-0.085,0.04922));
#16520=CARTESIAN_POINT('',(0.28544,-0.095,0.04922));
#16521=CARTESIAN_POINT('',(0.28544,0.025,0.04922));
#16522=CARTESIAN_POINT('',(0.26574,0.025,0.04922));
#16523=CARTESIAN_POINT('',(0.28544,-0.095,-0.04922));
#16524=CARTESIAN_POINT('',(0.28544,-0.095,-0.04922));
#16525=CARTESIAN_POINT('',(0.28544,-0.085,-0.04922));
#16526=CARTESIAN_POINT('',(0.28544,0.025,-0.04922));
#16527=CARTESIAN_POINT('',(0.39955,-0.085,-0.04922));
#16528=CARTESIAN_POINT('',(0.26574,-0.085,-0.04922));
#16529=CARTESIAN_POINT('',(0.26574,-0.095,-0.04922));
#16530=CARTESIAN_POINT('',(0.26574,0.025,-0.04922));
#16531=CARTESIAN_POINT('',(0.28544,0.025,-0.04922));
#16532=CARTESIAN_POINT('',(0.26574,-0.095,-0.02952));
#16533=CARTESIAN_POINT('',(0.26574,-0.095,-0.02952));
#16534=CARTESIAN_POINT('',(0.26574,-0.085,-0.02952));
#16535=CARTESIAN_POINT('',(0.26574,0.025,-0.02952));
#16536=CARTESIAN_POINT('',(0.39955,-0.085,-0.02952));
#16537=CARTESIAN_POINT('',(0.28544,-0.085,-0.02952));
#16538=CARTESIAN_POINT('',(0.28544,-0.095,-0.02952));
#16539=CARTESIAN_POINT('',(0.28544,0.025,-0.02952));
#16540=CARTESIAN_POINT('',(0.26574,0.025,-0.02952));
#16541=CARTESIAN_POINT('',(0.2067,-0.095,0.02952));
#16542=CARTESIAN_POINT('',(0.2067,-0.095,0.02952));
#16543=CARTESIAN_POINT('',(0.2067,-0.085,0.02952));
#16544=CARTESIAN_POINT('',(0.2067,0.025,0.02952));
#16545=CARTESIAN_POINT('',(0.39955,-0.085,0.02952));
#16546=CARTESIAN_POINT('',(0.187,-0.085,0.02952));
#16547=CARTESIAN_POINT('',(0.187,-0.095,0.02952));
#16548=CARTESIAN_POINT('',(0.187,0.025,0.02952));
#16549=CARTESIAN_POINT('',(0.2067,0.025,0.02952));
#16550=CARTESIAN_POINT('',(0.187,-0.095,0.04922));
#16551=CARTESIAN_POINT('',(0.187,-0.095,0.04922));
#16552=CARTESIAN_POINT('',(0.187,-0.085,0.04922));
#16553=CARTESIAN_POINT('',(0.187,0.025,0.04922));
#16554=CARTESIAN_POINT('',(0.39955,-0.085,0.04922));
#16555=CARTESIAN_POINT('',(0.2067,-0.085,0.04922));
#16556=CARTESIAN_POINT('',(0.2067,-0.095,0.04922));
#16557=CARTESIAN_POINT('',(0.2067,0.025,0.04922));
#16558=CARTESIAN_POINT('',(0.187,0.025,0.04922));
#16559=CARTESIAN_POINT('',(0.2067,-0.095,-0.04922));
#16560=CARTESIAN_POINT('',(0.2067,-0.095,-0.04922));
#16561=CARTESIAN_POINT('',(0.2067,-0.085,-0.04922));
#16562=CARTESIAN_POINT('',(0.2067,0.025,-0.04922));
#16563=CARTESIAN_POINT('',(0.39955,-0.085,-0.04922));
#16564=CARTESIAN_POINT('',(0.187,-0.085,-0.04922));
#16565=CARTESIAN_POINT('',(0.187,-0.095,-0.04922));
#16566=CARTESIAN_POINT('',(0.187,0.025,-0.04922));
#16567=CARTESIAN_POINT('',(0.2067,0.025,-0.04922));
#16568=CARTESIAN_POINT('',(0.187,-0.095,-0.02952));
#16569=CARTESIAN_POINT('',(0.187,-0.095,-0.02952));
#16570=CARTESIAN_POINT('',(0.187,-0.085,-0.02952));
#16571=CARTESIAN_POINT('',(0.187,0.025,-0.02952));
#16572=CARTESIAN_POINT('',(0.39955,-0.085,-0.02952));
#16573=CARTESIAN_POINT('',(0.2067,-0.085,-0.02952));
#16574=CARTESIAN_POINT('',(0.2067,-0.095,-0.02952));
#16575=CARTESIAN_POINT('',(0.2067,0.025,-0.02952));
#16576=CARTESIAN_POINT('',(0.187,0.025,-0.02952));
#16577=CARTESIAN_POINT('',(0.12796,-0.095,0.02952));
#16578=CARTESIAN_POINT('',(0.12796,-0.095,0.02952));
#16579=CARTESIAN_POINT('',(0.12796,-0.085,0.02952));
#16580=CARTESIAN_POINT('',(0.12796,0.025,0.02952));
#16581=CARTESIAN_POINT('',(0.39955,-0.085,0.02952));
#16582=CARTESIAN_POINT('',(0.10826,-0.085,0.02952));
#16583=CARTESIAN_POINT('',(0.10826,-0.095,0.02952));
#16584=CARTESIAN_POINT('',(0.10826,0.025,0.02952));
#16585=CARTESIAN_POINT('',(0.12796,0.025,0.02952));
#16586=CARTESIAN_POINT('',(0.10826,-0.095,0.04922));
#16587=CARTESIAN_POINT('',(0.10826,-0.095,0.04922));
#16588=CARTESIAN_POINT('',(0.10826,-0.085,0.04922));
#16589=CARTESIAN_POINT('',(0.10826,0.025,0.04922));
#16590=CARTESIAN_POINT('',(0.39955,-0.085,0.04922));
#16591=CARTESIAN_POINT('',(0.12796,-0.085,0.04922));
#16592=CARTESIAN_POINT('',(0.12796,-0.095,0.04922));
#16593=CARTESIAN_POINT('',(0.12796,0.025,0.04922));
#16594=CARTESIAN_POINT('',(0.10826,0.025,0.04922));
#16595=CARTESIAN_POINT('',(0.12796,-0.095,-0.04922));
#16596=CARTESIAN_POINT('',(0.12796,-0.095,-0.04922));
#16597=CARTESIAN_POINT('',(0.12796,-0.085,-0.04922));
#16598=CARTESIAN_POINT('',(0.12796,0.025,-0.04922));
#16599=CARTESIAN_POINT('',(0.39955,-0.085,-0.04922));
#16600=CARTESIAN_POINT('',(0.10826,-0.085,-0.04922));
#16601=CARTESIAN_POINT('',(0.10826,-0.095,-0.04922));
#16602=CARTESIAN_POINT('',(0.10826,0.025,-0.04922));
#16603=CARTESIAN_POINT('',(0.12796,0.025,-0.04922));
#16604=CARTESIAN_POINT('',(0.10826,-0.095,-0.02952));
#16605=CARTESIAN_POINT('',(0.10826,-0.095,-0.02952));
#16606=CARTESIAN_POINT('',(0.10826,-0.085,-0.02952));
#16607=CARTESIAN_POINT('',(0.10826,0.025,-0.02952));
#16608=CARTESIAN_POINT('',(0.39955,-0.085,-0.02952));
#16609=CARTESIAN_POINT('',(0.12796,-0.085,-0.02952));
#16610=CARTESIAN_POINT('',(0.12796,-0.095,-0.02952));
#16611=CARTESIAN_POINT('',(0.12796,0.025,-0.02952));
#16612=CARTESIAN_POINT('',(0.10826,0.025,-0.02952));
#16613=CARTESIAN_POINT('',(0.04922,-0.095,0.02952));
#16614=CARTESIAN_POINT('',(0.04922,-0.095,0.02952));
#16615=CARTESIAN_POINT('',(0.0492199999999999,-0.085,0.02952));
#16616=CARTESIAN_POINT('',(0.04922,0.025,0.02952));
#16617=CARTESIAN_POINT('',(0.39955,-0.085,0.02952));
#16618=CARTESIAN_POINT('',(0.0295199999999999,-0.085,0.02952));
#16619=CARTESIAN_POINT('',(0.02952,-0.095,0.02952));
#16620=CARTESIAN_POINT('',(0.02952,0.025,0.02952));
#16621=CARTESIAN_POINT('',(0.04922,0.025,0.02952));
#16622=CARTESIAN_POINT('',(0.02952,-0.095,0.04922));
#16623=CARTESIAN_POINT('',(0.02952,-0.095,0.04922));
#16624=CARTESIAN_POINT('',(0.02952,-0.085,0.04922));
#16625=CARTESIAN_POINT('',(0.02952,0.025,0.04922));
#16626=CARTESIAN_POINT('',(0.39955,-0.085,0.04922));
#16627=CARTESIAN_POINT('',(0.04922,-0.085,0.04922));
#16628=CARTESIAN_POINT('',(0.04922,-0.095,0.04922));
#16629=CARTESIAN_POINT('',(0.04922,0.025,0.04922));
#16630=CARTESIAN_POINT('',(0.02952,0.025,0.04922));
#16631=CARTESIAN_POINT('',(0.04922,-0.095,-0.04922));
#16632=CARTESIAN_POINT('',(0.04922,-0.095,-0.04922));
#16633=CARTESIAN_POINT('',(0.0492199999999999,-0.085,-0.04922));
#16634=CARTESIAN_POINT('',(0.04922,0.025,-0.04922));
#16635=CARTESIAN_POINT('',(0.39955,-0.085,-0.04922));
#16636=CARTESIAN_POINT('',(0.02952,-0.085,-0.04922));
#16637=CARTESIAN_POINT('',(0.02952,-0.095,-0.04922));
#16638=CARTESIAN_POINT('',(0.02952,0.025,-0.04922));
#16639=CARTESIAN_POINT('',(0.04922,0.025,-0.04922));
#16640=CARTESIAN_POINT('',(0.02952,-0.095,-0.02952));
#16641=CARTESIAN_POINT('',(0.02952,-0.095,-0.02952));
#16642=CARTESIAN_POINT('',(0.02952,-0.085,-0.02952));
#16643=CARTESIAN_POINT('',(0.02952,0.025,-0.02952));
#16644=CARTESIAN_POINT('',(0.39955,-0.085,-0.02952));
#16645=CARTESIAN_POINT('',(0.04922,-0.085,-0.02952));
#16646=CARTESIAN_POINT('',(0.04922,-0.095,-0.02952));
#16647=CARTESIAN_POINT('',(0.04922,0.025,-0.02952));
#16648=CARTESIAN_POINT('',(0.02952,0.025,-0.02952));
#16649=CARTESIAN_POINT('',(-0.02952,-0.095,0.02952));
#16650=CARTESIAN_POINT('',(-0.02952,-0.095,0.02952));
#16651=CARTESIAN_POINT('',(-0.0295200000000001,-0.085,0.02952));
#16652=CARTESIAN_POINT('',(-0.02952,0.025,0.02952));
#16653=CARTESIAN_POINT('',(0.39955,-0.085,0.02952));
#16654=CARTESIAN_POINT('',(-0.04922,-0.085,0.02952));
#16655=CARTESIAN_POINT('',(-0.04922,-0.095,0.02952));
#16656=CARTESIAN_POINT('',(-0.04922,0.025,0.02952));
#16657=CARTESIAN_POINT('',(-0.02952,0.025,0.02952));
#16658=CARTESIAN_POINT('',(-0.04922,-0.095,0.04922));
#16659=CARTESIAN_POINT('',(-0.04922,-0.095,0.04922));
#16660=CARTESIAN_POINT('',(-0.04922,-0.085,0.04922));
#16661=CARTESIAN_POINT('',(-0.04922,0.025,0.04922));
#16662=CARTESIAN_POINT('',(0.39955,-0.085,0.04922));
#16663=CARTESIAN_POINT('',(-0.0295199999999999,-0.085,0.04922));
#16664=CARTESIAN_POINT('',(-0.02952,-0.095,0.04922));
#16665=CARTESIAN_POINT('',(-0.02952,0.025,0.04922));
#16666=CARTESIAN_POINT('',(-0.04922,0.025,0.04922));
#16667=CARTESIAN_POINT('',(-0.02952,-0.095,-0.04922));
#16668=CARTESIAN_POINT('',(-0.02952,-0.095,-0.04922));
#16669=CARTESIAN_POINT('',(-0.0295200000000001,-0.085,-0.04922));
#16670=CARTESIAN_POINT('',(-0.02952,0.025,-0.04922));
#16671=CARTESIAN_POINT('',(0.39955,-0.085,-0.04922));
#16672=CARTESIAN_POINT('',(-0.0492200000000001,-0.085,-0.04922));
#16673=CARTESIAN_POINT('',(-0.04922,-0.095,-0.04922));
#16674=CARTESIAN_POINT('',(-0.04922,0.025,-0.04922));
#16675=CARTESIAN_POINT('',(-0.02952,0.025,-0.04922));
#16676=CARTESIAN_POINT('',(-0.04922,-0.095,-0.02952));
#16677=CARTESIAN_POINT('',(-0.04922,-0.095,-0.02952));
#16678=CARTESIAN_POINT('',(-0.04922,-0.085,-0.02952));
#16679=CARTESIAN_POINT('',(-0.04922,0.025,-0.02952));
#16680=CARTESIAN_POINT('',(0.39955,-0.085,-0.02952));
#16681=CARTESIAN_POINT('',(-0.0295199999999999,-0.085,-0.02952));
#16682=CARTESIAN_POINT('',(-0.02952,-0.095,-0.02952));
#16683=CARTESIAN_POINT('',(-0.02952,0.025,-0.02952));
#16684=CARTESIAN_POINT('',(-0.04922,0.025,-0.02952));
#16685=CARTESIAN_POINT('',(-0.10826,-0.095,0.02952));
#16686=CARTESIAN_POINT('',(-0.10826,-0.095,0.02952));
#16687=CARTESIAN_POINT('',(-0.10826,-0.085,0.02952));
#16688=CARTESIAN_POINT('',(-0.10826,0.025,0.02952));
#16689=CARTESIAN_POINT('',(0.39955,-0.085,0.02952));
#16690=CARTESIAN_POINT('',(-0.12796,-0.085,0.02952));
#16691=CARTESIAN_POINT('',(-0.12796,-0.095,0.02952));
#16692=CARTESIAN_POINT('',(-0.12796,0.025,0.02952));
#16693=CARTESIAN_POINT('',(-0.10826,0.025,0.02952));
#16694=CARTESIAN_POINT('',(-0.12796,-0.095,0.04922));
#16695=CARTESIAN_POINT('',(-0.12796,-0.095,0.04922));
#16696=CARTESIAN_POINT('',(-0.12796,-0.085,0.04922));
#16697=CARTESIAN_POINT('',(-0.12796,0.025,0.04922));
#16698=CARTESIAN_POINT('',(0.39955,-0.085,0.04922));
#16699=CARTESIAN_POINT('',(-0.10826,-0.085,0.04922));
#16700=CARTESIAN_POINT('',(-0.10826,-0.095,0.04922));
#16701=CARTESIAN_POINT('',(-0.10826,0.025,0.04922));
#16702=CARTESIAN_POINT('',(-0.12796,0.025,0.04922));
#16703=CARTESIAN_POINT('',(-0.10826,-0.095,-0.04922));
#16704=CARTESIAN_POINT('',(-0.10826,-0.095,-0.04922));
#16705=CARTESIAN_POINT('',(-0.10826,-0.085,-0.04922));
#16706=CARTESIAN_POINT('',(-0.10826,0.025,-0.04922));
#16707=CARTESIAN_POINT('',(0.39955,-0.085,-0.04922));
#16708=CARTESIAN_POINT('',(-0.12796,-0.085,-0.04922));
#16709=CARTESIAN_POINT('',(-0.12796,-0.095,-0.04922));
#16710=CARTESIAN_POINT('',(-0.12796,0.025,-0.04922));
#16711=CARTESIAN_POINT('',(-0.10826,0.025,-0.04922));
#16712=CARTESIAN_POINT('',(-0.12796,-0.095,-0.02952));
#16713=CARTESIAN_POINT('',(-0.12796,-0.095,-0.02952));
#16714=CARTESIAN_POINT('',(-0.12796,-0.085,-0.02952));
#16715=CARTESIAN_POINT('',(-0.12796,0.025,-0.02952));
#16716=CARTESIAN_POINT('',(0.39955,-0.085,-0.02952));
#16717=CARTESIAN_POINT('',(-0.10826,-0.085,-0.02952));
#16718=CARTESIAN_POINT('',(-0.10826,-0.095,-0.02952));
#16719=CARTESIAN_POINT('',(-0.10826,0.025,-0.02952));
#16720=CARTESIAN_POINT('',(-0.12796,0.025,-0.02952));
#16721=CARTESIAN_POINT('',(-0.187,-0.095,0.02952));
#16722=CARTESIAN_POINT('',(-0.187,-0.095,0.02952));
#16723=CARTESIAN_POINT('',(-0.187,-0.085,0.02952));
#16724=CARTESIAN_POINT('',(-0.187,0.025,0.02952));
#16725=CARTESIAN_POINT('',(0.39955,-0.085,0.02952));
#16726=CARTESIAN_POINT('',(-0.2067,-0.085,0.02952));
#16727=CARTESIAN_POINT('',(-0.2067,-0.095,0.02952));
#16728=CARTESIAN_POINT('',(-0.2067,0.025,0.02952));
#16729=CARTESIAN_POINT('',(-0.187,0.025,0.02952));
#16730=CARTESIAN_POINT('',(-0.2067,-0.095,0.04922));
#16731=CARTESIAN_POINT('',(-0.2067,-0.095,0.04922));
#16732=CARTESIAN_POINT('',(-0.2067,-0.085,0.04922));
#16733=CARTESIAN_POINT('',(-0.2067,0.025,0.04922));
#16734=CARTESIAN_POINT('',(0.39955,-0.085,0.04922));
#16735=CARTESIAN_POINT('',(-0.187,-0.085,0.04922));
#16736=CARTESIAN_POINT('',(-0.187,-0.095,0.04922));
#16737=CARTESIAN_POINT('',(-0.187,0.025,0.04922));
#16738=CARTESIAN_POINT('',(-0.2067,0.025,0.04922));
#16739=CARTESIAN_POINT('',(-0.187,-0.095,-0.04922));
#16740=CARTESIAN_POINT('',(-0.187,-0.095,-0.04922));
#16741=CARTESIAN_POINT('',(-0.187,-0.085,-0.04922));
#16742=CARTESIAN_POINT('',(-0.187,0.025,-0.04922));
#16743=CARTESIAN_POINT('',(0.39955,-0.085,-0.04922));
#16744=CARTESIAN_POINT('',(-0.2067,-0.085,-0.04922));
#16745=CARTESIAN_POINT('',(-0.2067,-0.095,-0.04922));
#16746=CARTESIAN_POINT('',(-0.2067,0.025,-0.04922));
#16747=CARTESIAN_POINT('',(-0.187,0.025,-0.04922));
#16748=CARTESIAN_POINT('',(-0.2067,-0.095,-0.02952));
#16749=CARTESIAN_POINT('',(-0.2067,-0.095,-0.02952));
#16750=CARTESIAN_POINT('',(-0.2067,-0.085,-0.02952));
#16751=CARTESIAN_POINT('',(-0.2067,0.025,-0.02952));
#16752=CARTESIAN_POINT('',(0.39955,-0.085,-0.02952));
#16753=CARTESIAN_POINT('',(-0.187,-0.085,-0.02952));
#16754=CARTESIAN_POINT('',(-0.187,-0.095,-0.02952));
#16755=CARTESIAN_POINT('',(-0.187,0.025,-0.02952));
#16756=CARTESIAN_POINT('',(-0.2067,0.025,-0.02952));
#16757=CARTESIAN_POINT('',(-0.26574,-0.095,0.02952));
#16758=CARTESIAN_POINT('',(-0.26574,-0.095,0.02952));
#16759=CARTESIAN_POINT('',(-0.26574,-0.085,0.02952));
#16760=CARTESIAN_POINT('',(-0.26574,0.025,0.02952));
#16761=CARTESIAN_POINT('',(0.39955,-0.085,0.02952));
#16762=CARTESIAN_POINT('',(-0.28544,-0.085,0.02952));
#16763=CARTESIAN_POINT('',(-0.28544,-0.095,0.02952));
#16764=CARTESIAN_POINT('',(-0.28544,0.025,0.02952));
#16765=CARTESIAN_POINT('',(-0.26574,0.025,0.02952));
#16766=CARTESIAN_POINT('',(-0.28544,-0.095,0.04922));
#16767=CARTESIAN_POINT('',(-0.28544,-0.095,0.04922));
#16768=CARTESIAN_POINT('',(-0.28544,-0.085,0.04922));
#16769=CARTESIAN_POINT('',(-0.28544,0.025,0.04922));
#16770=CARTESIAN_POINT('',(0.39955,-0.085,0.04922));
#16771=CARTESIAN_POINT('',(-0.26574,-0.085,0.04922));
#16772=CARTESIAN_POINT('',(-0.26574,-0.095,0.04922));
#16773=CARTESIAN_POINT('',(-0.26574,0.025,0.04922));
#16774=CARTESIAN_POINT('',(-0.28544,0.025,0.04922));
#16775=CARTESIAN_POINT('',(-0.26574,-0.095,-0.04922));
#16776=CARTESIAN_POINT('',(-0.26574,-0.095,-0.04922));
#16777=CARTESIAN_POINT('',(-0.26574,-0.085,-0.04922));
#16778=CARTESIAN_POINT('',(-0.26574,0.025,-0.04922));
#16779=CARTESIAN_POINT('',(0.39955,-0.085,-0.04922));
#16780=CARTESIAN_POINT('',(-0.28544,-0.085,-0.04922));
#16781=CARTESIAN_POINT('',(-0.28544,-0.095,-0.04922));
#16782=CARTESIAN_POINT('',(-0.28544,0.025,-0.04922));
#16783=CARTESIAN_POINT('',(-0.26574,0.025,-0.04922));
#16784=CARTESIAN_POINT('',(-0.28544,-0.095,-0.02952));
#16785=CARTESIAN_POINT('',(-0.28544,-0.095,-0.02952));
#16786=CARTESIAN_POINT('',(-0.28544,-0.085,-0.02952));
#16787=CARTESIAN_POINT('',(-0.28544,0.025,-0.02952));
#16788=CARTESIAN_POINT('',(0.39955,-0.085,-0.02952));
#16789=CARTESIAN_POINT('',(-0.26574,-0.085,-0.02952));
#16790=CARTESIAN_POINT('',(-0.26574,-0.095,-0.02952));
#16791=CARTESIAN_POINT('',(-0.26574,0.025,-0.02952));
#16792=CARTESIAN_POINT('',(-0.28544,0.025,-0.02952));
#16793=CARTESIAN_POINT('',(-0.34448,-0.095,0.02952));
#16794=CARTESIAN_POINT('',(-0.34448,-0.095,0.02952));
#16795=CARTESIAN_POINT('',(-0.34448,-0.085,0.02952));
#16796=CARTESIAN_POINT('',(-0.34448,0.025,0.02952));
#16797=CARTESIAN_POINT('',(0.39955,-0.085,0.02952));
#16798=CARTESIAN_POINT('',(-0.36418,-0.085,0.02952));
#16799=CARTESIAN_POINT('',(-0.36418,-0.095,0.02952));
#16800=CARTESIAN_POINT('',(-0.36418,0.025,0.02952));
#16801=CARTESIAN_POINT('',(-0.34448,0.025,0.02952));
#16802=CARTESIAN_POINT('',(-0.36418,-0.095,0.04922));
#16803=CARTESIAN_POINT('',(-0.36418,-0.095,0.04922));
#16804=CARTESIAN_POINT('',(-0.36418,-0.085,0.04922));
#16805=CARTESIAN_POINT('',(-0.36418,0.025,0.04922));
#16806=CARTESIAN_POINT('',(0.39955,-0.085,0.04922));
#16807=CARTESIAN_POINT('',(-0.34448,-0.085,0.04922));
#16808=CARTESIAN_POINT('',(-0.34448,-0.095,0.04922));
#16809=CARTESIAN_POINT('',(-0.34448,0.025,0.04922));
#16810=CARTESIAN_POINT('',(-0.36418,0.025,0.04922));
#16811=CARTESIAN_POINT('',(-0.34448,-0.095,-0.04922));
#16812=CARTESIAN_POINT('',(-0.34448,-0.095,-0.04922));
#16813=CARTESIAN_POINT('',(-0.34448,-0.085,-0.04922));
#16814=CARTESIAN_POINT('',(-0.34448,0.025,-0.04922));
#16815=CARTESIAN_POINT('',(0.39955,-0.085,-0.04922));
#16816=CARTESIAN_POINT('',(-0.36418,-0.085,-0.04922));
#16817=CARTESIAN_POINT('',(-0.36418,-0.095,-0.04922));
#16818=CARTESIAN_POINT('',(-0.36418,0.025,-0.04922));
#16819=CARTESIAN_POINT('',(-0.34448,0.025,-0.04922));
#16820=CARTESIAN_POINT('',(-0.36418,-0.095,-0.02952));
#16821=CARTESIAN_POINT('',(-0.36418,-0.095,-0.02952));
#16822=CARTESIAN_POINT('',(-0.36418,-0.085,-0.02952));
#16823=CARTESIAN_POINT('',(-0.36418,0.025,-0.02952));
#16824=CARTESIAN_POINT('',(0.39955,-0.085,-0.02952));
#16825=CARTESIAN_POINT('',(-0.34448,-0.085,-0.02952));
#16826=CARTESIAN_POINT('',(-0.34448,-0.095,-0.02952));
#16827=CARTESIAN_POINT('',(-0.34448,0.025,-0.02952));
#16828=CARTESIAN_POINT('',(-0.36418,0.025,-0.02952));
#16829=CARTESIAN_POINT('',(0.,-0.09,0.));
#16830=CARTESIAN_POINT('',(0.,-0.09,0.031339851171331));
#16831=CARTESIAN_POINT('',(-0.346299851171331,-0.09,0.031339851171331));
#16832=CARTESIAN_POINT('',(-0.362360148828669,-0.09,0.031339851171331));
#16833=CARTESIAN_POINT('',(-0.346299851171331,-0.09,0.));
#16834=CARTESIAN_POINT('',(-0.346299851171331,-0.09,0.0474001488286689));
#16835=CARTESIAN_POINT('',(0.,-0.09,0.047400148828669));
#16836=CARTESIAN_POINT('',(-0.362360148828669,-0.09,0.047400148828669));
#16837=CARTESIAN_POINT('',(-0.362360148828669,-0.09,0.));
#16838=CARTESIAN_POINT('',(0.,-0.09,0.));
#16839=CARTESIAN_POINT('',(0.,-0.09,-0.047400148828669));
#16840=CARTESIAN_POINT('',(-0.267559851171331,-0.09,-0.047400148828669));
#16841=CARTESIAN_POINT('',(-0.283620148828669,-0.09,-0.047400148828669));
#16842=CARTESIAN_POINT('',(-0.267559851171331,-0.09,0.));
#16843=CARTESIAN_POINT('',(-0.267559851171331,-0.09,-0.031339851171331));
#16844=CARTESIAN_POINT('',(0.,-0.09,-0.031339851171331));
#16845=CARTESIAN_POINT('',(-0.283620148828669,-0.09,-0.031339851171331));
#16846=CARTESIAN_POINT('',(-0.283620148828669,-0.09,0.));
#16847=CARTESIAN_POINT('',(0.,-0.09,0.));
#16848=CARTESIAN_POINT('',(0.,-0.09,0.031339851171331));
#16849=CARTESIAN_POINT('',(-0.267559851171331,-0.09,0.031339851171331));
#16850=CARTESIAN_POINT('',(-0.283620148828669,-0.09,0.031339851171331));
#16851=CARTESIAN_POINT('',(-0.267559851171331,-0.09,0.));
#16852=CARTESIAN_POINT('',(-0.267559851171331,-0.09,0.0474001488286689));
#16853=CARTESIAN_POINT('',(0.,-0.09,0.047400148828669));
#16854=CARTESIAN_POINT('',(-0.283620148828669,-0.09,0.047400148828669));
#16855=CARTESIAN_POINT('',(-0.283620148828669,-0.09,0.));
#16856=CARTESIAN_POINT('',(0.,-0.09,0.));
#16857=CARTESIAN_POINT('',(0.,-0.09,-0.047400148828669));
#16858=CARTESIAN_POINT('',(-0.188819851171331,-0.09,-0.047400148828669));
#16859=CARTESIAN_POINT('',(-0.204880148828669,-0.09,-0.047400148828669));
#16860=CARTESIAN_POINT('',(-0.188819851171331,-0.09,0.));
#16861=CARTESIAN_POINT('',(-0.188819851171331,-0.09,-0.031339851171331));
#16862=CARTESIAN_POINT('',(0.,-0.09,-0.031339851171331));
#16863=CARTESIAN_POINT('',(-0.204880148828669,-0.09,-0.031339851171331));
#16864=CARTESIAN_POINT('',(-0.204880148828669,-0.09,0.));
#16865=CARTESIAN_POINT('',(0.,-0.09,0.));
#16866=CARTESIAN_POINT('',(0.,-0.09,0.031339851171331));
#16867=CARTESIAN_POINT('',(-0.188819851171331,-0.09,0.031339851171331));
#16868=CARTESIAN_POINT('',(-0.204880148828669,-0.09,0.031339851171331));
#16869=CARTESIAN_POINT('',(-0.188819851171331,-0.09,0.));
#16870=CARTESIAN_POINT('',(-0.188819851171331,-0.09,0.0474001488286689));
#16871=CARTESIAN_POINT('',(0.,-0.09,0.047400148828669));
#16872=CARTESIAN_POINT('',(-0.204880148828669,-0.09,0.047400148828669));
#16873=CARTESIAN_POINT('',(-0.204880148828669,-0.09,0.));
#16874=CARTESIAN_POINT('',(0.,-0.09,0.));
#16875=CARTESIAN_POINT('',(0.,-0.09,-0.047400148828669));
#16876=CARTESIAN_POINT('',(-0.110079851171331,-0.09,-0.047400148828669));
#16877=CARTESIAN_POINT('',(-0.126140148828669,-0.09,-0.047400148828669));
#16878=CARTESIAN_POINT('',(-0.110079851171331,-0.09,0.));
#16879=CARTESIAN_POINT('',(-0.110079851171331,-0.09,-0.031339851171331));
#16880=CARTESIAN_POINT('',(0.,-0.09,-0.031339851171331));
#16881=CARTESIAN_POINT('',(-0.126140148828669,-0.09,-0.031339851171331));
#16882=CARTESIAN_POINT('',(-0.126140148828669,-0.09,0.));
#16883=CARTESIAN_POINT('',(0.,-0.09,0.));
#16884=CARTESIAN_POINT('',(0.,-0.09,0.031339851171331));
#16885=CARTESIAN_POINT('',(-0.110079851171331,-0.09,0.031339851171331));
#16886=CARTESIAN_POINT('',(-0.126140148828669,-0.09,0.031339851171331));
#16887=CARTESIAN_POINT('',(-0.110079851171331,-0.09,0.));
#16888=CARTESIAN_POINT('',(-0.110079851171331,-0.09,0.047400148828669));
#16889=CARTESIAN_POINT('',(0.,-0.09,0.047400148828669));
#16890=CARTESIAN_POINT('',(-0.126140148828669,-0.09,0.047400148828669));
#16891=CARTESIAN_POINT('',(-0.126140148828669,-0.09,0.));
#16892=CARTESIAN_POINT('',(0.,-0.09,0.));
#16893=CARTESIAN_POINT('',(0.,-0.09,-0.047400148828669));
#16894=CARTESIAN_POINT('',(-0.0313398511713311,-0.09,-0.047400148828669));
#16895=CARTESIAN_POINT('',(-0.047400148828669,-0.09,-0.047400148828669));
#16896=CARTESIAN_POINT('',(-0.0313398511713311,-0.09,0.));
#16897=CARTESIAN_POINT('',(-0.0313398511713311,-0.09,-0.031339851171331));
#16898=CARTESIAN_POINT('',(0.,-0.09,-0.031339851171331));
#16899=CARTESIAN_POINT('',(-0.047400148828669,-0.09,-0.031339851171331));
#16900=CARTESIAN_POINT('',(-0.047400148828669,-0.09,0.));
#16901=CARTESIAN_POINT('',(0.,-0.09,0.));
#16902=CARTESIAN_POINT('',(0.,-0.09,0.031339851171331));
#16903=CARTESIAN_POINT('',(-0.0313398511713311,-0.09,0.031339851171331));
#16904=CARTESIAN_POINT('',(-0.047400148828669,-0.09,0.031339851171331));
#16905=CARTESIAN_POINT('',(-0.0313398511713311,-0.09,0.));
#16906=CARTESIAN_POINT('',(-0.0313398511713311,-0.09,0.047400148828669));
#16907=CARTESIAN_POINT('',(0.,-0.09,0.047400148828669));
#16908=CARTESIAN_POINT('',(-0.047400148828669,-0.09,0.047400148828669));
#16909=CARTESIAN_POINT('',(-0.047400148828669,-0.09,0.));
#16910=CARTESIAN_POINT('',(0.,-0.09,0.));
#16911=CARTESIAN_POINT('',(0.,-0.09,-0.047400148828669));
#16912=CARTESIAN_POINT('',(0.0474001488286689,-0.09,-0.047400148828669));
#16913=CARTESIAN_POINT('',(0.031339851171331,-0.09,-0.047400148828669));
#16914=CARTESIAN_POINT('',(0.0474001488286689,-0.09,0.));
#16915=CARTESIAN_POINT('',(0.0474001488286689,-0.09,-0.031339851171331));
#16916=CARTESIAN_POINT('',(0.,-0.09,-0.031339851171331));
#16917=CARTESIAN_POINT('',(0.031339851171331,-0.09,-0.031339851171331));
#16918=CARTESIAN_POINT('',(0.031339851171331,-0.09,0.));
#16919=CARTESIAN_POINT('',(0.,-0.09,0.));
#16920=CARTESIAN_POINT('',(0.,-0.09,0.031339851171331));
#16921=CARTESIAN_POINT('',(0.0474001488286689,-0.09,0.031339851171331));
#16922=CARTESIAN_POINT('',(0.031339851171331,-0.09,0.031339851171331));
#16923=CARTESIAN_POINT('',(0.0474001488286689,-0.09,0.));
#16924=CARTESIAN_POINT('',(0.0474001488286689,-0.09,0.047400148828669));
#16925=CARTESIAN_POINT('',(0.,-0.09,0.047400148828669));
#16926=CARTESIAN_POINT('',(0.031339851171331,-0.09,0.047400148828669));
#16927=CARTESIAN_POINT('',(0.031339851171331,-0.09,0.));
#16928=CARTESIAN_POINT('',(0.,-0.09,0.));
#16929=CARTESIAN_POINT('',(0.,-0.09,-0.047400148828669));
#16930=CARTESIAN_POINT('',(0.126140148828669,-0.09,-0.047400148828669));
#16931=CARTESIAN_POINT('',(0.110079851171331,-0.09,-0.047400148828669));
#16932=CARTESIAN_POINT('',(0.126140148828669,-0.09,0.));
#16933=CARTESIAN_POINT('',(0.126140148828669,-0.09,-0.031339851171331));
#16934=CARTESIAN_POINT('',(0.,-0.09,-0.031339851171331));
#16935=CARTESIAN_POINT('',(0.110079851171331,-0.09,-0.031339851171331));
#16936=CARTESIAN_POINT('',(0.110079851171331,-0.09,0.));
#16937=CARTESIAN_POINT('',(0.,-0.09,0.));
#16938=CARTESIAN_POINT('',(0.,-0.09,0.031339851171331));
#16939=CARTESIAN_POINT('',(0.126140148828669,-0.09,0.031339851171331));
#16940=CARTESIAN_POINT('',(0.110079851171331,-0.09,0.031339851171331));
#16941=CARTESIAN_POINT('',(0.126140148828669,-0.09,0.));
#16942=CARTESIAN_POINT('',(0.126140148828669,-0.09,0.047400148828669));
#16943=CARTESIAN_POINT('',(0.,-0.09,0.047400148828669));
#16944=CARTESIAN_POINT('',(0.110079851171331,-0.09,0.047400148828669));
#16945=CARTESIAN_POINT('',(0.110079851171331,-0.09,0.));
#16946=CARTESIAN_POINT('',(0.,-0.09,0.));
#16947=CARTESIAN_POINT('',(0.,-0.09,-0.047400148828669));
#16948=CARTESIAN_POINT('',(0.204880148828669,-0.09,-0.047400148828669));
#16949=CARTESIAN_POINT('',(0.188819851171331,-0.09,-0.047400148828669));
#16950=CARTESIAN_POINT('',(0.204880148828669,-0.09,0.));
#16951=CARTESIAN_POINT('',(0.204880148828669,-0.09,-0.031339851171331));
#16952=CARTESIAN_POINT('',(0.,-0.09,-0.031339851171331));
#16953=CARTESIAN_POINT('',(0.188819851171331,-0.09,-0.031339851171331));
#16954=CARTESIAN_POINT('',(0.188819851171331,-0.09,0.));
#16955=CARTESIAN_POINT('',(0.,-0.09,0.));
#16956=CARTESIAN_POINT('',(0.,-0.09,0.031339851171331));
#16957=CARTESIAN_POINT('',(0.204880148828669,-0.09,0.031339851171331));
#16958=CARTESIAN_POINT('',(0.188819851171331,-0.09,0.031339851171331));
#16959=CARTESIAN_POINT('',(0.204880148828669,-0.09,0.));
#16960=CARTESIAN_POINT('',(0.204880148828669,-0.09,0.047400148828669));
#16961=CARTESIAN_POINT('',(0.,-0.09,0.047400148828669));
#16962=CARTESIAN_POINT('',(0.188819851171331,-0.09,0.047400148828669));
#16963=CARTESIAN_POINT('',(0.188819851171331,-0.09,0.));
#16964=CARTESIAN_POINT('',(0.,-0.09,0.));
#16965=CARTESIAN_POINT('',(0.,-0.09,-0.047400148828669));
#16966=CARTESIAN_POINT('',(0.283620148828669,-0.09,-0.047400148828669));
#16967=CARTESIAN_POINT('',(0.267559851171331,-0.09,-0.047400148828669));
#16968=CARTESIAN_POINT('',(0.283620148828669,-0.09,0.));
#16969=CARTESIAN_POINT('',(0.283620148828669,-0.09,-0.031339851171331));
#16970=CARTESIAN_POINT('',(0.,-0.09,-0.031339851171331));
#16971=CARTESIAN_POINT('',(0.267559851171331,-0.09,-0.031339851171331));
#16972=CARTESIAN_POINT('',(0.267559851171331,-0.09,0.));
#16973=CARTESIAN_POINT('',(0.,-0.09,0.));
#16974=CARTESIAN_POINT('',(0.,-0.09,0.031339851171331));
#16975=CARTESIAN_POINT('',(0.283620148828669,-0.09,0.031339851171331));
#16976=CARTESIAN_POINT('',(0.267559851171331,-0.09,0.031339851171331));
#16977=CARTESIAN_POINT('',(0.283620148828669,-0.09,0.));
#16978=CARTESIAN_POINT('',(0.283620148828669,-0.09,0.047400148828669));
#16979=CARTESIAN_POINT('',(0.,-0.09,0.047400148828669));
#16980=CARTESIAN_POINT('',(0.267559851171331,-0.09,0.047400148828669));
#16981=CARTESIAN_POINT('',(0.267559851171331,-0.09,0.));
#16982=CARTESIAN_POINT('',(0.,-0.09,0.));
#16983=CARTESIAN_POINT('',(0.,-0.09,-0.047400148828669));
#16984=CARTESIAN_POINT('',(0.362360148828669,-0.09,-0.047400148828669));
#16985=CARTESIAN_POINT('',(0.346299851171331,-0.09,-0.047400148828669));
#16986=CARTESIAN_POINT('',(0.362360148828669,-0.09,0.));
#16987=CARTESIAN_POINT('',(0.362360148828669,-0.09,-0.031339851171331));
#16988=CARTESIAN_POINT('',(0.,-0.09,-0.031339851171331));
#16989=CARTESIAN_POINT('',(0.346299851171331,-0.09,-0.031339851171331));
#16990=CARTESIAN_POINT('',(0.346299851171331,-0.09,0.));
#16991=CARTESIAN_POINT('',(0.,-0.09,0.));
#16992=CARTESIAN_POINT('',(0.,-0.09,0.031339851171331));
#16993=CARTESIAN_POINT('',(0.362360148828669,-0.09,0.031339851171331));
#16994=CARTESIAN_POINT('',(0.346299851171331,-0.09,0.031339851171331));
#16995=CARTESIAN_POINT('',(0.362360148828669,-0.09,0.));
#16996=CARTESIAN_POINT('',(0.362360148828669,-0.09,0.0474001488286689));
#16997=CARTESIAN_POINT('',(0.,-0.09,0.047400148828669));
#16998=CARTESIAN_POINT('',(0.346299851171331,-0.09,0.047400148828669));
#16999=CARTESIAN_POINT('',(0.346299851171331,-0.09,0.));
#17000=CARTESIAN_POINT('',(0.,-0.09,0.));
#17001=CARTESIAN_POINT('',(0.,-0.09,-0.047400148828669));
#17002=CARTESIAN_POINT('',(-0.346299851171331,-0.09,-0.047400148828669));
#17003=CARTESIAN_POINT('',(-0.362360148828669,-0.09,-0.047400148828669));
#17004=CARTESIAN_POINT('',(-0.346299851171331,-0.09,0.));
#17005=CARTESIAN_POINT('',(-0.346299851171331,-0.09,-0.031339851171331));
#17006=CARTESIAN_POINT('',(0.,-0.09,-0.031339851171331));
#17007=CARTESIAN_POINT('',(-0.362360148828669,-0.09,-0.031339851171331));
#17008=CARTESIAN_POINT('',(-0.362360148828669,-0.09,0.));
#17009=CARTESIAN_POINT('',(-0.35433,-0.112062652581628,0.1575));
#17010=CARTESIAN_POINT('',(-0.36418,-0.085,0.1575));
#17011=CARTESIAN_POINT('',(-0.333712387289981,-0.168709077945465,-0.0187523872899815));
#17012=CARTESIAN_POINT('',(-0.374947612710019,-0.0554162272177913,-0.0187523872899814));
#17013=CARTESIAN_POINT('',(-0.34448,-0.085,0.1575));
#17014=CARTESIAN_POINT('',(-0.366129174071291,-0.144480616910714,-0.0275708259287092));
#17015=CARTESIAN_POINT('',(-0.34448,-0.085,0.1575));
#17016=CARTESIAN_POINT('',(-0.324893948651254,-0.0311877661830408,-0.00993394865125371));
#17017=CARTESIAN_POINT('',(0.35433,-0.112062652581628,0.1575));
#17018=CARTESIAN_POINT('',(0.34448,-0.085,0.1575));
#17019=CARTESIAN_POINT('',(0.366701405442345,-0.146052809681389,0.0517414054423451));
#17020=CARTESIAN_POINT('',(0.341958594557655,-0.0780724954818666,0.0517414054423452));
#17021=CARTESIAN_POINT('',(0.36418,-0.085,0.1575));
#17022=CARTESIAN_POINT('',(0.350777033196383,-0.121824348646639,0.0429229668036175));
#17023=CARTESIAN_POINT('',(0.36418,-0.085,0.1575));
#17024=CARTESIAN_POINT('',(0.375519844081073,-0.0538440344471161,0.0605598440810729));
#17025=CARTESIAN_POINT('',(0.35433,-0.112062652581628,0.1575));
#17026=CARTESIAN_POINT('',(0.34448,-0.085,0.1575));
#17027=CARTESIAN_POINT('',(0.374947612710019,-0.168709077945465,-0.0187523872899815));
#17028=CARTESIAN_POINT('',(0.333712387289981,-0.0554162272177913,-0.0187523872899814));
#17029=CARTESIAN_POINT('',(0.36418,-0.085,0.1575));
#17030=CARTESIAN_POINT('',(0.342530825928709,-0.144480616910714,-0.0275708259287091));
#17031=CARTESIAN_POINT('',(0.36418,-0.085,0.1575));
#17032=CARTESIAN_POINT('',(0.383766051348746,-0.0311877661830408,-0.00993394865125365));
#17033=CARTESIAN_POINT('',(0.27559,-0.112062652581628,0.1575));
#17034=CARTESIAN_POINT('',(0.26574,-0.085,0.1575));
#17035=CARTESIAN_POINT('',(0.287961405442345,-0.146052809681389,0.0517414054423451));
#17036=CARTESIAN_POINT('',(0.263218594557655,-0.0780724954818666,0.0517414054423452));
#17037=CARTESIAN_POINT('',(0.28544,-0.085,0.1575));
#17038=CARTESIAN_POINT('',(0.272037033196383,-0.121824348646639,0.0429229668036175));
#17039=CARTESIAN_POINT('',(0.28544,-0.085,0.1575));
#17040=CARTESIAN_POINT('',(0.296779844081073,-0.0538440344471161,0.0605598440810729));
#17041=CARTESIAN_POINT('',(0.27559,-0.112062652581628,0.1575));
#17042=CARTESIAN_POINT('',(0.26574,-0.085,0.1575));
#17043=CARTESIAN_POINT('',(0.296207612710019,-0.168709077945465,-0.0187523872899815));
#17044=CARTESIAN_POINT('',(0.254972387289981,-0.0554162272177913,-0.0187523872899814));
#17045=CARTESIAN_POINT('',(0.28544,-0.085,0.1575));
#17046=CARTESIAN_POINT('',(0.263790825928709,-0.144480616910714,-0.0275708259287091));
#17047=CARTESIAN_POINT('',(0.28544,-0.085,0.1575));
#17048=CARTESIAN_POINT('',(0.305026051348746,-0.0311877661830408,-0.00993394865125368));
#17049=CARTESIAN_POINT('',(0.19685,-0.112062652581628,0.1575));
#17050=CARTESIAN_POINT('',(0.187,-0.085,0.1575));
#17051=CARTESIAN_POINT('',(0.209221405442345,-0.146052809681389,0.0517414054423451));
#17052=CARTESIAN_POINT('',(0.184478594557655,-0.0780724954818666,0.0517414054423452));
#17053=CARTESIAN_POINT('',(0.2067,-0.085,0.1575));
#17054=CARTESIAN_POINT('',(0.193297033196383,-0.121824348646639,0.0429229668036175));
#17055=CARTESIAN_POINT('',(0.2067,-0.085,0.1575));
#17056=CARTESIAN_POINT('',(0.218039844081073,-0.0538440344471161,0.0605598440810729));
#17057=CARTESIAN_POINT('',(0.19685,-0.112062652581628,0.1575));
#17058=CARTESIAN_POINT('',(0.187,-0.085,0.1575));
#17059=CARTESIAN_POINT('',(0.217467612710019,-0.168709077945465,-0.0187523872899815));
#17060=CARTESIAN_POINT('',(0.176232387289981,-0.0554162272177913,-0.0187523872899814));
#17061=CARTESIAN_POINT('',(0.2067,-0.085,0.1575));
#17062=CARTESIAN_POINT('',(0.185050825928709,-0.144480616910714,-0.0275708259287091));
#17063=CARTESIAN_POINT('',(0.2067,-0.085,0.1575));
#17064=CARTESIAN_POINT('',(0.226286051348746,-0.0311877661830408,-0.00993394865125368));
#17065=CARTESIAN_POINT('',(0.11811,-0.112062652581628,0.1575));
#17066=CARTESIAN_POINT('',(0.10826,-0.085,0.1575));
#17067=CARTESIAN_POINT('',(0.130481405442345,-0.146052809681389,0.0517414054423451));
#17068=CARTESIAN_POINT('',(0.105738594557655,-0.0780724954818666,0.0517414054423452));
#17069=CARTESIAN_POINT('',(0.12796,-0.085,0.1575));
#17070=CARTESIAN_POINT('',(0.114557033196383,-0.121824348646639,0.0429229668036175));
#17071=CARTESIAN_POINT('',(0.12796,-0.085,0.1575));
#17072=CARTESIAN_POINT('',(0.139299844081073,-0.0538440344471161,0.0605598440810729));
#17073=CARTESIAN_POINT('',(0.11811,-0.112062652581628,0.1575));
#17074=CARTESIAN_POINT('',(0.10826,-0.085,0.1575));
#17075=CARTESIAN_POINT('',(0.138727612710019,-0.168709077945465,-0.0187523872899815));
#17076=CARTESIAN_POINT('',(0.0974923872899814,-0.0554162272177913,-0.0187523872899814));
#17077=CARTESIAN_POINT('',(0.12796,-0.085,0.1575));
#17078=CARTESIAN_POINT('',(0.106310825928709,-0.144480616910714,-0.0275708259287091));
#17079=CARTESIAN_POINT('',(0.12796,-0.085,0.1575));
#17080=CARTESIAN_POINT('',(0.147546051348746,-0.0311877661830408,-0.00993394865125368));
#17081=CARTESIAN_POINT('',(0.03937,-0.112062652581628,0.1575));
#17082=CARTESIAN_POINT('',(0.02952,-0.085,0.1575));
#17083=CARTESIAN_POINT('',(0.0517414054423452,-0.146052809681389,0.0517414054423451));
#17084=CARTESIAN_POINT('',(0.0269985945576548,-0.0780724954818666,0.0517414054423452));
#17085=CARTESIAN_POINT('',(0.0492199999999999,-0.085,0.1575));
#17086=CARTESIAN_POINT('',(0.0358170331963825,-0.121824348646639,0.0429229668036175));
#17087=CARTESIAN_POINT('',(0.0492199999999999,-0.085,0.1575));
#17088=CARTESIAN_POINT('',(0.0605598440810727,-0.0538440344471161,0.0605598440810729));
#17089=CARTESIAN_POINT('',(0.03937,-0.112062652581628,0.1575));
#17090=CARTESIAN_POINT('',(0.02952,-0.085,0.1575));
#17091=CARTESIAN_POINT('',(0.0599876127100186,-0.168709077945465,-0.0187523872899815));
#17092=CARTESIAN_POINT('',(0.0187523872899814,-0.0554162272177913,-0.0187523872899814));
#17093=CARTESIAN_POINT('',(0.0492199999999999,-0.085,0.1575));
#17094=CARTESIAN_POINT('',(0.0275708259287092,-0.144480616910714,-0.0275708259287091));
#17095=CARTESIAN_POINT('',(0.0492199999999999,-0.085,0.1575));
#17096=CARTESIAN_POINT('',(0.0688060513487461,-0.0311877661830408,-0.00993394865125365));
#17097=CARTESIAN_POINT('',(-0.03937,-0.112062652581628,0.1575));
#17098=CARTESIAN_POINT('',(-0.04922,-0.085,0.1575));
#17099=CARTESIAN_POINT('',(-0.0269985945576548,-0.146052809681389,0.0517414054423451));
#17100=CARTESIAN_POINT('',(-0.0517414054423452,-0.0780724954818666,0.0517414054423452));
#17101=CARTESIAN_POINT('',(-0.0295200000000001,-0.085,0.1575));
#17102=CARTESIAN_POINT('',(-0.0429229668036175,-0.121824348646639,0.0429229668036175));
#17103=CARTESIAN_POINT('',(-0.0295200000000001,-0.085,0.1575));
#17104=CARTESIAN_POINT('',(-0.0181801559189273,-0.0538440344471161,0.0605598440810729));
#17105=CARTESIAN_POINT('',(-0.03937,-0.112062652581628,0.1575));
#17106=CARTESIAN_POINT('',(-0.04922,-0.085,0.1575));
#17107=CARTESIAN_POINT('',(-0.0187523872899814,-0.168709077945465,-0.0187523872899815));
#17108=CARTESIAN_POINT('',(-0.0599876127100187,-0.0554162272177913,-0.0187523872899814));
#17109=CARTESIAN_POINT('',(-0.0295200000000001,-0.085,0.1575));
#17110=CARTESIAN_POINT('',(-0.0511691740712908,-0.144480616910714,-0.0275708259287092));
#17111=CARTESIAN_POINT('',(-0.0295200000000001,-0.085,0.1575));
#17112=CARTESIAN_POINT('',(-0.00993394865125394,-0.0311877661830408,-0.00993394865125365));
#17113=CARTESIAN_POINT('',(-0.11811,-0.112062652581628,0.1575));
#17114=CARTESIAN_POINT('',(-0.12796,-0.085,0.1575));
#17115=CARTESIAN_POINT('',(-0.105738594557655,-0.146052809681389,0.0517414054423451));
#17116=CARTESIAN_POINT('',(-0.130481405442345,-0.0780724954818666,0.0517414054423452));
#17117=CARTESIAN_POINT('',(-0.10826,-0.085,0.1575));
#17118=CARTESIAN_POINT('',(-0.121662966803617,-0.121824348646639,0.0429229668036175));
#17119=CARTESIAN_POINT('',(-0.10826,-0.085,0.1575));
#17120=CARTESIAN_POINT('',(-0.0969201559189273,-0.0538440344471161,0.0605598440810729));
#17121=CARTESIAN_POINT('',(-0.11811,-0.112062652581628,0.1575));
#17122=CARTESIAN_POINT('',(-0.12796,-0.085,0.1575));
#17123=CARTESIAN_POINT('',(-0.0974923872899814,-0.168709077945465,-0.0187523872899815));
#17124=CARTESIAN_POINT('',(-0.138727612710019,-0.0554162272177913,-0.0187523872899814));
#17125=CARTESIAN_POINT('',(-0.10826,-0.085,0.1575));
#17126=CARTESIAN_POINT('',(-0.129909174071291,-0.144480616910714,-0.0275708259287091));
#17127=CARTESIAN_POINT('',(-0.10826,-0.085,0.1575));
#17128=CARTESIAN_POINT('',(-0.0886739486512539,-0.0311877661830408,-0.00993394865125365));
#17129=CARTESIAN_POINT('',(-0.19685,-0.112062652581628,0.1575));
#17130=CARTESIAN_POINT('',(-0.2067,-0.085,0.1575));
#17131=CARTESIAN_POINT('',(-0.184478594557655,-0.146052809681389,0.0517414054423451));
#17132=CARTESIAN_POINT('',(-0.209221405442345,-0.0780724954818666,0.0517414054423452));
#17133=CARTESIAN_POINT('',(-0.187,-0.085,0.1575));
#17134=CARTESIAN_POINT('',(-0.200402966803617,-0.121824348646639,0.0429229668036175));
#17135=CARTESIAN_POINT('',(-0.187,-0.085,0.1575));
#17136=CARTESIAN_POINT('',(-0.175660155918927,-0.0538440344471161,0.0605598440810729));
#17137=CARTESIAN_POINT('',(-0.19685,-0.112062652581628,0.1575));
#17138=CARTESIAN_POINT('',(-0.2067,-0.085,0.1575));
#17139=CARTESIAN_POINT('',(-0.176232387289981,-0.168709077945465,-0.0187523872899815));
#17140=CARTESIAN_POINT('',(-0.217467612710019,-0.0554162272177913,-0.0187523872899814));
#17141=CARTESIAN_POINT('',(-0.187,-0.085,0.1575));
#17142=CARTESIAN_POINT('',(-0.208649174071291,-0.144480616910714,-0.0275708259287091));
#17143=CARTESIAN_POINT('',(-0.187,-0.085,0.1575));
#17144=CARTESIAN_POINT('',(-0.167413948651254,-0.0311877661830408,-0.00993394865125365));
#17145=CARTESIAN_POINT('',(-0.27559,-0.112062652581628,0.1575));
#17146=CARTESIAN_POINT('',(-0.28544,-0.085,0.1575));
#17147=CARTESIAN_POINT('',(-0.263218594557655,-0.146052809681389,0.0517414054423451));
#17148=CARTESIAN_POINT('',(-0.287961405442345,-0.0780724954818666,0.0517414054423452));
#17149=CARTESIAN_POINT('',(-0.26574,-0.085,0.1575));
#17150=CARTESIAN_POINT('',(-0.279142966803617,-0.121824348646639,0.0429229668036175));
#17151=CARTESIAN_POINT('',(-0.26574,-0.085,0.1575));
#17152=CARTESIAN_POINT('',(-0.254400155918927,-0.0538440344471161,0.0605598440810729));
#17153=CARTESIAN_POINT('',(-0.27559,-0.112062652581628,0.1575));
#17154=CARTESIAN_POINT('',(-0.28544,-0.085,0.1575));
#17155=CARTESIAN_POINT('',(-0.254972387289981,-0.168709077945465,-0.0187523872899815));
#17156=CARTESIAN_POINT('',(-0.296207612710019,-0.0554162272177913,-0.0187523872899814));
#17157=CARTESIAN_POINT('',(-0.26574,-0.085,0.1575));
#17158=CARTESIAN_POINT('',(-0.287389174071291,-0.144480616910714,-0.0275708259287091));
#17159=CARTESIAN_POINT('',(-0.26574,-0.085,0.1575));
#17160=CARTESIAN_POINT('',(-0.246153948651254,-0.0311877661830408,-0.00993394865125365));
#17161=CARTESIAN_POINT('',(-0.35433,-0.112062652581628,0.1575));
#17162=CARTESIAN_POINT('',(-0.36418,-0.085,0.1575));
#17163=CARTESIAN_POINT('',(-0.341958594557655,-0.146052809681389,0.0517414054423451));
#17164=CARTESIAN_POINT('',(-0.366701405442345,-0.0780724954818666,0.0517414054423452));
#17165=CARTESIAN_POINT('',(-0.34448,-0.085,0.1575));
#17166=CARTESIAN_POINT('',(-0.357882966803618,-0.121824348646639,0.0429229668036175));
#17167=CARTESIAN_POINT('',(-0.34448,-0.085,0.1575));
#17168=CARTESIAN_POINT('',(-0.333140155918927,-0.0538440344471161,0.0605598440810729));
#17169=CARTESIAN_POINT('',(0.36418,-0.095,0.04922));
#17170=CARTESIAN_POINT('',(0.36418,0.025,0.04922));
#17171=CARTESIAN_POINT('',(0.36418,-0.095,-0.02952));
#17172=CARTESIAN_POINT('',(0.36418,0.025,-0.02952));
#17173=CARTESIAN_POINT('',(0.28544,-0.095,0.04922));
#17174=CARTESIAN_POINT('',(0.28544,0.025,0.04922));
#17175=CARTESIAN_POINT('',(0.28544,-0.095,-0.02952));
#17176=CARTESIAN_POINT('',(0.28544,0.025,-0.02952));
#17177=CARTESIAN_POINT('',(0.2067,-0.095,0.04922));
#17178=CARTESIAN_POINT('',(0.2067,0.025,0.04922));
#17179=CARTESIAN_POINT('',(0.2067,-0.095,-0.02952));
#17180=CARTESIAN_POINT('',(0.2067,0.025,-0.02952));
#17181=CARTESIAN_POINT('',(0.12796,-0.095,0.04922));
#17182=CARTESIAN_POINT('',(0.12796,0.025,0.04922));
#17183=CARTESIAN_POINT('',(0.12796,-0.095,-0.02952));
#17184=CARTESIAN_POINT('',(0.12796,0.025,-0.02952));
#17185=CARTESIAN_POINT('',(0.04922,-0.095,0.04922));
#17186=CARTESIAN_POINT('',(0.04922,0.025,0.04922));
#17187=CARTESIAN_POINT('',(0.04922,-0.095,-0.02952));
#17188=CARTESIAN_POINT('',(0.04922,0.025,-0.02952));
#17189=CARTESIAN_POINT('',(-0.02952,-0.095,0.04922));
#17190=CARTESIAN_POINT('',(-0.02952,0.025,0.04922));
#17191=CARTESIAN_POINT('',(-0.02952,-0.095,-0.02952));
#17192=CARTESIAN_POINT('',(-0.02952,0.025,-0.02952));
#17193=CARTESIAN_POINT('',(-0.10826,-0.095,0.04922));
#17194=CARTESIAN_POINT('',(-0.10826,0.025,0.04922));
#17195=CARTESIAN_POINT('',(-0.10826,-0.095,-0.02952));
#17196=CARTESIAN_POINT('',(-0.10826,0.025,-0.02952));
#17197=CARTESIAN_POINT('',(-0.187,-0.095,0.04922));
#17198=CARTESIAN_POINT('',(-0.187,0.025,0.04922));
#17199=CARTESIAN_POINT('',(-0.187,-0.095,-0.02952));
#17200=CARTESIAN_POINT('',(-0.187,0.025,-0.02952));
#17201=CARTESIAN_POINT('',(-0.26574,-0.095,0.04922));
#17202=CARTESIAN_POINT('',(-0.26574,0.025,0.04922));
#17203=CARTESIAN_POINT('',(-0.26574,-0.095,-0.02952));
#17204=CARTESIAN_POINT('',(-0.26574,0.025,-0.02952));
#17205=CARTESIAN_POINT('',(-0.34448,-0.095,0.04922));
#17206=CARTESIAN_POINT('',(-0.34448,0.025,0.04922));
#17207=CARTESIAN_POINT('',(-0.34448,-0.095,-0.02952));
#17208=CARTESIAN_POINT('',(-0.34448,0.025,-0.02952));
#17209=CARTESIAN_POINT('',(0.34448,-0.095,0.02952));
#17210=CARTESIAN_POINT('',(0.34448,0.025,0.02952));
#17211=CARTESIAN_POINT('',(0.34448,-0.095,-0.04922));
#17212=CARTESIAN_POINT('',(0.34448,0.025,-0.04922));
#17213=CARTESIAN_POINT('',(0.26574,-0.095,0.02952));
#17214=CARTESIAN_POINT('',(0.26574,0.025,0.02952));
#17215=CARTESIAN_POINT('',(0.26574,-0.095,-0.04922));
#17216=CARTESIAN_POINT('',(0.26574,0.025,-0.04922));
#17217=CARTESIAN_POINT('',(0.187,-0.095,0.02952));
#17218=CARTESIAN_POINT('',(0.187,0.025,0.02952));
#17219=CARTESIAN_POINT('',(0.187,-0.095,-0.04922));
#17220=CARTESIAN_POINT('',(0.187,0.025,-0.04922));
#17221=CARTESIAN_POINT('',(0.10826,-0.095,0.02952));
#17222=CARTESIAN_POINT('',(0.10826,0.025,0.02952));
#17223=CARTESIAN_POINT('',(0.10826,-0.095,-0.04922));
#17224=CARTESIAN_POINT('',(0.10826,0.025,-0.04922));
#17225=CARTESIAN_POINT('',(0.02952,-0.095,0.02952));
#17226=CARTESIAN_POINT('',(0.02952,0.025,0.02952));
#17227=CARTESIAN_POINT('',(0.02952,-0.095,-0.04922));
#17228=CARTESIAN_POINT('',(0.02952,0.025,-0.04922));
#17229=CARTESIAN_POINT('',(-0.04922,-0.095,0.02952));
#17230=CARTESIAN_POINT('',(-0.04922,0.025,0.02952));
#17231=CARTESIAN_POINT('',(-0.04922,-0.095,-0.04922));
#17232=CARTESIAN_POINT('',(-0.04922,0.025,-0.04922));
#17233=CARTESIAN_POINT('',(-0.12796,-0.095,0.02952));
#17234=CARTESIAN_POINT('',(-0.12796,0.025,0.02952));
#17235=CARTESIAN_POINT('',(-0.12796,-0.095,-0.04922));
#17236=CARTESIAN_POINT('',(-0.12796,0.025,-0.04922));
#17237=CARTESIAN_POINT('',(-0.2067,-0.095,0.02952));
#17238=CARTESIAN_POINT('',(-0.2067,0.025,0.02952));
#17239=CARTESIAN_POINT('',(-0.2067,-0.095,-0.04922));
#17240=CARTESIAN_POINT('',(-0.2067,0.025,-0.04922));
#17241=CARTESIAN_POINT('',(-0.28544,-0.095,0.02952));
#17242=CARTESIAN_POINT('',(-0.28544,0.025,0.02952));
#17243=CARTESIAN_POINT('',(-0.28544,-0.095,-0.04922));
#17244=CARTESIAN_POINT('',(-0.28544,0.025,-0.04922));
#17245=CARTESIAN_POINT('',(-0.36418,-0.095,0.02952));
#17246=CARTESIAN_POINT('',(-0.36418,0.025,0.02952));
#17247=CARTESIAN_POINT('',(-0.36418,-0.095,-0.04922));
#17248=CARTESIAN_POINT('',(-0.36418,0.025,-0.04922));
#17249=CARTESIAN_POINT('',(0.3887,0.22,-0.07375));
#17250=CARTESIAN_POINT('',(0.3887,0.03,-0.07375));
#17251=CARTESIAN_POINT('',(0.3887,0.03,-0.07375));
#17252=CARTESIAN_POINT('',(-0.3887,0.03,-0.07375));
#17253=CARTESIAN_POINT('',(0.3887,0.22,-0.07375));
#17254=CARTESIAN_POINT('',(0.3887,0.025,-0.07375));
#17255=CARTESIAN_POINT('',(0.3887,0.025,-0.07375));
#17256=CARTESIAN_POINT('',(-0.3887,0.025,-0.07375));
#17257=CARTESIAN_POINT('',(-0.3887,0.22,-0.07375));
#17258=CARTESIAN_POINT('',(-0.3887,0.22,-0.07375));
#17259=CARTESIAN_POINT('',(-0.3887,0.03,-0.07375));
#17260=CARTESIAN_POINT('',(-0.3887,0.03,0.07375));
#17261=CARTESIAN_POINT('',(-0.3887,0.025,-0.07375));
#17262=CARTESIAN_POINT('',(-0.3887,0.025,0.07375));
#17263=CARTESIAN_POINT('',(-0.3887,0.22,0.07375));
#17264=CARTESIAN_POINT('',(-0.3887,0.22,0.07375));
#17265=CARTESIAN_POINT('',(-0.3887,0.03,0.07375));
#17266=CARTESIAN_POINT('',(0.3887,0.03,0.07375));
#17267=CARTESIAN_POINT('',(-0.3887,0.025,0.07375));
#17268=CARTESIAN_POINT('',(0.3887,0.025,0.07375));
#17269=CARTESIAN_POINT('',(0.3887,0.22,0.07375));
#17270=CARTESIAN_POINT('',(0.3887,0.22,0.07375));
#17271=CARTESIAN_POINT('',(0.3887,0.03,0.07375));
#17272=CARTESIAN_POINT('',(0.3887,0.025,0.07375));
#17273=CARTESIAN_POINT('',(0.,0.025,0.));
#17274=CARTESIAN_POINT('',(0.,0.03,0.));
#17275=CARTESIAN_POINT('',(0.39955,-0.112062652581628,0.03937));
#17276=CARTESIAN_POINT('',(0.39955,-0.085,0.02952));
#17277=CARTESIAN_POINT('',(0.39955,-0.112062652581628,-0.03937));
#17278=CARTESIAN_POINT('',(0.39955,-0.085,-0.04922));
#17279=CARTESIAN_POINT('',(0.39955,-0.112062652581628,0.03937));
#17280=CARTESIAN_POINT('',(0.39955,-0.085,0.02952));
#17281=CARTESIAN_POINT('',(0.39955,-0.112062652581628,-0.03937));
#17282=CARTESIAN_POINT('',(0.39955,-0.085,-0.04922));
#17283=CARTESIAN_POINT('',(0.39955,-0.112062652581628,0.03937));
#17284=CARTESIAN_POINT('',(0.39955,-0.085,0.02952));
#17285=CARTESIAN_POINT('',(0.39955,-0.112062652581628,-0.03937));
#17286=CARTESIAN_POINT('',(0.39955,-0.085,-0.04922));
#17287=CARTESIAN_POINT('',(0.39955,-0.112062652581628,0.03937));
#17288=CARTESIAN_POINT('',(0.39955,-0.085,0.02952));
#17289=CARTESIAN_POINT('',(0.39955,-0.112062652581628,-0.03937));
#17290=CARTESIAN_POINT('',(0.39955,-0.085,-0.04922));
#17291=CARTESIAN_POINT('',(0.39955,-0.112062652581628,0.03937));
#17292=CARTESIAN_POINT('',(0.39955,-0.085,0.02952));
#17293=CARTESIAN_POINT('',(0.39955,-0.112062652581628,-0.03937));
#17294=CARTESIAN_POINT('',(0.39955,-0.085,-0.04922));
#17295=CARTESIAN_POINT('',(0.39955,-0.112062652581628,0.03937));
#17296=CARTESIAN_POINT('',(0.39955,-0.085,0.02952));
#17297=CARTESIAN_POINT('',(0.39955,-0.112062652581628,-0.03937));
#17298=CARTESIAN_POINT('',(0.39955,-0.085,-0.04922));
#17299=CARTESIAN_POINT('',(0.39955,-0.112062652581628,0.03937));
#17300=CARTESIAN_POINT('',(0.39955,-0.085,0.02952));
#17301=CARTESIAN_POINT('',(0.39955,-0.112062652581628,-0.03937));
#17302=CARTESIAN_POINT('',(0.39955,-0.085,-0.04922));
#17303=CARTESIAN_POINT('',(0.39955,-0.112062652581628,0.03937));
#17304=CARTESIAN_POINT('',(0.39955,-0.085,0.02952));
#17305=CARTESIAN_POINT('',(0.39955,-0.112062652581628,-0.03937));
#17306=CARTESIAN_POINT('',(0.39955,-0.085,-0.04922));
#17307=CARTESIAN_POINT('',(0.39955,-0.112062652581628,0.03937));
#17308=CARTESIAN_POINT('',(0.39955,-0.085,0.02952));
#17309=CARTESIAN_POINT('',(0.39955,-0.112062652581628,-0.03937));
#17310=CARTESIAN_POINT('',(0.39955,-0.085,-0.04922));
#17311=CARTESIAN_POINT('',(0.39955,-0.112062652581628,0.03937));
#17312=CARTESIAN_POINT('',(0.39955,-0.085,0.02952));
#17313=CARTESIAN_POINT('',(0.39955,-0.112062652581628,-0.03937));
#17314=CARTESIAN_POINT('',(0.39955,-0.085,-0.04922));
#17315=CARTESIAN_POINT('',(-0.36935695895982,0.0525,0.1575));
#17316=CARTESIAN_POINT('',(-0.36083,0.194660254037844,0.1575));
#17317=CARTESIAN_POINT('',(-0.34783,0.194660254037844,0.1575));
#17318=CARTESIAN_POINT('',(-0.34783,0.194660254037844,0.1575));
#17319=CARTESIAN_POINT('',(-0.35283,0.186,0.1575));
#17320=CARTESIAN_POINT('',(-0.35283,0.186,0.1575));
#17321=CARTESIAN_POINT('',(-0.346837582463606,0.0528371638479057,0.1575));
#17322=CARTESIAN_POINT('',(-0.346837582463606,0.0528371638479057,0.1575));
#17323=CARTESIAN_POINT('',(-0.35433,0.0524999999999999,0.1575));
#17324=CARTESIAN_POINT('',(-0.361822417536394,0.0528371638479057,0.1575));
#17325=CARTESIAN_POINT('',(-0.35583,0.186,0.1575));
#17326=CARTESIAN_POINT('',(-0.35583,0.186,0.1575));
#17327=CARTESIAN_POINT('',(-0.36083,0.194660254037844,0.1575));
#17328=CARTESIAN_POINT('',(-0.36935695895982,0.0525,0.1575));
#17329=CARTESIAN_POINT('',(-0.36083,0.194660254037844,0.1575));
#17330=CARTESIAN_POINT('',(-0.34783,0.194660254037844,0.1575));
#17331=CARTESIAN_POINT('',(-0.34783,0.194660254037844,0.1575));
#17332=CARTESIAN_POINT('',(-0.35283,0.186,0.1575));
#17333=CARTESIAN_POINT('',(-0.35283,0.186,0.1575));
#17334=CARTESIAN_POINT('',(-0.346837582463606,0.0528371638479057,0.1575));
#17335=CARTESIAN_POINT('',(-0.346837582463606,0.0528371638479057,0.1575));
#17336=CARTESIAN_POINT('',(-0.35433,0.0524999999999999,0.1575));
#17337=CARTESIAN_POINT('',(-0.361822417536394,0.0528371638479057,0.1575));
#17338=CARTESIAN_POINT('',(-0.35583,0.186,0.1575));
#17339=CARTESIAN_POINT('',(-0.35583,0.186,0.1575));
#17340=CARTESIAN_POINT('',(-0.36083,0.194660254037844,0.1575));
#17341=CARTESIAN_POINT('',(-0.29061695895982,0.0525,0.1575));
#17342=CARTESIAN_POINT('',(-0.28209,0.194660254037844,0.1575));
#17343=CARTESIAN_POINT('',(-0.26909,0.194660254037844,0.1575));
#17344=CARTESIAN_POINT('',(-0.26909,0.194660254037844,0.1575));
#17345=CARTESIAN_POINT('',(-0.27409,0.186,0.1575));
#17346=CARTESIAN_POINT('',(-0.27409,0.186,0.1575));
#17347=CARTESIAN_POINT('',(-0.268097582463606,0.0528371638479057,0.1575));
#17348=CARTESIAN_POINT('',(-0.268097582463606,0.0528371638479057,0.1575));
#17349=CARTESIAN_POINT('',(-0.27559,0.0524999999999999,0.1575));
#17350=CARTESIAN_POINT('',(-0.283082417536394,0.0528371638479057,0.1575));
#17351=CARTESIAN_POINT('',(-0.27709,0.186,0.1575));
#17352=CARTESIAN_POINT('',(-0.27709,0.186,0.1575));
#17353=CARTESIAN_POINT('',(-0.28209,0.194660254037844,0.1575));
#17354=CARTESIAN_POINT('',(-0.29061695895982,0.0525,0.1575));
#17355=CARTESIAN_POINT('',(-0.28209,0.194660254037844,0.1575));
#17356=CARTESIAN_POINT('',(-0.26909,0.194660254037844,0.1575));
#17357=CARTESIAN_POINT('',(-0.26909,0.194660254037844,0.1575));
#17358=CARTESIAN_POINT('',(-0.27409,0.186,0.1575));
#17359=CARTESIAN_POINT('',(-0.27409,0.186,0.1575));
#17360=CARTESIAN_POINT('',(-0.268097582463606,0.0528371638479057,0.1575));
#17361=CARTESIAN_POINT('',(-0.268097582463606,0.0528371638479057,0.1575));
#17362=CARTESIAN_POINT('',(-0.27559,0.0524999999999999,0.1575));
#17363=CARTESIAN_POINT('',(-0.283082417536394,0.0528371638479057,0.1575));
#17364=CARTESIAN_POINT('',(-0.27709,0.186,0.1575));
#17365=CARTESIAN_POINT('',(-0.27709,0.186,0.1575));
#17366=CARTESIAN_POINT('',(-0.28209,0.194660254037844,0.1575));
#17367=CARTESIAN_POINT('',(-0.21187695895982,0.0525,0.1575));
#17368=CARTESIAN_POINT('',(-0.20335,0.194660254037844,0.1575));
#17369=CARTESIAN_POINT('',(-0.19035,0.194660254037844,0.1575));
#17370=CARTESIAN_POINT('',(-0.19035,0.194660254037844,0.1575));
#17371=CARTESIAN_POINT('',(-0.19535,0.186,0.1575));
#17372=CARTESIAN_POINT('',(-0.19535,0.186,0.1575));
#17373=CARTESIAN_POINT('',(-0.189357582463606,0.0528371638479057,0.1575));
#17374=CARTESIAN_POINT('',(-0.189357582463606,0.0528371638479057,0.1575));
#17375=CARTESIAN_POINT('',(-0.19685,0.0524999999999999,0.1575));
#17376=CARTESIAN_POINT('',(-0.204342417536394,0.0528371638479057,0.1575));
#17377=CARTESIAN_POINT('',(-0.19835,0.186,0.1575));
#17378=CARTESIAN_POINT('',(-0.19835,0.186,0.1575));
#17379=CARTESIAN_POINT('',(-0.20335,0.194660254037844,0.1575));
#17380=CARTESIAN_POINT('',(-0.21187695895982,0.0525,0.1575));
#17381=CARTESIAN_POINT('',(-0.20335,0.194660254037844,0.1575));
#17382=CARTESIAN_POINT('',(-0.19035,0.194660254037844,0.1575));
#17383=CARTESIAN_POINT('',(-0.19035,0.194660254037844,0.1575));
#17384=CARTESIAN_POINT('',(-0.19535,0.186,0.1575));
#17385=CARTESIAN_POINT('',(-0.19535,0.186,0.1575));
#17386=CARTESIAN_POINT('',(-0.189357582463606,0.0528371638479057,0.1575));
#17387=CARTESIAN_POINT('',(-0.189357582463606,0.0528371638479057,0.1575));
#17388=CARTESIAN_POINT('',(-0.19685,0.0524999999999999,0.1575));
#17389=CARTESIAN_POINT('',(-0.204342417536394,0.0528371638479057,0.1575));
#17390=CARTESIAN_POINT('',(-0.19835,0.186,0.1575));
#17391=CARTESIAN_POINT('',(-0.19835,0.186,0.1575));
#17392=CARTESIAN_POINT('',(-0.20335,0.194660254037844,0.1575));
#17393=CARTESIAN_POINT('',(-0.13313695895982,0.0525,0.1575));
#17394=CARTESIAN_POINT('',(-0.12461,0.194660254037844,0.1575));
#17395=CARTESIAN_POINT('',(-0.11161,0.194660254037844,0.1575));
#17396=CARTESIAN_POINT('',(-0.11161,0.194660254037844,0.1575));
#17397=CARTESIAN_POINT('',(-0.11661,0.186,0.1575));
#17398=CARTESIAN_POINT('',(-0.11661,0.186,0.1575));
#17399=CARTESIAN_POINT('',(-0.110617582463606,0.0528371638479057,0.1575));
#17400=CARTESIAN_POINT('',(-0.110617582463606,0.0528371638479057,0.1575));
#17401=CARTESIAN_POINT('',(-0.11811,0.0524999999999999,0.1575));
#17402=CARTESIAN_POINT('',(-0.125602417536394,0.0528371638479057,0.1575));
#17403=CARTESIAN_POINT('',(-0.11961,0.186,0.1575));
#17404=CARTESIAN_POINT('',(-0.11961,0.186,0.1575));
#17405=CARTESIAN_POINT('',(-0.12461,0.194660254037844,0.1575));
#17406=CARTESIAN_POINT('',(-0.13313695895982,0.0525,0.1575));
#17407=CARTESIAN_POINT('',(-0.12461,0.194660254037844,0.1575));
#17408=CARTESIAN_POINT('',(-0.11161,0.194660254037844,0.1575));
#17409=CARTESIAN_POINT('',(-0.11161,0.194660254037844,0.1575));
#17410=CARTESIAN_POINT('',(-0.11661,0.186,0.1575));
#17411=CARTESIAN_POINT('',(-0.11661,0.186,0.1575));
#17412=CARTESIAN_POINT('',(-0.110617582463606,0.0528371638479057,0.1575));
#17413=CARTESIAN_POINT('',(-0.110617582463606,0.0528371638479057,0.1575));
#17414=CARTESIAN_POINT('',(-0.11811,0.0524999999999999,0.1575));
#17415=CARTESIAN_POINT('',(-0.125602417536394,0.0528371638479057,0.1575));
#17416=CARTESIAN_POINT('',(-0.11961,0.186,0.1575));
#17417=CARTESIAN_POINT('',(-0.11961,0.186,0.1575));
#17418=CARTESIAN_POINT('',(-0.12461,0.194660254037844,0.1575));
#17419=CARTESIAN_POINT('',(-0.0543969589598201,0.0525,0.1575));
#17420=CARTESIAN_POINT('',(-0.04587,0.194660254037844,0.1575));
#17421=CARTESIAN_POINT('',(-0.03287,0.194660254037844,0.1575));
#17422=CARTESIAN_POINT('',(-0.03287,0.194660254037844,0.1575));
#17423=CARTESIAN_POINT('',(-0.03787,0.186,0.1575));
#17424=CARTESIAN_POINT('',(-0.03787,0.186,0.1575));
#17425=CARTESIAN_POINT('',(-0.0318775824636059,0.0528371638479057,0.1575));
#17426=CARTESIAN_POINT('',(-0.0318775824636059,0.0528371638479057,0.1575));
#17427=CARTESIAN_POINT('',(-0.03937,0.0524999999999999,0.1575));
#17428=CARTESIAN_POINT('',(-0.0468624175363941,0.0528371638479057,0.1575));
#17429=CARTESIAN_POINT('',(-0.04087,0.186,0.1575));
#17430=CARTESIAN_POINT('',(-0.04087,0.186,0.1575));
#17431=CARTESIAN_POINT('',(-0.04587,0.194660254037844,0.1575));
#17432=CARTESIAN_POINT('',(-0.0543969589598201,0.0525,0.1575));
#17433=CARTESIAN_POINT('',(-0.04587,0.194660254037844,0.1575));
#17434=CARTESIAN_POINT('',(-0.03287,0.194660254037844,0.1575));
#17435=CARTESIAN_POINT('',(-0.03287,0.194660254037844,0.1575));
#17436=CARTESIAN_POINT('',(-0.03787,0.186,0.1575));
#17437=CARTESIAN_POINT('',(-0.03787,0.186,0.1575));
#17438=CARTESIAN_POINT('',(-0.0318775824636059,0.0528371638479057,0.1575));
#17439=CARTESIAN_POINT('',(-0.0318775824636059,0.0528371638479057,0.1575));
#17440=CARTESIAN_POINT('',(-0.03937,0.0524999999999999,0.1575));
#17441=CARTESIAN_POINT('',(-0.0468624175363941,0.0528371638479057,0.1575));
#17442=CARTESIAN_POINT('',(-0.04087,0.186,0.1575));
#17443=CARTESIAN_POINT('',(-0.04087,0.186,0.1575));
#17444=CARTESIAN_POINT('',(-0.04587,0.194660254037844,0.1575));
#17445=CARTESIAN_POINT('',(0.0243430410401799,0.0525,0.1575));
#17446=CARTESIAN_POINT('',(0.03287,0.194660254037844,0.1575));
#17447=CARTESIAN_POINT('',(0.04587,0.194660254037844,0.1575));
#17448=CARTESIAN_POINT('',(0.04587,0.194660254037844,0.1575));
#17449=CARTESIAN_POINT('',(0.04087,0.186,0.1575));
#17450=CARTESIAN_POINT('',(0.04087,0.186,0.1575));
#17451=CARTESIAN_POINT('',(0.0468624175363941,0.0528371638479057,0.1575));
#17452=CARTESIAN_POINT('',(0.0468624175363941,0.0528371638479057,0.1575));
#17453=CARTESIAN_POINT('',(0.03937,0.0524999999999999,0.1575));
#17454=CARTESIAN_POINT('',(0.0318775824636059,0.0528371638479057,0.1575));
#17455=CARTESIAN_POINT('',(0.03787,0.186,0.1575));
#17456=CARTESIAN_POINT('',(0.03787,0.186,0.1575));
#17457=CARTESIAN_POINT('',(0.03287,0.194660254037844,0.1575));
#17458=CARTESIAN_POINT('',(0.0243430410401799,0.0525,0.1575));
#17459=CARTESIAN_POINT('',(0.03287,0.194660254037844,0.1575));
#17460=CARTESIAN_POINT('',(0.04587,0.194660254037844,0.1575));
#17461=CARTESIAN_POINT('',(0.04587,0.194660254037844,0.1575));
#17462=CARTESIAN_POINT('',(0.04087,0.186,0.1575));
#17463=CARTESIAN_POINT('',(0.04087,0.186,0.1575));
#17464=CARTESIAN_POINT('',(0.0468624175363941,0.0528371638479057,0.1575));
#17465=CARTESIAN_POINT('',(0.0468624175363941,0.0528371638479057,0.1575));
#17466=CARTESIAN_POINT('',(0.03937,0.0524999999999999,0.1575));
#17467=CARTESIAN_POINT('',(0.0318775824636059,0.0528371638479057,0.1575));
#17468=CARTESIAN_POINT('',(0.03787,0.186,0.1575));
#17469=CARTESIAN_POINT('',(0.03787,0.186,0.1575));
#17470=CARTESIAN_POINT('',(0.03287,0.194660254037844,0.1575));
#17471=CARTESIAN_POINT('',(0.10308304104018,0.0525,0.1575));
#17472=CARTESIAN_POINT('',(0.11161,0.194660254037844,0.1575));
#17473=CARTESIAN_POINT('',(0.12461,0.194660254037844,0.1575));
#17474=CARTESIAN_POINT('',(0.12461,0.194660254037844,0.1575));
#17475=CARTESIAN_POINT('',(0.11961,0.186,0.1575));
#17476=CARTESIAN_POINT('',(0.11961,0.186,0.1575));
#17477=CARTESIAN_POINT('',(0.125602417536394,0.0528371638479057,0.1575));
#17478=CARTESIAN_POINT('',(0.125602417536394,0.0528371638479057,0.1575));
#17479=CARTESIAN_POINT('',(0.11811,0.0524999999999999,0.1575));
#17480=CARTESIAN_POINT('',(0.110617582463606,0.0528371638479057,0.1575));
#17481=CARTESIAN_POINT('',(0.11661,0.186,0.1575));
#17482=CARTESIAN_POINT('',(0.11661,0.186,0.1575));
#17483=CARTESIAN_POINT('',(0.11161,0.194660254037844,0.1575));
#17484=CARTESIAN_POINT('',(0.10308304104018,0.0525,0.1575));
#17485=CARTESIAN_POINT('',(0.11161,0.194660254037844,0.1575));
#17486=CARTESIAN_POINT('',(0.12461,0.194660254037844,0.1575));
#17487=CARTESIAN_POINT('',(0.12461,0.194660254037844,0.1575));
#17488=CARTESIAN_POINT('',(0.11961,0.186,0.1575));
#17489=CARTESIAN_POINT('',(0.11961,0.186,0.1575));
#17490=CARTESIAN_POINT('',(0.125602417536394,0.0528371638479057,0.1575));
#17491=CARTESIAN_POINT('',(0.125602417536394,0.0528371638479057,0.1575));
#17492=CARTESIAN_POINT('',(0.11811,0.0524999999999999,0.1575));
#17493=CARTESIAN_POINT('',(0.110617582463606,0.0528371638479057,0.1575));
#17494=CARTESIAN_POINT('',(0.11661,0.186,0.1575));
#17495=CARTESIAN_POINT('',(0.11661,0.186,0.1575));
#17496=CARTESIAN_POINT('',(0.11161,0.194660254037844,0.1575));
#17497=CARTESIAN_POINT('',(0.18182304104018,0.0525,0.1575));
#17498=CARTESIAN_POINT('',(0.19035,0.194660254037844,0.1575));
#17499=CARTESIAN_POINT('',(0.20335,0.194660254037844,0.1575));
#17500=CARTESIAN_POINT('',(0.20335,0.194660254037844,0.1575));
#17501=CARTESIAN_POINT('',(0.19835,0.186,0.1575));
#17502=CARTESIAN_POINT('',(0.19835,0.186,0.1575));
#17503=CARTESIAN_POINT('',(0.204342417536394,0.0528371638479057,0.1575));
#17504=CARTESIAN_POINT('',(0.204342417536394,0.0528371638479057,0.1575));
#17505=CARTESIAN_POINT('',(0.19685,0.0524999999999999,0.1575));
#17506=CARTESIAN_POINT('',(0.189357582463606,0.0528371638479057,0.1575));
#17507=CARTESIAN_POINT('',(0.19535,0.186,0.1575));
#17508=CARTESIAN_POINT('',(0.19535,0.186,0.1575));
#17509=CARTESIAN_POINT('',(0.19035,0.194660254037844,0.1575));
#17510=CARTESIAN_POINT('',(0.18182304104018,0.0525,0.1575));
#17511=CARTESIAN_POINT('',(0.19035,0.194660254037844,0.1575));
#17512=CARTESIAN_POINT('',(0.20335,0.194660254037844,0.1575));
#17513=CARTESIAN_POINT('',(0.20335,0.194660254037844,0.1575));
#17514=CARTESIAN_POINT('',(0.19835,0.186,0.1575));
#17515=CARTESIAN_POINT('',(0.19835,0.186,0.1575));
#17516=CARTESIAN_POINT('',(0.204342417536394,0.0528371638479057,0.1575));
#17517=CARTESIAN_POINT('',(0.204342417536394,0.0528371638479057,0.1575));
#17518=CARTESIAN_POINT('',(0.19685,0.0524999999999999,0.1575));
#17519=CARTESIAN_POINT('',(0.189357582463606,0.0528371638479057,0.1575));
#17520=CARTESIAN_POINT('',(0.19535,0.186,0.1575));
#17521=CARTESIAN_POINT('',(0.19535,0.186,0.1575));
#17522=CARTESIAN_POINT('',(0.19035,0.194660254037844,0.1575));
#17523=CARTESIAN_POINT('',(0.26056304104018,0.0525,0.1575));
#17524=CARTESIAN_POINT('',(0.26909,0.194660254037844,0.1575));
#17525=CARTESIAN_POINT('',(0.28209,0.194660254037844,0.1575));
#17526=CARTESIAN_POINT('',(0.28209,0.194660254037844,0.1575));
#17527=CARTESIAN_POINT('',(0.27709,0.186,0.1575));
#17528=CARTESIAN_POINT('',(0.27709,0.186,0.1575));
#17529=CARTESIAN_POINT('',(0.283082417536394,0.0528371638479057,0.1575));
#17530=CARTESIAN_POINT('',(0.283082417536394,0.0528371638479057,0.1575));
#17531=CARTESIAN_POINT('',(0.27559,0.0524999999999999,0.1575));
#17532=CARTESIAN_POINT('',(0.268097582463606,0.0528371638479057,0.1575));
#17533=CARTESIAN_POINT('',(0.27409,0.186,0.1575));
#17534=CARTESIAN_POINT('',(0.27409,0.186,0.1575));
#17535=CARTESIAN_POINT('',(0.26909,0.194660254037844,0.1575));
#17536=CARTESIAN_POINT('',(0.26056304104018,0.0525,0.1575));
#17537=CARTESIAN_POINT('',(0.26909,0.194660254037844,0.1575));
#17538=CARTESIAN_POINT('',(0.28209,0.194660254037844,0.1575));
#17539=CARTESIAN_POINT('',(0.28209,0.194660254037844,0.1575));
#17540=CARTESIAN_POINT('',(0.27709,0.186,0.1575));
#17541=CARTESIAN_POINT('',(0.27709,0.186,0.1575));
#17542=CARTESIAN_POINT('',(0.283082417536394,0.0528371638479057,0.1575));
#17543=CARTESIAN_POINT('',(0.283082417536394,0.0528371638479057,0.1575));
#17544=CARTESIAN_POINT('',(0.27559,0.0524999999999999,0.1575));
#17545=CARTESIAN_POINT('',(0.268097582463606,0.0528371638479057,0.1575));
#17546=CARTESIAN_POINT('',(0.27409,0.186,0.1575));
#17547=CARTESIAN_POINT('',(0.27409,0.186,0.1575));
#17548=CARTESIAN_POINT('',(0.26909,0.194660254037844,0.1575));
#17549=CARTESIAN_POINT('',(0.33930304104018,0.0525,0.1575));
#17550=CARTESIAN_POINT('',(0.34783,0.194660254037844,0.1575));
#17551=CARTESIAN_POINT('',(0.36083,0.194660254037844,0.1575));
#17552=CARTESIAN_POINT('',(0.36083,0.194660254037844,0.1575));
#17553=CARTESIAN_POINT('',(0.35583,0.186,0.1575));
#17554=CARTESIAN_POINT('',(0.35583,0.186,0.1575));
#17555=CARTESIAN_POINT('',(0.361822417536394,0.0528371638479057,0.1575));
#17556=CARTESIAN_POINT('',(0.361822417536394,0.0528371638479057,0.1575));
#17557=CARTESIAN_POINT('',(0.35433,0.0524999999999999,0.1575));
#17558=CARTESIAN_POINT('',(0.346837582463606,0.0528371638479057,0.1575));
#17559=CARTESIAN_POINT('',(0.35283,0.186,0.1575));
#17560=CARTESIAN_POINT('',(0.35283,0.186,0.1575));
#17561=CARTESIAN_POINT('',(0.34783,0.194660254037844,0.1575));
#17562=CARTESIAN_POINT('',(0.34783,0.194660254037844,0.1575));
#17563=CARTESIAN_POINT('',(0.34783,0.194660254037844,0.1575));
#17564=CARTESIAN_POINT('',(0.35283,0.186,0.1575));
#17565=CARTESIAN_POINT('',(0.35283,0.186,0.1575));
#17566=CARTESIAN_POINT('',(0.346837582463606,0.0528371638479057,0.1575));
#17567=CARTESIAN_POINT('',(0.35433,0.0524999999999999,0.1575));
#17568=CARTESIAN_POINT('',(0.361822417536394,0.0528371638479057,0.1575));
#17569=CARTESIAN_POINT('',(0.361822417536394,0.0528371638479057,0.1575));
#17570=CARTESIAN_POINT('',(0.35583,0.186,0.1575));
#17571=CARTESIAN_POINT('',(0.35583,0.186,0.1575));
#17572=CARTESIAN_POINT('',(0.36083,0.194660254037844,0.1575));
#17573=CARTESIAN_POINT('',(0.36083,0.194660254037844,0.1575));
#17574=CARTESIAN_POINT('',(0.33930304104018,0.0525,0.1575));
#17575=CARTESIAN_POINT('',(0.,0.,0.));
#17576=MECHANICAL_DESIGN_GEOMETRIC_PRESENTATION_REPRESENTATION('',(#11061,
#11062),#17577);
#17577=(
GEOMETRIC_REPRESENTATION_CONTEXT(3)
GLOBAL_UNCERTAINTY_ASSIGNED_CONTEXT((#17580))
GLOBAL_UNIT_ASSIGNED_CONTEXT((#17585,#17584,#17583))
REPRESENTATION_CONTEXT('SQT-110-01-L-D','TOP_LEVEL_ASSEMBLY_PART')
);
#17578=(
GEOMETRIC_REPRESENTATION_CONTEXT(3)
GLOBAL_UNCERTAINTY_ASSIGNED_CONTEXT((#17581))
GLOBAL_UNIT_ASSIGNED_CONTEXT((#17585,#17584,#17583))
REPRESENTATION_CONTEXT('S1SQT-110-01-L-D','COMPONENT_PART')
);
#17579=(
GEOMETRIC_REPRESENTATION_CONTEXT(3)
GLOBAL_UNCERTAINTY_ASSIGNED_CONTEXT((#17582))
GLOBAL_UNIT_ASSIGNED_CONTEXT((#17585,#17584,#17583))
REPRESENTATION_CONTEXT('P1SQT-110-01-L-D','COMPONENT_PART')
);
#17580=UNCERTAINTY_MEASURE_WITH_UNIT(LENGTH_MEASURE(0.000196850393700787),
#17585,'DISTANCE_ACCURACY_VALUE','Maximum Tolerance applied to model');
#17581=UNCERTAINTY_MEASURE_WITH_UNIT(LENGTH_MEASURE(0.000196850393700787),
#17585,'DISTANCE_ACCURACY_VALUE','Maximum Tolerance applied to model');
#17582=UNCERTAINTY_MEASURE_WITH_UNIT(LENGTH_MEASURE(0.000196850393700787),
#17585,'DISTANCE_ACCURACY_VALUE','Maximum Tolerance applied to model');
#17583=(
NAMED_UNIT(*)
SI_UNIT($,.STERADIAN.)
SOLID_ANGLE_UNIT()
);
#17584=(
NAMED_UNIT(*)
PLANE_ANGLE_UNIT()
SI_UNIT($,.RADIAN.)
);
#17585=(
CONVERSION_BASED_UNIT('INCH',#17587)
LENGTH_UNIT()
NAMED_UNIT(#17586)
);
#17586=DIMENSIONAL_EXPONENTS(1.,0.,0.,0.,0.,0.,0.);
#17587=LENGTH_MEASURE_WITH_UNIT(LENGTH_MEASURE(25.4),#17588);
#17588=(
LENGTH_UNIT()
NAMED_UNIT(*)
SI_UNIT(.MILLI.,.METRE.)
);
#17589=PRODUCT_DEFINITION_SHAPE('','',#17594);
#17590=PRODUCT_DEFINITION_SHAPE('','',#17595);
#17591=PRODUCT_DEFINITION_SHAPE(' ','NAUO PRDDFN',#81);
#17592=PRODUCT_DEFINITION_SHAPE('','',#17596);
#17593=PRODUCT_DEFINITION_SHAPE(' ','NAUO PRDDFN',#82);
#17594=PRODUCT_DEFINITION('','',#17600,#17597);
#17595=PRODUCT_DEFINITION('','',#17601,#17598);
#17596=PRODUCT_DEFINITION('','',#17602,#17599);
#17597=PRODUCT_DEFINITION_CONTEXT('',#17616,'design');
#17598=PRODUCT_DEFINITION_CONTEXT('',#17616,'design');
#17599=PRODUCT_DEFINITION_CONTEXT('',#17616,'design');
#17600=PRODUCT_DEFINITION_FORMATION_WITH_SPECIFIED_SOURCE('','',#17606,
 .NOT_KNOWN.);
#17601=PRODUCT_DEFINITION_FORMATION_WITH_SPECIFIED_SOURCE('','',#17607,
 .NOT_KNOWN.);
#17602=PRODUCT_DEFINITION_FORMATION_WITH_SPECIFIED_SOURCE('','',#17608,
 .NOT_KNOWN.);
#17603=PRODUCT_RELATED_PRODUCT_CATEGORY('','',(#17606));
#17604=PRODUCT_RELATED_PRODUCT_CATEGORY('','',(#17607));
#17605=PRODUCT_RELATED_PRODUCT_CATEGORY('','',(#17608));
#17606=PRODUCT('SQT-110-01-L-D','SQT-110-01-L-D','SQT-110-01-L-D',(#17612));
#17607=PRODUCT('S1SQT-110-01-L-D','S1SQT-110-01-L-D','S1SQT-110-01-L-D',
(#17613));
#17608=PRODUCT('P1SQT-110-01-L-D','P1SQT-110-01-L-D','P1SQT-110-01-L-D',
(#17614));
#17609=PRODUCT_CATEGORY('','');
#17610=PRODUCT_CATEGORY('','');
#17611=PRODUCT_CATEGORY('','');
#17612=PRODUCT_CONTEXT('',#17616,'mechanical');
#17613=PRODUCT_CONTEXT('',#17616,'mechanical');
#17614=PRODUCT_CONTEXT('',#17616,'mechanical');
#17615=APPLICATION_PROTOCOL_DEFINITION('international standard',
'automotive_design',2010,#17616);
#17616=APPLICATION_CONTEXT(
'core data for automotive mechanical design processes');
ENDSEC;
END-ISO-10303-21;
